{
    "type": "Topology",
    "objects": {
        "collection": {
            "type": "GeometryCollection",
            "geometries": [
                {
                    "type": "Polygon",
                    "arcs": [
                        [
                            0
                        ]
                    ]
                }
            ]
        }
    },
    "arcs": [
        [
            [
                4692,
                9999
            ],
            [
                -23,
                -95
            ],
            [
                0,
                -142
            ],
            [
                -68,
                -47
            ],
            [
                -68,
                -119
            ],
            [
                -23,
                -48
            ],
            [
                68,
                -190
            ],
            [
                23,
                -167
            ],
            [
                23,
                -214
            ],
            [
                -69,
                -168
            ],
            [
                -136,
                -167
            ],
            [
                -46,
                -288
            ],
            [
                -91,
                -434
            ],
            [
                -91,
                -193
            ],
            [
                -23,
                -169
            ],
            [
                -137,
                -146
            ],
            [
                -113,
                -121
            ],
            [
                68,
                -194
            ],
            [
                23,
                -243
            ],
            [
                -69,
                0
            ],
            [
                -182,
                146
            ],
            [
                -68,
                194
            ],
            [
                -114,
                97
            ],
            [
                -91,
                -194
            ],
            [
                -46,
                -243
            ],
            [
                0,
                -171
            ],
            [
                137,
                -195
            ],
            [
                159,
                -172
            ],
            [
                91,
                -24
            ],
            [
                0,
                -221
            ],
            [
                -159,
                -73
            ],
            [
                -342,
                -295
            ],
            [
                -113,
                -197
            ],
            [
                -388,
                -247
            ],
            [
                -319,
                -74
            ],
            [
                -615,
                -124
            ],
            [
                -182,
                0
            ],
            [
                -228,
                -24
            ],
            [
                -159,
                99
            ],
            [
                -205,
                148
            ],
            [
                -182,
                173
            ],
            [
                -228,
                197
            ],
            [
                -159,
                172
            ],
            [
                -251,
                49
            ],
            [
                -114,
                25
            ],
            [
                -114,
                -99
            ],
            [
                -68,
                -49
            ],
            [
                0,
                -172
            ],
            [
                46,
                -222
            ],
            [
                68,
                -124
            ],
            [
                23,
                -148
            ],
            [
                45,
                -173
            ],
            [
                69,
                -273
            ],
            [
                0,
                -99
            ],
            [
                -114,
                0
            ],
            [
                68,
                -149
            ],
            [
                23,
                -125
            ],
            [
                136,
                100
            ],
            [
                46,
                -75
            ],
            [
                91,
                -75
            ],
            [
                228,
                -74
            ],
            [
                319,
                -100
            ],
            [
                227,
                -100
            ],
            [
                183,
                -175
            ],
            [
                364,
                -200
            ],
            [
                273,
                -150
            ],
            [
                570,
                -365
            ],
            [
                455,
                -251
            ],
            [
                456,
                -202
            ],
            [
                455,
                -253
            ],
            [
                183,
                -101
            ],
            [
                45,
                -355
            ],
            [
                410,
                -406
            ],
            [
                410,
                -357
            ],
            [
                365,
                -358
            ],
            [
                319,
                -359
            ],
            [
                318,
                -257
            ],
            [
                365,
                -51
            ],
            [
                729,
                -52
            ],
            [
                410,
                0
            ],
            [
                273,
                -51
            ],
            [
                228,
                103
            ],
            [
                182,
                411
            ],
            [
                91,
                358
            ],
            [
                137,
                256
            ],
            [
                273,
                204
            ],
            [
                456,
                0
            ],
            [
                227,
                -51
            ],
            [
                365,
                -102
            ],
            [
                182,
                -153
            ],
            [
                0,
                306
            ],
            [
                -182,
                204
            ],
            [
                -137,
                101
            ],
            [
                -182,
                204
            ],
            [
                0,
                759
            ],
            [
                -319,
                0
            ],
            [
                0,
                504
            ],
            [
                137,
                501
            ],
            [
                -137,
                201
            ],
            [
                -137,
                199
            ],
            [
                -45,
                250
            ],
            [
                -182,
                248
            ],
            [
                -183,
                50
            ],
            [
                -455,
                397
            ],
            [
                -410,
                198
            ],
            [
                -228,
                198
            ],
            [
                46,
                246
            ],
            [
                -91,
                197
            ],
            [
                -228,
                147
            ],
            [
                -46,
                197
            ],
            [
                -182,
                147
            ],
            [
                -182,
                195
            ],
            [
                -182,
                147
            ],
            [
                -365,
                -293
            ],
            [
                46,
                -294
            ],
            [
                136,
                98
            ],
            [
                0,
                196
            ],
            [
                -45,
                146
            ],
            [
                91,
                244
            ],
            [
                45,
                293
            ],
            [
                -45,
                291
            ],
            [
                -182,
                194
            ],
            [
                -182,
                97
            ],
            [
                -228,
                145
            ],
            [
                -319,
                0
            ],
            [
                -46,
                242
            ],
            [
                -136,
                -97
            ],
            [
                -137,
                193
            ],
            [
                -319,
                0
            ],
            [
                -137,
                -290
            ],
            [
                46,
                -338
            ],
            [
                137,
                -437
            ],
            [
                182,
                -146
            ],
            [
                182,
                48
            ],
            [
                91,
                98
            ],
            [
                46,
                194
            ],
            [
                -46,
                340
            ],
            [
                -91,
                193
            ],
            [
                -137,
                482
            ],
            [
                -136,
                193
            ],
            [
                -137,
                192
            ],
            [
                -91,
                287
            ],
            [
                91,
                191
            ],
            [
                46,
                238
            ],
            [
                136,
                191
            ],
            [
                -45,
                237
            ],
            [
                -182,
                142
            ],
            [
                -137,
                48
            ],
            [
                -114,
                59
            ]
        ]
    ],
    "bbox": [
        38.84765625,
        29.094577077511826,
        48.49365234375,
        36.55377524336089
    ],
    "transform": {
        "scale": [
            0.0009646960789828983,
            0.0007459944160265091
        ],
        "translate": [
            38.84765625,
            29.094577077511826
        ]
    }
}