{
    "type": "Topology",
    "objects": {
        "collection": {
            "type": "GeometryCollection",
            "geometries": [
                {
                    "type": "Polygon",
                    "arcs": [
                        [
                            0
                        ]
                    ]
                },
                {
                    "type": "Polygon",
                    "arcs": [
                        [
                            1
                        ]
                    ]
                },
                {
                    "type": "Polygon",
                    "arcs": [
                        [
                            2
                        ]
                    ]
                },
                {
                    "type": "Polygon",
                    "arcs": [
                        [
                            3
                        ]
                    ]
                },
                {
                    "type": "Polygon",
                    "arcs": [
                        [
                            4
                        ]
                    ]
                },
                {
                    "type": "Polygon",
                    "arcs": [
                        [
                            5
                        ]
                    ]
                },
                {
                    "type": "Polygon",
                    "arcs": [
                        [
                            6
                        ]
                    ]
                },
                {
                    "type": "Polygon",
                    "arcs": [
                        [
                            7
                        ]
                    ]
                },
                {
                    "type": "Polygon",
                    "arcs": [
                        [
                            8
                        ]
                    ]
                }
            ]
        }
    },
    "arcs": [
        [
            [
                0,
                1753
            ],
            [
                115,
                387
            ],
            [
                173,
                242
            ],
            [
                201,
                194
            ],
            [
                144,
                -49
            ],
            [
                86,
                -145
            ],
            [
                0,
                -145
            ],
            [
                -144,
                -194
            ],
            [
                -115,
                -145
            ],
            [
                -86,
                -145
            ],
            [
                0,
                -243
            ],
            [
                -86,
                -146
            ],
            [
                -144,
                97
            ],
            [
                -115,
                195
            ],
            [
                -29,
                97
            ]
        ],
        [
            [
                58,
                927
            ],
            [
                86,
                194
            ],
            [
                115,
                -48
            ],
            [
                0,
                -146
            ],
            [
                -29,
                -146
            ],
            [
                -115,
                -49
            ],
            [
                -57,
                195
            ]
        ],
        [
            [
                288,
                3781
            ],
            [
                57,
                -193
            ],
            [
                86,
                -144
            ],
            [
                116,
                -96
            ],
            [
                143,
                144
            ],
            [
                173,
                -48
            ],
            [
                201,
                -96
            ],
            [
                202,
                -97
            ],
            [
                201,
                -48
            ],
            [
                288,
                48
            ],
            [
                201,
                145
            ],
            [
                144,
                0
            ],
            [
                57,
                529
            ],
            [
                173,
                96
            ],
            [
                201,
                96
            ],
            [
                0,
                288
            ],
            [
                58,
                191
            ],
            [
                144,
                48
            ],
            [
                345,
                96
            ],
            [
                517,
                -96
            ],
            [
                461,
                0
            ],
            [
                460,
                192
            ],
            [
                460,
                191
            ],
            [
                230,
                -191
            ],
            [
                173,
                -383
            ],
            [
                -58,
                -384
            ],
            [
                -115,
                -673
            ],
            [
                -460,
                -482
            ],
            [
                -230,
                -677
            ],
            [
                -58,
                -776
            ],
            [
                -287,
                -680
            ],
            [
                -58,
                -586
            ],
            [
                173,
                -97
            ],
            [
                345,
                -98
            ],
            [
                288,
                98
            ],
            [
                0,
                390
            ],
            [
                0,
                585
            ],
            [
                57,
                388
            ],
            [
                173,
                389
            ],
            [
                115,
                387
            ],
            [
                172,
                580
            ],
            [
                173,
                579
            ],
            [
                173,
                481
            ],
            [
                230,
                576
            ],
            [
                417,
                23
            ],
            [
                201,
                -239
            ],
            [
                58,
                -192
            ],
            [
                172,
                288
            ],
            [
                -86,
                287
            ],
            [
                -144,
                239
            ],
            [
                -173,
                240
            ],
            [
                -172,
                47
            ],
            [
                -432,
                48
            ],
            [
                -374,
                96
            ],
            [
                -86,
                47
            ],
            [
                0,
                477
            ],
            [
                -201,
                238
            ],
            [
                -58,
                285
            ],
            [
                87,
                333
            ],
            [
                201,
                331
            ],
            [
                230,
                95
            ],
            [
                201,
                378
            ],
            [
                144,
                237
            ],
            [
                288,
                424
            ],
            [
                29,
                282
            ],
            [
                -115,
                423
            ],
            [
                230,
                235
            ],
            [
                86,
                -376
            ],
            [
                86,
                -423
            ],
            [
                58,
                -424
            ],
            [
                -86,
                -567
            ],
            [
                -116,
                -426
            ],
            [
                -143,
                -474
            ],
            [
                -115,
                -428
            ],
            [
                -29,
                -238
            ],
            [
                -58,
                -334
            ],
            [
                -57,
                -191
            ],
            [
                -115,
                143
            ],
            [
                57,
                334
            ],
            [
                58,
                238
            ],
            [
                86,
                381
            ],
            [
                173,
                474
            ],
            [
                -230,
                -94
            ],
            [
                -202,
                -95
            ],
            [
                -201,
                -190
            ],
            [
                -173,
                -285
            ],
            [
                -144,
                -96
            ],
            [
                -115,
                48
            ],
            [
                87,
                238
            ],
            [
                143,
                95
            ],
            [
                116,
                142
            ],
            [
                230,
                190
            ],
            [
                201,
                190
            ],
            [
                173,
                142
            ],
            [
                143,
                47
            ],
            [
                -28,
                237
            ],
            [
                57,
                425
            ],
            [
                -172,
                -189
            ],
            [
                -231,
                -189
            ],
            [
                -431,
                -95
            ],
            [
                -230,
                -94
            ],
            [
                -201,
                47
            ],
            [
                -115,
                -189
            ],
            [
                -173,
                -379
            ],
            [
                -173,
                142
            ],
            [
                -172,
                142
            ],
            [
                -115,
                426
            ],
            [
                -144,
                47
            ],
            [
                -144,
                189
            ],
            [
                -115,
                236
            ],
            [
                -129,
                259
            ],
            [
                0,
                659
            ],
            [
                -403,
                188
            ],
            [
                -58,
                375
            ],
            [
                -517,
                -94
            ],
            [
                -346,
                -375
            ],
            [
                -287,
                375
            ],
            [
                -230,
                -188
            ],
            [
                -115,
                -375
            ],
            [
                0,
                -282
            ],
            [
                345,
                0
            ],
            [
                345,
                0
            ],
            [
                -115,
                -660
            ],
            [
                -230,
                -189
            ],
            [
                -288,
                0
            ],
            [
                -230,
                -94
            ],
            [
                -345,
                -189
            ],
            [
                57,
                -237
            ],
            [
                0,
                -237
            ],
            [
                432,
                95
            ],
            [
                288,
                47
            ],
            [
                345,
                0
            ],
            [
                316,
                95
            ],
            [
                230,
                0
            ],
            [
                144,
                47
            ],
            [
                58,
                -379
            ],
            [
                28,
                -284
            ],
            [
                87,
                237
            ],
            [
                172,
                237
            ],
            [
                -115,
                189
            ],
            [
                -57,
                332
            ],
            [
                -115,
                283
            ],
            [
                86,
                142
            ],
            [
                0,
                282
            ],
            [
                -144,
                -47
            ],
            [
                201,
                471
            ],
            [
                144,
                -141
            ],
            [
                173,
                -94
            ],
            [
                29,
                -283
            ],
            [
                28,
                -283
            ],
            [
                29,
                -472
            ],
            [
                0,
                -332
            ],
            [
                -29,
                -379
            ],
            [
                144,
                285
            ],
            [
                0,
                520
            ],
            [
                115,
                142
            ],
            [
                173,
                -520
            ],
            [
                -58,
                -332
            ],
            [
                -115,
                -190
            ],
            [
                -345,
                -428
            ],
            [
                -201,
                -190
            ],
            [
                172,
                -381
            ],
            [
                173,
                238
            ],
            [
                115,
                190
            ],
            [
                259,
                238
            ],
            [
                316,
                380
            ],
            [
                86,
                -285
            ],
            [
                -230,
                -333
            ],
            [
                -460,
                -285
            ],
            [
                -144,
                -191
            ],
            [
                -259,
                -239
            ],
            [
                -115,
                -48
            ],
            [
                -316,
                48
            ],
            [
                -115,
                191
            ],
            [
                -115,
                143
            ],
            [
                -144,
                -95
            ],
            [
                -144,
                0
            ],
            [
                -172,
                48
            ],
            [
                -202,
                0
            ],
            [
                317,
                333
            ],
            [
                460,
                95
            ],
            [
                575,
                48
            ],
            [
                -86,
                333
            ],
            [
                -259,
                -190
            ],
            [
                -374,
                47
            ],
            [
                -115,
                95
            ],
            [
                -230,
                96
            ],
            [
                -144,
                47
            ],
            [
                -201,
                -143
            ],
            [
                -115,
                -142
            ],
            [
                144,
                -191
            ],
            [
                57,
                -285
            ],
            [
                29,
                -382
            ],
            [
                0,
                -287
            ],
            [
                -86,
                -191
            ],
            [
                -259,
                -192
            ],
            [
                -432,
                -143
            ],
            [
                -345,
                0
            ],
            [
                -259,
                -48
            ],
            [
                -259,
                -192
            ],
            [
                -86,
                -144
            ],
            [
                -144,
                -96
            ],
            [
                -57,
                -144
            ]
        ],
        [
            [
                6910,
                9180
            ],
            [
                -14,
                211
            ],
            [
                86,
                24
            ],
            [
                29,
                -141
            ],
            [
                0,
                -70
            ],
            [
                -57,
                -47
            ],
            [
                -44,
                23
            ]
        ],
        [
            [
                7141,
                9812
            ],
            [
                86,
                -187
            ],
            [
                57,
                -257
            ],
            [
                15,
                -446
            ],
            [
                43,
                -187
            ],
            [
                173,
                -306
            ],
            [
                201,
                -94
            ],
            [
                129,
                165
            ],
            [
                -115,
                164
            ],
            [
                -100,
                258
            ],
            [
                -15,
                165
            ],
            [
                -29,
                187
            ],
            [
                -100,
                304
            ],
            [
                -72,
                164
            ],
            [
                -72,
                210
            ],
            [
                -101,
                47
            ],
            [
                -86,
                0
            ],
            [
                -14,
                -187
            ]
        ],
        [
            [
                7399,
                9952
            ],
            [
                144,
                -46
            ],
            [
                173,
                -24
            ],
            [
                158,
                24
            ],
            [
                201,
                0
            ],
            [
                115,
                -211
            ],
            [
                130,
                94
            ],
            [
                14,
                -328
            ],
            [
                -57,
                -234
            ],
            [
                -115,
                0
            ],
            [
                28,
                -211
            ],
            [
                -129,
                -94
            ],
            [
                -86,
                118
            ],
            [
                -43,
                164
            ],
            [
                -72,
                257
            ],
            [
                -72,
                0
            ],
            [
                -130,
                211
            ],
            [
                -72,
                -23
            ],
            [
                -100,
                46
            ],
            [
                0,
                117
            ],
            [
                -87,
                140
            ]
        ],
        [
            [
                9266,
                7445
            ],
            [
                237,
                -177
            ],
            [
                108,
                11
            ],
            [
                93,
                -82
            ],
            [
                72,
                -142
            ],
            [
                72,
                -119
            ],
            [
                86,
                -450
            ],
            [
                29,
                -178
            ],
            [
                36,
                -155
            ],
            [
                -108,
                -190
            ],
            [
                -14,
                -95
            ],
            [
                -7,
                -250
            ],
            [
                -87,
                -203
            ],
            [
                -108,
                48
            ],
            [
                -179,
                274
            ],
            [
                -191,
                -137
            ],
            [
                -144,
                285
            ],
            [
                -57,
                333
            ],
            [
                -317,
                428
            ],
            [
                0,
                426
            ],
            [
                -143,
                284
            ],
            [
                -58,
                142
            ],
            [
                403,
                0
            ],
            [
                201,
                -94
            ],
            [
                76,
                41
            ]
        ],
        [
            [
                9075,
                1073
            ],
            [
                -173,
                486
            ],
            [
                -402,
                242
            ],
            [
                -230,
                291
            ],
            [
                28,
                -291
            ],
            [
                29,
                -242
            ],
            [
                345,
                -292
            ],
            [
                259,
                -340
            ],
            [
                230,
                -98
            ],
            [
                -29,
                195
            ],
            [
                -57,
                49
            ]
        ],
        [
            [
                8953,
                5242
            ],
            [
                -130,
                48
            ],
            [
                -72,
                -335
            ],
            [
                115,
                -24
            ],
            [
                72,
                144
            ],
            [
                -14,
                119
            ],
            [
                29,
                48
            ]
        ]
    ],
    "bbox": [
        36.97998046874999,
        32.879587173066305,
        44.61822509765625,
        36.6551995018735
    ],
    "transform": {
        "scale": [
            0.0007639008529759233,
            0.0003775989927799972
        ],
        "translate": [
            36.97998046874999,
            32.879587173066305
        ]
    }
}