{
    "type": "Topology",
    "objects": {
        "collection": {
            "type": "GeometryCollection",
            "geometries": [
                {
                    "type": "Polygon",
                    "arcs": [
                        [
                            0
                        ]
                    ]
                },
                {
                    "type": "Polygon",
                    "arcs": [
                        [
                            1
                        ]
                    ]
                }
            ]
        }
    },
    "arcs": [
        [
            [
                9078,
                0
            ],
            [
                22,
                215
            ],
            [
                90,
                322
            ],
            [
                23,
                268
            ],
            [
                -68,
                214
            ],
            [
                -90,
                214
            ],
            [
                90,
                214
            ],
            [
                68,
                427
            ],
            [
                67,
                -107
            ],
            [
                90,
                -53
            ],
            [
                0,
                266
            ],
            [
                -90,
                267
            ],
            [
                90,
                319
            ],
            [
                112,
                53
            ],
            [
                45,
                213
            ],
            [
                0,
                265
            ],
            [
                90,
                106
            ],
            [
                90,
                -106
            ],
            [
                90,
                106
            ],
            [
                22,
                212
            ],
            [
                23,
                265
            ],
            [
                -90,
                212
            ],
            [
                -23,
                211
            ],
            [
                -67,
                264
            ],
            [
                -23,
                317
            ],
            [
                23,
                263
            ],
            [
                67,
                106
            ],
            [
                180,
                105
            ],
            [
                90,
                158
            ],
            [
                -90,
                210
            ],
            [
                -135,
                -53
            ],
            [
                -179,
                53
            ],
            [
                -135,
                -53
            ],
            [
                -90,
                53
            ],
            [
                -135,
                262
            ],
            [
                -112,
                105
            ],
            [
                -90,
                0
            ],
            [
                -68,
                105
            ],
            [
                45,
                210
            ],
            [
                -45,
                261
            ],
            [
                -45,
                209
            ],
            [
                0,
                209
            ],
            [
                -22,
                209
            ],
            [
                -67,
                157
            ],
            [
                -113,
                -105
            ],
            [
                -90,
                365
            ],
            [
                0,
                208
            ],
            [
                45,
                312
            ],
            [
                -135,
                312
            ],
            [
                -67,
                -52
            ],
            [
                23,
                259
            ],
            [
                44,
                311
            ],
            [
                -112,
                207
            ],
            [
                -22,
                258
            ],
            [
                -113,
                104
            ],
            [
                -135,
                -155
            ],
            [
                -179,
                -259
            ],
            [
                -90,
                -207
            ],
            [
                -68,
                207
            ],
            [
                -22,
                259
            ],
            [
                67,
                103
            ],
            [
                0,
                207
            ],
            [
                -89,
                206
            ],
            [
                -158,
                51
            ],
            [
                -135,
                -257
            ],
            [
                -112,
                -104
            ],
            [
                -157,
                0
            ],
            [
                -158,
                104
            ],
            [
                -67,
                154
            ],
            [
                -202,
                103
            ],
            [
                -113,
                103
            ],
            [
                -157,
                -51
            ],
            [
                -112,
                103
            ],
            [
                -157,
                -309
            ],
            [
                -158,
                -362
            ],
            [
                -135,
                -51
            ],
            [
                -67,
                206
            ],
            [
                -90,
                310
            ],
            [
                -90,
                0
            ],
            [
                -90,
                -310
            ],
            [
                -224,
                -206
            ],
            [
                -158,
                -104
            ],
            [
                -157,
                -103
            ],
            [
                -180,
                103
            ],
            [
                -157,
                -51
            ],
            [
                -247,
                155
            ],
            [
                -225,
                -52
            ],
            [
                -292,
                -310
            ],
            [
                -202,
                -363
            ],
            [
                -180,
                -52
            ],
            [
                -225,
                -259
            ],
            [
                -224,
                -208
            ],
            [
                -270,
                -104
            ],
            [
                -67,
                52
            ],
            [
                -180,
                -104
            ],
            [
                -157,
                156
            ],
            [
                -203,
                -52
            ],
            [
                -112,
                156
            ],
            [
                -135,
                208
            ],
            [
                -112,
                207
            ],
            [
                -157,
                104
            ],
            [
                -180,
                -156
            ],
            [
                -135,
                0
            ],
            [
                67,
                -259
            ],
            [
                45,
                -260
            ],
            [
                68,
                -364
            ],
            [
                112,
                -104
            ],
            [
                90,
                -208
            ],
            [
                67,
                -365
            ],
            [
                90,
                -209
            ],
            [
                45,
                156
            ],
            [
                113,
                261
            ],
            [
                112,
                -261
            ],
            [
                67,
                -156
            ],
            [
                90,
                0
            ],
            [
                68,
                209
            ],
            [
                134,
                52
            ],
            [
                158,
                52
            ],
            [
                90,
                -52
            ],
            [
                157,
                52
            ],
            [
                90,
                0
            ],
            [
                90,
                -209
            ],
            [
                90,
                -157
            ],
            [
                89,
                -104
            ],
            [
                90,
                -52
            ],
            [
                45,
                -210
            ],
            [
                90,
                105
            ],
            [
                135,
                157
            ],
            [
                112,
                261
            ],
            [
                113,
                -209
            ],
            [
                134,
                -209
            ],
            [
                90,
                -209
            ],
            [
                90,
                -315
            ],
            [
                68,
                -367
            ],
            [
                90,
                -421
            ],
            [
                -23,
                -316
            ],
            [
                135,
                53
            ],
            [
                135,
                53
            ],
            [
                112,
                52
            ],
            [
                180,
                158
            ],
            [
                112,
                316
            ],
            [
                202,
                367
            ],
            [
                0,
                210
            ],
            [
                -45,
                367
            ],
            [
                45,
                313
            ],
            [
                90,
                209
            ],
            [
                158,
                0
            ],
            [
                89,
                157
            ],
            [
                113,
                157
            ],
            [
                90,
                260
            ],
            [
                134,
                0
            ],
            [
                45,
                104
            ],
            [
                -22,
                260
            ],
            [
                112,
                104
            ],
            [
                135,
                -104
            ],
            [
                180,
                0
            ],
            [
                202,
                -52
            ],
            [
                135,
                0
            ],
            [
                135,
                -52
            ],
            [
                90,
                -104
            ],
            [
                157,
                -208
            ],
            [
                157,
                -261
            ],
            [
                225,
                -313
            ],
            [
                -45,
                -313
            ],
            [
                -90,
                -262
            ],
            [
                -67,
                -472
            ],
            [
                -45,
                -210
            ],
            [
                -23,
                -368
            ],
            [
                68,
                -157
            ],
            [
                202,
                0
            ],
            [
                112,
                -53
            ],
            [
                225,
                0
            ],
            [
                90,
                -211
            ],
            [
                135,
                -316
            ],
            [
                134,
                -370
            ],
            [
                90,
                -582
            ],
            [
                -135,
                -265
            ],
            [
                -22,
                -212
            ],
            [
                -112,
                -265
            ],
            [
                22,
                -160
            ],
            [
                112,
                -106
            ],
            [
                270,
                -213
            ],
            [
                112,
                -106
            ],
            [
                158,
                53
            ],
            [
                90,
                -267
            ],
            [
                0,
                -320
            ],
            [
                45,
                -427
            ],
            [
                -45,
                -589
            ],
            [
                0,
                -375
            ],
            [
                134,
                -162
            ],
            [
                90,
                -107
            ],
            [
                68,
                0
            ]
        ],
        [
            [
                112,
                6783
            ],
            [
                -90,
                365
            ],
            [
                -22,
                365
            ],
            [
                67,
                468
            ],
            [
                23,
                260
            ],
            [
                67,
                104
            ],
            [
                135,
                -52
            ],
            [
                68,
                -52
            ],
            [
                89,
                -156
            ],
            [
                0,
                -260
            ],
            [
                -45,
                -208
            ],
            [
                -44,
                -260
            ],
            [
                0,
                -313
            ],
            [
                -23,
                -104
            ],
            [
                -90,
                -53
            ],
            [
                -45,
                -104
            ],
            [
                -90,
                0
            ]
        ]
    ],
    "bbox": [
        36.5625,
        33.988918483762156,
        46.34033203125,
        37.37888785004527
    ],
    "transform": {
        "scale": [
            0.0009778809912241223,
            0.0003390308397122824
        ],
        "translate": [
            36.5625,
            33.988918483762156
        ]
    }
}