{"type":"Topology","objects":{"SyriaGov":{"type":"GeometryCollection","bbox":[35.61393928500007,32.31644249000004,42.385042191000025,37.31913948000005],"geometries":[{"type":"Polygon","properties":{"Gov":"Damascus","TotalDeath":9747},"id":"SY01","arcs":[[0]]},{"type":"Polygon","properties":{"Gov":"Aleppo","TotalDeath":31257},"id":"SY02","arcs":[[1,2,3,4]]},{"type":"Polygon","properties":{"Gov":"Rural Damascus","TotalDeath":34813},"id":"SY03","arcs":[[5,6,7,8,9,10],[-1]]},{"type":"Polygon","properties":{"Gov":"Homs","TotalDeath":17993},"id":"SY04","arcs":[[11,12,-11,13,14,15,16]]},{"type":"Polygon","properties":{"Gov":"Hama","TotalDeath":9867},"id":"SY05","arcs":[[-3,17,-16,18,19,20]]},{"type":"Polygon","properties":{"Gov":"Lattakia","TotalDeath":1511},"id":"SY06","arcs":[[21,-20,22,23]]},{"type":"Polygon","properties":{"Gov":"Idleb","TotalDeath":16699},"id":"SY07","arcs":[[-21,-22,24,-4]]},{"type":"Polygon","properties":{"Gov":"Al-Hasakeh","TotalDeath":1693},"id":"SY08","arcs":[[25,26,27]]},{"type":"Polygon","properties":{"Gov":"Deir-ez-Zor","TotalDeath":9696},"id":"SY09","arcs":[[28,-12,29,-26]]},{"type":"MultiPolygon","properties":{"Gov":"Tartous","TotalDeath":555},"id":"SY10","arcs":[[[30]],[[-19,-15,31,-23]]]},{"type":"Polygon","properties":{"Gov":"Ar-Raqqa","TotalDeath":2655},"id":"SY11","arcs":[[-27,-30,-17,-18,-2,32]]},{"type":"Polygon","properties":{"Gov":"Dar'a","TotalDeath":14227},"id":"SY12","arcs":[[33,34,35,36,37,-8]]},{"type":"Polygon","properties":{"Gov":"As-Sweida","TotalDeath":106},"id":"SY13","arcs":[[38,-36,34,-34,-7]]},{"type":"Polygon","properties":{"Gov":"Quneitra","TotalDeath":1069},"id":"SY14","arcs":[[-38,39,-9]]}]}},"arcs":[[[883,2442],[1,2],[1,-1],[1,-1],[0,-2],[1,0],[0,-1],[1,1],[1,0],[1,1],[1,0],[0,-1],[1,1],[0,1],[1,0],[1,0],[1,0],[1,1],[2,1],[1,1],[1,1],[-2,2],[0,1],[1,1],[0,1],[0,1],[0,2],[1,1],[0,1],[0,-1],[1,0],[1,0],[1,0],[1,1],[0,1],[1,1],[1,0],[1,0],[1,-1],[2,-2],[1,0],[0,-1],[0,-1],[1,-2],[0,-1],[0,-1],[6,5],[2,1],[3,3],[2,-1],[1,0],[0,1],[1,0],[0,1],[0,1],[1,0],[1,0],[1,0],[1,0],[1,0],[0,1],[1,0],[1,0],[1,0],[0,1],[1,1],[2,1],[2,2],[1,0],[4,2],[10,6],[3,1],[2,1],[3,2],[6,3],[1,-1],[1,-1],[0,-1],[1,0],[0,-1],[1,0],[1,0],[1,0],[0,1],[1,0],[0,1],[0,1],[1,0],[0,1],[1,1],[1,0],[0,1],[1,2],[0,1],[1,2],[1,1],[1,1],[0,1],[1,2],[1,-1],[2,0],[1,-1],[1,-1],[1,0],[1,1],[1,1],[2,1],[0,1],[1,0],[1,-1],[22,2],[18,1],[-1,0],[-2,2],[0,1],[0,1],[1,1],[0,1],[1,0],[1,1],[0,1],[-1,0],[-1,1],[0,1],[1,0],[1,0],[0,1],[1,1],[1,0],[1,0],[1,0],[0,-1],[1,0],[1,0],[0,1],[1,0],[1,1],[1,0],[1,0],[0,-1],[1,0],[-1,-1],[0,-1],[-1,-1],[0,-1],[-1,-1],[0,1],[-1,0],[0,-1],[1,0],[0,-1],[1,0],[1,1],[1,0],[0,1],[1,0],[1,0],[0,-1],[1,-1],[1,0],[0,-1],[1,-1],[1,0],[0,-1],[0,-1],[-1,0],[0,-1],[-1,0],[0,-1],[0,-1],[0,-1],[-1,0],[1,0],[1,0],[1,0],[1,0],[1,-1],[1,0],[0,2],[2,1],[0,-1],[0,-1],[1,0],[0,-1],[2,1],[2,1],[1,0],[0,-2],[1,-2],[0,-2],[1,-1],[0,-2],[0,-2],[0,-1],[1,0],[1,0],[1,0],[1,1],[1,0],[1,0],[1,0],[0,-1],[1,0],[1,0],[1,0],[1,0],[1,0],[0,-1],[1,0],[1,0],[1,0],[1,0],[1,0],[1,0],[0,-1],[0,1],[1,0],[1,0],[1,0],[1,0],[1,0],[0,-1],[1,0],[1,-1],[1,0],[0,-1],[1,0],[1,-1],[0,1],[1,0],[1,0],[0,-1],[-1,0],[0,-1],[0,-1],[0,-1],[0,-1],[-1,-3],[0,-1],[-1,-3],[0,-4],[-1,-4],[0,-1],[-1,-1],[0,-3],[-1,-2],[-1,-2],[-1,-3],[-1,-4],[-1,-1],[0,-1],[-1,-2],[-1,-2],[-1,-4],[-1,-4],[-3,-7],[-1,-3],[0,-2],[2,1],[2,0],[2,1],[1,-1],[1,-2],[0,-1],[0,1],[1,0],[0,-1],[0,-2],[-1,0],[1,-1],[0,-1],[0,-1],[0,-1],[1,-1],[0,-1],[-1,0],[-1,0],[-1,0],[0,-1],[0,-1],[-2,-1],[-5,-1],[-1,0],[-2,0],[-1,0],[-1,0],[-1,0],[-2,-9],[-2,-3],[0,-1],[-1,-3],[0,-1],[-2,-4],[0,-2],[-1,-2],[0,-1],[-1,0],[0,-1],[0,-1],[0,-1],[-1,0],[0,-1],[0,-1],[0,-1],[0,-1],[-1,-1],[0,-1],[0,-1],[-1,-2],[-1,-2],[0,-1],[0,-1],[0,-1],[-1,-2],[-1,-2],[0,-1],[-1,0],[-1,-1],[0,-1],[-1,-1],[0,-1],[0,-1],[0,-1],[0,-1],[-1,-1],[0,-1],[0,-1],[0,-1],[1,-1],[-1,0],[0,1],[-1,0],[0,1],[-1,0],[-1,0],[-1,0],[0,1],[-1,0],[0,-1],[0,-1],[0,-1],[1,0],[0,-1],[0,-2],[1,-3],[-1,0],[-1,0],[-2,0],[-1,0],[-1,-1],[-1,0],[0,-1],[-1,0],[-3,0],[0,-1],[0,-3],[0,-1],[0,-3],[-2,0],[-1,0],[-1,0],[0,-1],[0,-1],[1,-1],[0,-2],[3,0],[1,1],[2,-1],[0,1],[1,-1],[2,0],[0,-1],[0,-2],[0,-2],[0,-2],[0,-1],[-2,-1],[0,1],[-1,0],[0,-1],[-2,0],[-1,0],[0,-1],[0,-1],[1,-1],[0,-1],[0,-1],[0,-1],[0,-1],[1,-2],[-1,0],[-1,0],[0,1],[-2,1],[-2,2],[-2,1],[1,-1],[1,-1],[1,-1],[-1,-4],[0,-4],[-1,-5],[0,-1],[0,-1],[-1,-2],[-4,-1],[-1,1],[-2,3],[-2,4],[-1,0],[-4,-1],[-1,6],[-5,-1],[-1,1],[-1,1],[0,-1],[-1,0],[0,-1],[-1,0],[-2,-4],[1,-1],[1,-1],[1,0],[0,-1],[1,-1],[0,-1],[0,-1],[1,0],[0,-1],[0,-1],[-1,1],[0,1],[-1,0],[-1,0],[-1,0],[-1,0],[-1,-1],[-1,0],[-1,0],[-1,-1],[-1,0],[0,-1],[-1,0],[-1,0],[-1,-1],[-1,0],[-1,0],[-1,0],[-1,0],[0,-1],[-1,0],[0,-1],[-2,0],[-1,0],[0,-1],[-1,0],[-1,0],[-1,0],[-1,1],[0,1],[1,1],[0,1],[0,1],[-1,0],[0,1],[-1,0],[-1,0],[-1,0],[0,1],[-1,0],[0,1],[0,1],[-1,1],[-1,1],[0,1],[-1,1],[0,2],[2,7],[1,4],[0,3],[1,2],[-1,0],[0,1],[-1,1],[0,1],[-1,0],[-2,-2],[-1,0],[0,-1],[-2,-2],[-2,-3],[-1,-2],[-1,-1],[0,-1],[-1,0],[-2,-1],[-1,0],[-3,-1],[-1,0],[-1,0],[-1,2],[-6,3],[-1,1],[-3,1],[-1,1],[-3,1],[-2,1],[-2,1],[-2,1],[-4,2],[-2,1],[-1,0],[0,1],[-1,1],[-1,1],[-1,1],[0,1],[-1,1],[-1,1],[0,1],[-1,0],[-1,-1],[-1,-1],[-1,0],[-1,0],[-2,-1],[-1,-1],[0,-4],[0,-1],[-2,0],[-1,1],[-1,-1],[-1,0],[-5,-3],[1,-1],[0,-1],[-3,-3],[-2,1],[-1,1],[-1,0],[-1,0],[-2,-1],[0,-1],[-1,0],[1,0],[1,-3],[-6,-4],[-3,6],[-2,2],[-6,-4],[-5,0],[-3,-1],[-3,-1],[-1,2],[1,3],[-1,2],[-1,1],[1,1],[0,1],[1,0],[0,1],[0,1],[1,0],[0,1],[0,2],[1,1],[0,2],[1,0],[1,2],[-1,0],[0,2],[-1,1],[-1,2],[-1,2],[-1,2],[-1,3],[-1,1],[7,0],[1,1],[-2,51],[-1,8],[-9,-1],[-5,-1],[0,3],[0,1],[-1,7],[0,1],[-1,2],[-1,7],[1,1],[6,6],[1,0],[4,2],[-1,0],[-2,1],[0,1],[0,1],[1,1],[-1,0],[1,1],[0,1],[0,1],[0,1],[1,1],[1,0],[1,1],[1,0],[4,1],[1,1],[1,2],[1,1],[0,1],[1,1]],[[4475,8901],[-14,-2],[-1,-14],[4,-13],[4,-7],[0,-4],[7,-7],[-12,-26],[4,-8],[10,-11],[6,-13],[22,-3],[12,-63],[-3,-4],[-2,-2],[-1,-3],[-10,-6],[-2,-2],[-58,-18],[-8,16],[-39,5],[-7,1],[-4,-15],[-3,-11],[3,-5],[16,-33],[-6,-25],[10,-39],[42,-16],[2,1],[13,9],[0,20],[0,33],[-8,13],[46,18],[5,2],[6,-26],[2,-5],[11,1],[29,20],[10,4],[3,1],[1,1],[6,-3],[-1,-7],[0,-2],[2,-9],[3,3],[4,4],[1,0],[5,-2],[2,-4],[-1,-2],[-7,-7],[-10,1],[-7,1],[-9,-27],[-4,-12],[2,-10],[-25,-65],[-4,-10],[-1,-1],[-4,-32],[14,-15],[2,-18],[-25,-29],[-6,-19],[-14,-41],[5,-33],[7,-3],[24,-7],[-9,-35],[-21,-9],[-6,-18],[16,-21],[0,-30],[-11,-4],[0,-1],[0,-1],[0,-1],[0,-1],[0,-1],[-1,-1],[0,-1],[0,-1],[-1,0],[0,-1],[0,-1],[-1,0],[0,-1],[-1,0],[0,-1],[-1,0],[0,-1],[-1,0],[-1,0],[0,-1],[-1,0],[-1,0],[0,-1],[-1,0],[-1,0],[-1,0],[-1,0],[-1,0],[-1,0],[-1,0],[0,1],[-1,0],[-4,1],[-3,-4],[3,-11],[-3,-5],[-7,-5],[-1,-5],[6,-5],[2,-9],[0,-15],[-7,-21],[5,-5],[6,-2],[6,-41],[-10,-7],[2,-5],[7,-5],[-12,-23],[13,-30],[-29,-19],[6,-43],[-34,-14],[-36,-24],[-15,-11],[-3,5],[-1,55],[-35,5],[-12,-19],[-1,-40],[-7,0],[-8,-27],[4,-2],[8,2],[4,-3],[7,-10],[4,-6],[2,-12],[14,1],[0,-4],[-9,-3],[-7,-17],[-5,-3],[-5,-4],[-19,-21],[-14,-4],[-8,0],[-2,35],[-1,16],[0,1],[0,1],[0,1],[0,1],[0,1],[-1,0],[0,1],[0,1],[0,1],[-1,1],[0,1],[-1,0],[0,1],[0,1],[-1,0],[0,1],[-1,0],[0,1],[-1,0],[0,1],[-1,0],[-1,1],[-1,0],[-1,1],[-1,0],[-1,0],[-1,0],[-1,0],[-1,0],[-1,0],[-1,0],[-1,0],[-1,0],[-1,0],[-1,0],[-1,0],[-1,0],[-1,0],[-1,0],[-1,0],[-1,0],[-1,0],[-1,0],[-1,0],[-1,0],[-1,0],[0,1],[-1,0],[-1,0],[-1,0],[0,1],[-1,0],[-1,0],[-1,1],[-1,0],[-1,1],[-3,1],[-17,-7],[-49,-12],[-19,-8],[-9,-9],[3,-4],[8,-14],[0,-1],[1,0],[0,-1],[0,-1],[0,-1],[0,-1],[0,-1],[0,-1],[1,0],[0,-1],[0,-1],[0,-1],[1,0],[0,-1],[0,-1],[1,0],[0,-1],[0,-1],[1,0],[0,-1],[0,-1],[1,0],[0,-1],[1,0],[0,-1],[1,0],[0,-1],[0,-1],[1,0],[0,-1],[1,0],[0,-1],[1,0],[1,0],[0,-1],[1,0],[0,-1],[1,0],[0,-1],[1,0],[1,0],[0,-1],[1,0],[0,-1],[1,0],[0,-1],[1,0],[0,-1],[1,-1],[0,-1],[1,0],[0,-1],[1,-1],[0,-1],[1,-1],[0,-1],[0,-1],[1,0],[0,-1],[0,-1],[0,-1],[0,-1],[1,0],[0,-1],[0,-1],[0,-1],[0,-1],[0,-1],[1,-14],[-7,-56],[-23,-2],[-13,-4],[0,1],[-1,0],[-1,1],[-1,0],[0,1],[-1,0],[-1,1],[-1,0],[0,1],[-1,0],[-1,0],[0,1],[-1,0],[-1,0],[0,1],[-1,0],[-1,0],[0,1],[-1,0],[-1,0],[0,1],[-1,0],[-1,0],[-1,1],[-1,0],[-1,0],[-1,0],[0,1],[-1,0],[-1,0],[-1,0],[-1,0],[0,1],[-1,0],[-1,0],[-1,0],[-1,0],[-1,0],[-1,0],[-1,0],[0,1],[-1,0],[-1,0],[-1,0],[-1,0],[-1,0],[-1,0],[0,1],[-1,0],[-1,0],[0,1],[-1,0],[0,1],[-1,0],[0,1],[-1,0],[0,1],[0,1],[0,1],[-1,0],[0,1],[0,1],[0,1],[0,1],[0,1],[0,1],[0,1],[-1,0],[0,1],[0,1],[0,1],[0,1],[0,1],[0,1],[1,0],[0,1],[0,1],[0,1],[0,1],[0,1],[0,1],[0,1],[1,0],[0,1],[0,1],[0,1],[0,1],[1,0],[0,1],[0,1],[0,1],[0,1],[0,1],[0,1],[0,1],[0,1],[0,1],[0,1],[0,1],[-1,0],[0,1],[0,1],[0,1],[-1,0],[0,1],[0,1],[-1,0],[0,1],[-1,1],[0,1],[-1,0],[0,1],[-1,0],[0,1],[-1,0],[0,1],[-1,0],[0,1],[-1,0],[0,1],[0,1],[0,1],[1,0],[0,1],[1,0],[1,0],[0,1],[1,0],[1,0],[0,1],[1,0],[0,1],[1,0],[0,1],[0,1],[1,0],[0,1],[0,1],[0,1],[0,1],[0,1],[0,1],[-1,0],[0,1],[0,1],[-1,0],[0,1],[-1,0],[0,1],[-1,0],[0,1],[-1,0],[-1,0],[-1,0],[-1,0],[-1,0],[-1,0],[0,1],[-1,0],[-1,0],[-1,0],[-1,0],[-1,0],[-1,0],[-1,1],[-1,0],[-1,0],[-1,0],[-1,0],[0,1],[-1,0],[-1,0],[-1,0],[0,1],[-1,0],[-1,0],[-1,0],[-1,1],[-1,0],[-1,0],[0,1],[-1,0],[-1,0],[-1,1],[-1,0],[-1,0],[0,1],[-1,0],[-1,0],[0,1],[-1,0],[-1,0],[0,1],[-1,0],[-1,1],[-1,0],[-1,1],[-1,0],[0,1],[-1,0],[-1,0],[0,1],[-1,0],[0,1],[-1,0],[-1,1],[-1,0],[0,1],[-1,0],[-1,1],[-1,0],[0,1],[-1,1],[-1,0],[0,1],[-1,0],[0,1],[-1,0],[0,1],[-1,1],[-1,0],[0,1],[-1,0],[-1,0],[0,1],[-1,0],[-1,0],[-1,0],[-1,0],[-1,0],[0,-1],[-1,0],[0,1],[-1,0],[-1,1],[-1,0],[0,1],[-1,0],[0,1],[-1,0],[0,1],[-1,0],[0,1],[-1,0],[0,1],[-1,1],[0,1],[-1,0],[0,1],[0,1],[-1,0],[0,1],[0,1],[-1,1],[0,1],[0,1],[0,1],[-1,1],[0,1],[0,1],[0,1],[0,1],[0,1],[0,1],[0,1],[0,1],[0,1],[1,0],[0,1],[0,1],[0,1],[0,1],[1,0],[0,1],[0,1],[1,1],[3,5],[-2,14],[5,3],[-1,16],[10,2],[7,12],[5,23],[-12,16],[-7,0],[-10,10],[-5,15],[-23,-3],[-2,-7],[-1,0],[0,-1],[-1,0],[-1,0],[0,-1],[-1,0],[-1,0],[-1,0],[0,-1],[-1,0],[-1,0],[0,-1],[-1,0],[-1,0],[-1,0],[0,-1],[-1,0],[-1,0],[-1,0],[0,-1],[-1,0],[-1,0],[-1,0],[-1,-1],[-1,0],[-1,0],[-1,0],[0,-1],[-1,0],[-1,0],[-1,0],[-1,0],[-1,0],[-1,0],[-1,-1],[-1,0],[-1,0],[-1,0],[-1,0],[-1,0],[-1,0],[-1,0],[-1,0],[-1,-1],[-1,0],[-1,0],[-1,0],[-1,0],[-1,0],[-1,0],[-1,0],[-1,0],[-1,0],[-1,0],[-1,0],[-1,0],[-1,0],[-1,0],[-1,0],[-1,0],[-1,0],[-1,0],[-1,0],[-1,0],[-1,0],[-1,1],[-1,0],[-1,0],[-1,0],[-1,0],[-1,0],[-1,0],[-1,0],[-1,0],[-1,0],[-1,1],[-1,0],[-1,0],[-1,0],[-1,0],[-1,0],[-1,1],[-1,0],[-1,0],[-1,0],[-1,0],[-1,1],[-1,0],[-1,0],[-1,0],[-1,1],[-1,0],[-1,0],[-1,0],[-1,1],[-1,0],[-1,0],[-1,0],[-1,1],[-1,0],[-1,0],[-1,1],[-1,0],[-1,0],[0,1],[-1,0],[-1,0],[-1,0],[-1,1],[-1,0],[-1,1],[-1,0],[-1,0],[-1,1],[-18,6],[-12,0],[-7,-7],[-7,6],[-1,0],[0,1],[-1,0],[-1,0],[-1,0],[-1,0],[-1,-1],[-1,0],[-1,-1],[-1,0],[0,-1],[0,-1],[-1,0],[0,-1],[-1,-1],[0,-1],[0,-1],[0,-1],[-1,-1],[0,-1],[0,-1],[-1,0],[0,-1],[0,-1],[-1,0],[0,-1],[-1,0],[0,-1],[-1,-1],[0,-1],[-1,0],[0,-1],[-1,0],[-1,0],[0,-1],[-1,0],[0,-1],[-1,0],[-1,0],[-1,-1],[-1,0],[-1,0],[-1,0],[-1,0],[-1,0],[-1,0],[-1,-1],[-1,0],[-1,0],[0,-1],[-1,0],[-1,0],[0,-1],[-1,0],[-1,0],[0,-1],[-1,0],[-1,0],[0,-1],[-1,0],[-1,-1],[-1,0],[0,-1],[-1,0],[-1,-1],[-1,0],[0,-1],[-1,0],[0,-1],[-1,0],[-1,-1],[-1,-1],[-1,0],[0,-1],[-1,0],[0,-1],[-3,-3],[-4,2],[-7,-5],[0,-5],[-6,-3],[-33,-2],[-9,-6],[-1,-5],[4,-24],[-3,-5],[4,-14],[-4,-12],[-28,-29],[-5,-40],[-4,-21],[0,-1],[-1,0],[0,-1],[0,-1],[-1,0],[0,-1],[-1,0],[0,-1],[-1,0],[0,-1],[-1,0],[-1,0],[0,-1],[-1,0],[-1,0],[-1,0],[-24,-5],[-12,-43],[1,-4],[1,-3],[0,-5],[-3,-5],[-4,-5],[0,-1],[-1,0],[0,-1],[-1,-1],[0,-1],[0,-1],[0,-1],[0,-1],[0,-1],[0,-1],[0,-1],[1,-1],[0,-1],[1,0],[0,-1],[0,-1],[9,-20],[1,-10],[9,-12],[18,-20],[-1,-5],[-11,-21],[-1,-1],[-1,0],[0,-1],[-1,0],[-1,0],[0,-1],[-1,0],[-1,0],[-1,0],[-1,0],[-1,0],[0,-1],[-1,0],[-1,1],[-1,0],[-1,0],[-1,0],[-1,0],[-1,1],[-1,0],[-1,0],[0,1],[-1,0],[-13,17],[-3,3],[-9,1],[-4,-4],[-2,-11],[-1,-1],[0,-1],[0,-1],[0,-1],[0,-1],[0,-1],[1,0],[0,-1],[0,-1],[0,-1],[0,-1],[1,0],[0,-1],[0,-1],[1,-1],[0,-1],[1,0],[0,-1],[0,-1],[1,0],[0,-1],[1,0],[0,-1],[1,0],[0,-1],[1,0],[1,0],[0,-1],[1,0],[0,-1],[1,0],[1,0],[0,-1],[1,0],[0,-1],[1,0],[1,-1],[1,0],[0,-1],[1,0],[0,-1],[1,0],[1,0],[0,-1],[1,0],[1,-1],[1,0],[0,-1],[1,0],[1,0],[0,-1],[1,0],[1,0],[0,-1],[1,0],[1,0],[0,-1],[1,0],[1,0],[1,0],[0,-1],[9,-5],[3,-7],[18,-20],[9,-15],[-7,-12],[-7,-10],[7,-40],[0,-1],[1,-1],[0,-1],[0,-1],[1,0],[0,-1],[1,0],[0,-1],[0,-1],[1,0],[0,-1],[1,-1],[1,-1],[1,-1],[1,0],[0,-1],[1,0],[0,-1],[1,0],[0,-1],[1,0],[1,-1],[1,0],[0,-1],[1,0],[1,0],[1,-1],[1,0],[1,0],[0,-1],[1,0],[1,0],[1,0],[1,0],[1,0],[1,0],[1,0],[1,0],[1,0],[1,0],[1,0],[0,-1],[1,0],[1,0],[1,0],[0,-1],[1,0],[1,0],[0,-1],[1,0],[0,-1],[1,0],[0,-1],[1,0],[0,-1],[1,0],[0,-1],[1,0],[0,-1],[1,0],[0,-1],[0,-1],[1,0],[0,-1],[0,-1],[0,-1],[1,0],[0,-1],[0,-1],[0,-1],[0,-1],[1,0],[0,-1],[0,-1],[1,0],[0,-1],[0,-1],[1,0],[0,-1],[1,0],[0,-1],[1,-1],[1,-1],[1,0],[0,-1],[1,0],[1,-1],[1,0],[1,0],[0,-1],[1,0],[1,0],[1,0],[1,0],[1,0],[1,0],[1,0],[1,0],[1,0],[1,0],[1,0],[1,0],[1,0],[1,0],[0,-1],[1,0],[1,0],[0,-1],[1,0],[1,0],[0,-1],[1,0],[0,-1],[1,0],[0,-1],[1,0],[4,-7],[1,-6],[-2,-14],[0,-1],[0,-1],[0,-1],[0,-1],[0,-1],[1,0],[0,-1],[1,0],[1,0],[1,0],[1,0],[1,0],[0,1],[1,0],[0,1],[1,0],[1,0],[1,0],[1,0],[1,0],[0,-1],[1,0],[0,-1],[0,-1],[1,0],[0,-1],[0,-1],[-1,0],[0,-1],[3,-11],[-1,-10],[-3,-17],[5,-11],[13,2],[0,1],[1,0],[1,0],[1,0],[1,0],[1,0],[1,0],[1,0],[1,0],[0,-1],[1,0],[1,0],[1,-1],[1,0],[0,-1],[1,0],[0,-1],[1,0],[0,-1],[1,0],[0,-1],[1,0],[1,0],[0,-1],[1,0],[1,0],[0,-1],[1,0],[1,0],[1,0],[1,0],[1,0],[3,1],[14,-15],[-26,-29],[-38,-50],[-32,-51],[-8,-34],[-22,-53],[15,-6],[3,13],[34,-4],[4,5],[28,-2],[-40,-88],[36,-12],[-18,-109],[7,-4],[2,-11],[35,-12],[0,-2],[1,-1],[0,-1],[1,-1],[0,-1],[1,-2],[1,-1],[0,-1],[1,-1],[0,-2],[1,-1],[0,-1],[1,-1],[0,-2],[1,-1],[0,-1],[0,-2],[1,-1],[0,-1],[1,-1],[0,-2],[0,-1],[1,-1],[0,-2],[1,-1],[0,-1],[0,-2],[1,-1],[0,-1],[0,-2],[0,-1],[1,-1],[0,-2],[0,-1],[0,-1],[1,-2],[0,-1],[0,-1],[0,-2],[1,-1],[0,-1],[0,-2],[0,-1],[0,-2],[0,-1],[1,-1],[0,-2],[0,-1],[0,-1],[0,-2],[0,-1],[0,-2],[0,-1],[0,-1],[0,-2],[0,-1],[0,-1],[0,-2],[0,-1],[0,-2],[0,-1],[0,-1],[0,-2],[0,-1],[0,-1],[0,-2],[0,-1],[0,-2],[-1,-1],[0,-1],[0,-2],[0,-1],[0,-1],[0,-2],[0,-1],[-1,-1],[0,-2],[0,-1],[0,-1],[-1,-2],[0,-1],[0,-2],[0,-1],[-1,-1],[0,-2],[0,-1],[-1,-1],[0,-2],[0,-1],[-1,-1],[0,-1],[0,-2],[-1,-1],[0,-1],[-1,-2],[0,-1],[0,-1],[-1,-2],[0,-1],[26,-72],[-5,-20],[69,-30],[3,11],[0,1],[1,0],[0,1],[1,0],[0,1],[1,0],[0,1],[1,0],[1,0],[0,1],[1,0],[1,0],[1,0],[1,0],[1,0],[1,0],[1,0],[1,0],[0,-1],[1,0],[1,0],[0,-1],[1,0],[0,-1],[1,0],[0,-1],[1,0],[0,-1],[0,-1],[1,0],[0,-1],[0,-1],[0,-1],[1,0],[0,-1],[0,-1],[-3,-25],[53,-27],[-5,-79],[-14,-26],[-16,-19],[-51,-123],[106,-98]],[[3991,6154],[-134,-29],[-74,8],[-70,24],[-118,40],[-26,7],[-97,23],[-3,1],[-34,4],[-95,11],[-73,4],[-27,2],[-33,75],[-79,0],[1,-35],[-41,-1],[-110,-2],[-46,-1],[-35,6],[-48,7],[-30,5],[-36,6],[2,4],[-1,5],[0,5],[-2,5],[0,3],[0,1],[-1,10],[-1,5],[-1,8],[1,4],[-1,2],[-2,4],[-2,5],[-2,6],[-2,5],[-2,4],[-2,5],[-2,5],[-2,5],[-3,3],[-3,3],[-4,3],[-3,4],[-4,3],[-3,3],[-7,6],[-3,4],[-4,3],[-3,3],[-2,2],[-3,2],[-3,3],[-4,3],[-3,3],[-3,4],[-4,3],[-3,3],[-4,2],[-4,1],[-2,1],[-3,1],[-3,2],[-5,2],[-4,2],[-5,1],[-4,2],[-4,2],[-50,-39],[2,-8],[1,-47],[-26,14],[-2,-1],[-4,-3],[-3,-1],[-3,-2],[-4,-2],[-3,-1],[-4,-2],[-3,-2],[-2,-1],[-4,-2],[-2,3],[-2,2],[-2,2],[-2,2],[-2,2],[-2,3],[-2,2],[-2,2],[-2,-2],[-2,-2],[-2,-2],[-3,-2],[-2,0],[-1,1],[-1,3],[-1,3],[-1,1],[-2,2],[-2,3],[-2,1],[-2,2],[-2,2],[-2,3],[-2,2],[-3,1],[3,2],[4,1],[2,2],[3,1],[1,1],[1,2],[0,4],[0,3],[1,4],[0,4],[0,4],[1,3],[0,1],[0,3],[-4,0],[-3,0],[-3,-1],[-3,0],[-4,0],[-3,-1],[-3,-1],[-4,0],[-4,-1],[-2,3],[-3,1],[2,3],[-1,4],[0,4],[-3,-1],[-4,-2],[-3,-3],[-3,-3],[-4,-3],[-3,-2],[-5,-1],[0,-5],[-1,-4],[0,-5],[-4,0],[-4,1],[-4,0],[-4,0],[-5,0],[-3,-1],[-5,-2],[-4,-2],[-4,2],[-4,2],[-7,2],[-3,4],[-2,5],[-2,5],[-2,7],[-1,4],[-1,6],[-1,5],[-1,3],[-2,3],[-3,4],[-4,5],[-2,3],[-6,-1],[-5,-1],[-4,-1],[-4,-1],[0,-4],[-1,-4],[0,-5],[-1,-4],[-1,-4],[0,-5],[-6,-3],[-24,4]],[[2341,6455],[4,8],[0,9],[-7,4],[-9,2],[-5,0],[-7,-3],[-8,-5],[-4,-7],[-7,1],[-5,5],[-2,12],[-3,9],[-2,7],[-5,15],[-1,10],[-2,7],[-7,4],[-13,5],[-12,2],[-7,0],[-6,0],[-4,0],[-4,1],[-4,1],[-5,2],[-5,1],[0,1],[0,3],[4,6],[9,13],[1,4],[0,3],[-3,3],[-1,3],[0,3],[8,8],[12,18],[12,11],[8,11],[1,3],[-17,7],[-9,10],[0,12],[5,11],[3,8],[1,9],[2,6],[-3,5],[-13,5],[-1,0],[-2,1],[-10,-4],[-7,-1],[-12,6],[-5,12],[1,15],[7,18],[7,11],[8,3],[4,4],[3,5],[0,11],[-1,6],[0,14],[1,8],[0,9],[-1,4],[-3,2],[0,6],[0,4],[-7,2],[-8,1],[-3,1],[-2,5],[0,6],[6,2],[8,1],[3,1],[4,9],[2,6],[1,3],[-6,5],[-12,9],[0,3],[2,3],[12,19],[6,5],[2,1],[17,0],[4,1],[1,9],[-1,15],[0,6],[-4,3],[-9,4],[-9,0],[-6,3],[-4,1],[0,9],[-1,7],[5,18],[1,4],[4,11],[-1,6],[-7,2],[-10,2],[-6,-4],[-3,0],[0,-14],[0,-4],[-10,-4],[-7,1],[-2,2],[-3,6],[-10,6],[-7,4],[-9,7],[-4,4],[4,7],[-3,4],[-3,3],[-5,-2],[-3,-4],[-4,-1],[-5,1],[-2,0],[-2,0],[-5,3],[-7,3],[-12,6],[-3,1],[-2,-2],[-2,-14],[0,-8],[0,-4],[0,-10],[-2,-5],[-4,-8],[-3,-2],[-4,4],[-5,2],[-8,1],[-5,-1],[-6,-4],[-6,-5],[-11,-12],[-4,-5],[-2,-3],[-6,-1],[-2,6],[-1,8],[1,6],[0,6],[-1,5],[1,9],[4,11],[4,11],[-1,3],[-5,0],[-5,-1],[-3,2],[-2,4],[0,5],[-5,5],[-5,2],[-9,1],[-6,2],[-5,5],[-4,11],[-2,8],[-2,7],[0,6],[2,2],[4,2],[2,4],[-1,11],[-1,6],[-2,6],[-2,3],[-4,5],[-7,2],[-6,-2],[-3,1],[-3,2],[-3,4],[-2,7],[0,1],[-1,4],[-1,5],[3,5],[5,2],[2,6],[1,8],[-2,6],[-5,6],[-3,3],[-4,0],[-8,0],[-6,-3],[-5,-3],[-7,1],[-6,0],[-10,-3],[-4,4],[-2,10],[0,7],[0,6],[-5,3],[-6,4],[-3,8],[-4,7],[-6,-3],[-7,-3],[-3,2],[-2,7],[-1,11],[-1,17],[1,8],[0,2],[-1,7],[-2,6],[-6,10],[-2,5],[0,6],[1,7],[-2,8],[3,7],[6,7],[-1,11],[-1,15],[1,10],[1,6],[3,12],[4,6],[2,4],[3,3],[2,5],[0,11],[0,8],[0,10],[-1,4],[-1,4],[-3,2],[-12,0],[-13,0],[-9,1],[-6,-2],[-7,-4],[-3,-2],[-6,6],[-4,8],[-2,7],[-2,6],[-1,10],[-3,9],[0,4],[-3,3],[-4,0],[-5,0],[-4,-2],[-9,5],[-6,4],[-8,3],[-10,-2],[-7,-1],[-10,-1],[-5,-4],[-7,-3],[-5,1],[-1,0],[-9,0],[-3,1],[-11,10],[-10,8],[-11,8],[-6,6],[-2,3],[0,1],[0,4],[0,7],[3,7],[1,11],[2,3],[3,2],[4,0],[3,1],[3,4],[2,9],[-4,7],[-5,4],[-9,3],[-8,3],[-8,5],[-6,6],[-5,6],[-4,9],[-2,5],[-2,7],[-1,7],[-1,1],[-1,3],[-3,4],[-2,0],[-6,4],[-1,7],[-1,2],[9,7],[13,1],[13,4],[10,8],[3,2],[3,2],[2,0],[5,0],[10,2],[8,2],[1,3],[1,2],[3,10],[3,7],[1,1],[0,1],[1,1],[9,17],[-4,4],[-5,2],[-1,0],[-1,2],[-1,3],[2,4],[1,1],[2,2],[0,1],[1,0],[4,-1],[3,1],[2,8],[0,4],[3,5],[5,7],[8,4],[6,4],[5,5],[1,1],[6,4],[4,0],[1,0],[5,-3],[11,0],[6,1],[17,3],[2,5],[1,3],[1,10],[1,5],[2,5],[3,2],[3,0],[1,0],[4,4],[0,9],[-2,8],[-2,10],[-3,3],[-4,1],[-7,0],[-2,0],[-1,0],[-2,1],[-3,1],[0,4],[2,8],[0,4],[-7,8],[-3,7],[-2,3],[0,1],[0,5],[2,6],[1,3],[4,7],[0,1],[1,1],[2,5],[-1,3],[-5,2],[-4,0],[-1,0],[-1,-1],[-5,-1],[-14,-4],[-9,-1],[-2,1],[-1,0],[-2,4],[-2,9],[0,3],[-1,3],[-1,8],[-1,10],[-3,5],[-5,1],[-5,-1],[-5,-1],[-5,0],[-6,1],[-5,4],[-7,12],[0,2],[-1,3],[-2,4],[-2,9],[-3,11],[-3,7],[-3,8],[-4,6],[-6,5],[-7,1],[-12,1],[-9,-2],[-3,-3],[-2,-4],[6,-8],[4,-6],[-6,-4],[-9,-3],[-5,-3],[-11,-2],[-16,0],[-6,0],[-10,2],[-10,0],[-10,-2],[-6,-2]],[[1558,8003],[0,2],[0,9],[0,1],[-4,7],[-4,3],[-6,5],[-5,1],[-4,2],[-1,0],[-4,1],[-15,-1],[-1,0],[-26,-13],[-15,-2],[-5,4],[0,1],[0,3],[0,2],[2,7],[3,6],[1,2],[9,11],[14,16],[0,10],[0,1],[-2,7],[-1,3],[-3,8],[-5,13],[1,4],[4,22],[-1,4],[-1,2],[-6,2],[-4,1],[-13,-2],[-1,0],[-6,1],[-4,0],[-4,2],[-5,2],[-6,7],[0,1],[-3,8],[-1,1],[0,2],[-2,12],[0,4],[-2,5],[-6,12],[-4,10],[-1,10],[-1,17],[-3,7],[-4,3],[-3,3],[-1,10],[0,35],[-8,14],[-11,22],[0,1],[3,11],[-3,5],[-3,6],[0,8],[8,6],[22,16],[14,21],[1,2],[11,28],[5,23],[2,11],[0,2],[6,13],[6,34],[-1,21],[0,1],[0,-1],[-1,3],[-3,19],[-14,45],[-5,15],[0,1],[0,5],[0,5],[4,18],[2,10],[22,43],[1,0],[1,1],[1,0],[15,16],[10,22],[3,8],[6,8],[1,2],[7,10],[2,13],[0,4],[-5,29],[-9,17],[-6,12],[-1,9],[1,6],[2,12],[1,3],[2,4],[3,6],[1,1],[3,6],[20,24],[3,4],[16,19],[4,6],[12,14],[8,16],[1,1],[3,6],[0,5],[0,2],[0,5],[0,2],[-1,4],[0,1],[0,1],[-2,3],[-5,11],[-4,10],[-3,6],[4,13],[3,3],[4,3],[12,-20],[2,-2],[9,-2],[70,-19],[11,-6],[21,-11],[56,-30],[9,-4],[111,-35],[20,-4],[7,-2],[7,-1],[36,4],[3,0],[4,1],[1,0],[7,1],[4,0],[7,1],[31,-19],[34,-20],[5,-3],[10,-10],[16,-24],[15,-12],[0,-1],[2,0],[7,-3],[5,-2],[24,-11],[9,-4],[2,-1],[4,-3],[1,-1],[3,-7],[-1,-2],[0,-3],[-1,-10],[-1,-1],[-34,-69],[-3,-8],[-1,-4],[-4,-13],[0,-2],[0,-8],[5,-6],[5,-2],[10,-3],[10,-4],[11,-10],[9,-8],[3,-3],[1,-1],[1,-1],[4,-4],[18,-21],[9,-6],[1,-1],[1,0],[5,-4],[8,0],[1,0],[2,2],[7,4],[1,1],[13,38],[2,3],[5,10],[5,9],[2,4],[7,5],[25,3],[2,0],[3,0],[5,0],[1,0],[3,-1],[7,-4],[9,-4],[3,-2],[12,-6],[2,0],[1,-1],[3,0],[4,0],[6,-1],[8,0],[6,1],[3,0],[43,18],[36,2],[24,1],[6,0],[48,-6],[8,-2],[34,-10],[1,0],[3,-1],[1,0],[22,-1],[17,-1],[17,-1],[32,-7],[14,-2],[12,-3],[23,-4],[12,-4],[38,-11],[17,0],[2,0],[4,2],[12,4],[17,11],[8,5],[16,20],[12,16],[20,18],[23,16],[8,6],[8,5],[18,12],[3,3],[5,3],[13,6],[23,10],[14,8],[27,16],[7,4],[2,1],[1,1],[5,3],[7,6],[14,10],[28,11],[30,3],[11,6],[8,4],[5,3],[14,4],[10,4],[3,1],[7,0],[49,-5],[33,3],[3,1],[25,15],[9,6],[53,22],[18,8],[25,8],[43,15],[30,17],[44,32],[27,16],[20,7],[3,1],[9,3],[39,6],[4,1],[20,3],[9,8],[7,7],[2,7],[1,7],[7,11],[7,8],[11,11],[77,43],[3,1],[2,1],[17,7],[36,14],[16,6],[22,20],[5,3],[1,0],[4,2],[7,2],[2,0],[18,-1],[5,-1],[2,0],[19,-2],[5,3],[10,5],[7,4],[4,1],[7,2],[8,0],[5,0],[5,0],[1,0],[5,-1],[14,-4],[5,-2],[13,-4],[7,-2],[1,0],[23,-2],[6,-1],[1,0],[3,-1],[15,-4],[11,-2],[9,-3],[11,-1],[5,-1],[1,0],[2,0],[39,-4],[25,0],[6,-2],[8,-2],[22,-10],[7,-3],[32,-14],[11,-7],[11,-6],[43,-25],[19,-8],[19,-8],[4,-2],[11,-5],[42,-21],[9,-4],[2,-2],[5,-4],[8,-11],[6,-9],[3,-4],[13,-10],[3,-3],[1,-2],[13,-21],[3,-2],[30,-29],[16,-22],[6,-9],[2,-2],[8,-8]],[[5185,2429],[-491,-314],[-1457,-1057],[-504,-363]],[[2733,695],[-12,24],[-6,11],[-9,17],[-1,2],[-13,24],[-24,46],[-8,14],[-10,17],[-7,13],[-20,35],[-25,47],[-20,37],[-13,21],[-23,44],[-25,46],[-17,33],[-13,24],[-16,30],[-8,24],[-4,16],[-1,14],[-2,19],[0,9],[-3,34],[0,4],[1,10],[0,9],[1,17],[0,21],[-11,8],[-1,0],[-17,7],[-16,2],[-4,1],[-7,0],[-22,1],[-5,1],[-2,0],[-12,1],[-3,0],[-2,0],[-8,0],[-11,5],[-19,3],[-50,10],[-29,7],[-17,8],[-20,12],[-12,9],[-26,11],[-29,11],[-6,3],[-6,3],[-19,4],[-24,1],[-13,1],[-27,0],[-22,0],[-19,1],[-18,1],[-35,1],[-24,1],[-11,2],[-12,2],[-19,5],[-9,5],[-2,1],[-10,6],[-8,7],[-12,13],[-16,20],[-9,9],[-23,25],[-12,14],[-16,18],[-21,23],[-8,10],[-20,22],[-19,20],[-14,18],[-16,17],[-20,22],[-8,9],[-12,14],[-7,2],[-14,-2],[-30,-3],[-17,-2],[-64,-7],[-46,-5],[-29,-4]],[[1415,1731],[-3,17],[-8,53],[-13,58],[-11,11],[0,1],[0,1],[1,0],[0,1],[0,1],[0,1],[0,1],[0,1],[1,0],[0,1],[0,1],[0,1],[0,1],[0,1],[0,1],[1,0],[0,1],[0,1],[0,1],[-2,3],[-11,17],[-9,21],[-11,6],[-8,13],[-12,13],[-13,-1],[-14,-18],[-3,-6],[-5,-9],[-10,-5],[-19,-8],[-8,-7],[-24,-3],[-7,-12],[-8,-13],[-10,-5],[-10,-9],[-19,-25],[-29,-37],[7,-45],[-1,-3],[-2,-4],[-41,-15],[-8,5],[-11,14],[-13,11],[-12,-1],[-10,13],[-14,9],[-3,17],[-4,10],[-2,4],[-6,3],[-1,0],[-1,0],[0,1],[-1,0],[-1,0],[-1,0],[-1,0],[0,1],[-1,0],[-1,0],[-1,0],[-1,0],[-1,0],[-1,0],[-1,0],[-1,0],[-1,0],[-1,0],[-1,0],[-1,0],[-1,0],[-1,0],[0,-1],[-1,0],[0,1],[-1,0],[0,1],[-1,0],[-1,1],[-1,1],[-1,0],[0,1],[-1,0],[0,1],[-1,0],[0,1],[-1,0],[-1,1],[-1,0],[0,1],[-1,0],[-1,0],[0,1],[-1,0],[0,1],[-1,0],[-1,0],[0,1],[-1,0],[-1,0],[0,1],[-1,0],[-1,0],[-1,1],[-1,0],[-1,0],[0,1],[-1,0],[0,1],[0,1],[-1,1],[0,1],[0,1],[-1,1],[0,1],[0,1],[-1,1],[0,1],[0,1],[-1,1],[0,1],[-1,1],[0,1],[0,1],[-1,0],[0,1],[0,1],[-1,1],[0,1],[-1,1],[0,1],[-1,1],[0,1],[-1,1],[0,1],[-1,0],[0,1],[-1,1],[0,1],[-1,1],[0,1],[-1,0],[0,1],[-1,1],[0,1],[-1,0],[0,1],[-1,1],[0,1],[-1,0],[0,1],[-1,0],[0,1],[-1,0],[0,1],[-1,1],[-1,1],[0,1],[-1,0],[0,1],[-1,0],[0,1],[-1,0],[0,1],[-1,0],[0,1],[-1,0],[0,1],[-1,0],[0,1],[-1,0],[0,1],[-1,0],[0,1],[-1,0],[-25,14],[-12,13],[-10,-1],[-4,-7],[-8,-48],[-7,-56],[-10,-12],[-2,-3],[-8,-3],[-14,6],[-5,8],[-5,3],[-6,2],[-13,-3],[-9,-3],[-3,-2],[-3,-3],[-10,-30],[-18,-12],[-6,2],[-7,2],[-11,5],[-1,1],[-1,0],[0,1],[-1,0],[-1,0],[0,1],[-1,0],[-1,0],[0,1],[-1,0],[-1,0],[-1,0],[-1,1],[-1,0],[-1,0],[-1,0],[-1,0],[-1,0],[-1,0],[-1,-1],[-1,0],[-1,0],[-1,0],[0,-1],[-1,0],[-1,0],[0,-1],[-1,0],[-1,0],[0,-1],[-1,0],[-1,-1],[-1,-1],[-1,0],[0,-1],[-15,1],[-12,3],[-9,-2],[-7,-6],[-6,-33],[5,-18],[-6,-8],[-8,-4],[-10,-1],[-9,1],[-5,-4],[-5,-4],[-11,-4],[-11,-3],[-16,-1],[-23,21],[-16,-1],[-13,-9]],[[555,1684],[5,43],[-5,8],[2,9],[1,7],[0,1],[2,5],[2,7],[-2,3],[-15,-1],[-1,0],[-10,3],[-3,1],[-5,-1],[-11,-2],[-4,6],[-1,8],[2,23],[3,7],[3,13],[2,5],[0,13],[0,8],[0,3],[0,12],[0,7],[-2,7],[0,1],[-1,4],[-2,4],[-3,3],[-5,4],[-9,2],[-1,0],[-12,-4],[-2,-1],[-1,0],[-15,2],[-8,3],[-7,2],[-7,-3],[-8,-9],[-10,1],[-2,-2],[-9,-11],[-9,-3],[-5,2],[-1,0],[-1,1],[-5,12],[-6,12],[-4,10],[-7,10],[-7,9],[1,1],[4,5],[5,3],[0,5],[-3,4],[3,4],[5,3],[5,3],[6,4],[0,4],[-10,18],[-13,16],[-1,1],[-15,22],[-15,18],[-45,43]],[[298,2082],[1,2],[0,2],[1,3],[1,2],[0,2],[-1,3],[0,4],[0,3],[0,2],[0,3],[0,2],[1,3],[1,3],[1,4],[0,3],[-1,3],[0,3],[0,3],[0,2],[1,3],[1,2],[0,3],[1,3],[1,2],[0,1],[1,0],[1,3],[2,3],[0,1],[1,1],[1,3],[2,1],[1,1],[1,2],[1,1],[1,1],[1,1],[1,1],[3,2],[1,1],[1,1],[2,1],[1,1],[1,1],[1,1],[1,0],[3,2],[3,3],[2,1],[1,1],[1,1],[1,0],[2,2],[2,1],[2,1],[2,2],[2,1],[3,2],[1,0],[2,2],[3,1],[1,1],[1,1],[1,0],[1,1],[3,2],[3,1],[2,2],[2,1],[2,1],[3,2],[2,0],[2,2],[1,0],[2,2],[1,0],[3,2],[2,1],[3,2],[3,2],[1,1],[3,1],[2,2],[1,1],[1,1],[2,1],[1,1],[2,1],[3,2],[3,3],[1,0],[1,1],[1,1],[0,1],[2,1],[3,2],[2,3],[1,0],[1,2],[1,1],[1,1],[1,2],[2,2],[2,2],[1,2],[1,1],[2,2],[1,2],[2,2],[0,1],[1,0],[2,2],[1,1],[1,1],[2,2],[3,2],[3,3],[3,2],[2,2],[2,1],[1,1],[2,2],[1,0],[2,2],[1,1],[3,2],[2,3],[1,0],[2,3],[0,1],[1,0],[0,1],[3,2],[2,3],[3,3],[2,2],[0,1],[2,3],[2,3],[1,1],[1,2],[0,1],[0,3],[0,7],[0,8],[0,3],[0,8],[0,6],[0,2],[1,8],[0,1],[0,4],[0,2],[0,4],[0,2],[-1,2],[-2,2],[-2,2],[-2,0],[-1,1],[-3,0],[-2,2],[-2,2],[-1,1],[-2,2],[0,1],[0,1],[0,2],[0,2],[0,1],[0,1],[0,2],[1,2],[2,2],[1,1],[0,1],[1,1],[1,2],[1,1],[1,1],[1,1],[1,1],[0,1],[2,2],[2,1],[2,2],[1,1],[1,0],[2,1],[5,2],[7,3],[4,1],[2,1],[4,0],[1,0],[2,1],[1,1],[0,2],[1,2],[1,1],[0,1],[1,2],[3,2],[2,1],[2,1],[1,0],[2,1],[2,0],[2,-1],[5,-3],[5,-2],[1,-1],[1,-1],[1,0],[1,0],[1,-1],[2,1],[1,0],[1,1],[2,0],[2,0],[2,2],[2,1],[1,1],[3,1],[3,2],[2,1],[2,2],[3,2],[4,3],[3,2],[1,0],[2,0],[2,1],[2,0],[1,0],[2,0],[2,-1],[2,-1],[4,-2],[1,0],[2,0],[3,2],[1,1],[1,2],[1,2],[1,2],[1,2],[1,2],[0,1],[2,2],[1,2],[1,3],[2,3],[1,3],[2,1],[0,1],[1,0],[2,3],[2,2],[1,1],[1,1],[4,4],[4,5],[1,1],[4,4],[1,2],[0,1],[1,0],[1,2],[1,1],[1,0],[0,1],[2,1],[1,1],[1,1],[1,2],[1,1],[0,1],[1,0],[0,1],[1,1],[0,1],[1,2],[0,1],[0,3],[0,3],[0,1],[-1,3],[-1,3],[0,1],[-2,4],[-1,3],[-1,1],[0,1],[-2,3],[-1,1],[-1,2],[-3,4],[-3,3],[-4,4],[-2,2],[-2,2],[-3,3],[-1,1],[-3,3],[-1,0],[-3,3],[-1,1],[-4,3],[-4,4],[-3,2],[-1,1],[-2,1],[-1,1],[-2,2],[-2,3],[-2,2],[-1,2],[-2,1],[-2,1],[-1,1],[-3,1],[-1,0],[-1,1],[-3,0],[-1,-1],[-1,0],[-1,0],[-1,0],[-3,0],[-3,-1],[-1,0],[-2,-1],[-1,0],[-2,0],[-8,6],[-2,2],[-2,2],[-2,2],[0,1],[-2,3],[-1,2],[0,1],[-1,0],[0,1],[-1,1],[-1,1],[-2,2],[-1,2],[-1,3],[-3,2],[0,1],[-1,0],[-1,1],[-3,1],[-1,2],[-2,2],[-1,0],[-1,2],[0,2],[0,1],[0,2],[-3,1],[-2,1],[-1,0],[-1,0],[0,-1],[-1,0],[-1,-1],[-2,-2],[-2,-1],[-3,-2],[-2,-2],[-2,-1],[-1,0],[-2,-1],[-2,-1],[-2,0],[-2,1],[-1,0],[-2,0],[-2,1],[-2,1],[-3,1],[-1,1],[-2,1],[-2,0],[-1,0],[-3,0],[-1,0],[-1,0],[-2,1],[-1,1],[-3,1],[-1,2],[-2,1],[-1,2],[-2,1],[-1,1],[-2,2],[-1,2],[-2,2],[-1,3],[-1,2],[0,3],[0,2],[0,2],[1,2],[2,1],[0,1],[1,1],[1,0],[1,1],[1,0],[1,1],[1,2],[1,1],[1,0],[1,1],[3,4],[1,2],[0,1],[1,2],[2,3],[0,2],[1,1],[0,2],[0,1],[1,1],[0,2],[1,1],[1,3],[2,1],[1,1],[1,2],[4,2],[2,1],[1,0],[1,1],[1,0],[2,2],[2,1],[5,2],[1,1],[2,1],[2,2],[1,1],[1,1],[1,3],[1,1],[1,1],[0,1],[1,2],[2,4],[0,1],[1,3],[1,3],[2,7],[1,2],[2,6],[1,3],[1,4],[0,3],[-1,2],[-1,1],[-2,6],[-2,3],[-2,2],[0,2],[-1,2],[1,2],[1,2],[1,0],[2,3],[0,1],[1,1],[2,2],[0,1],[1,1],[2,3],[1,1],[2,1],[1,1],[2,1],[6,3],[1,1],[1,0],[1,2],[3,2],[2,1],[1,2],[1,4],[1,2],[0,4],[1,5],[2,6],[0,1],[1,5],[1,1],[0,1],[0,2],[0,1],[1,3],[0,1],[0,2],[2,4],[1,1],[1,10],[2,3],[1,1],[3,4],[1,2],[1,1],[3,2],[1,2],[1,2],[0,1],[1,3],[1,2],[1,2],[1,4],[2,4],[1,2],[0,2],[1,2],[1,1],[0,1],[1,0],[2,0],[1,0],[2,-1],[4,-2],[3,-3],[2,-1],[1,-1],[1,0],[1,-1],[1,-1],[1,0],[1,0],[1,0],[1,1],[1,2],[0,1],[1,2],[2,4],[2,4],[1,1],[1,1],[0,1],[1,1],[1,0],[2,2],[2,3],[3,3],[1,1],[3,4],[1,1],[2,4],[1,3],[1,2],[2,4],[1,4],[1,2],[1,2],[4,11],[0,1],[1,5],[2,7],[3,6],[1,2],[1,2],[3,4],[8,15],[2,5],[3,2],[0,1],[2,1],[2,0],[1,0],[1,1],[1,0],[2,0],[3,-1],[2,-2],[2,-2],[1,-2],[2,-3],[1,-1],[0,-1],[1,-1],[2,-1],[0,-1],[1,0],[1,0],[1,0],[1,1],[4,1],[2,1],[1,1],[2,0],[0,1],[5,2],[5,2],[7,3],[1,1],[2,1],[1,2],[0,1],[1,2],[0,5],[0,1],[0,1],[1,3],[0,1],[1,2],[1,1],[1,2],[2,1],[1,0],[2,0],[2,0],[2,1],[1,0],[1,0],[1,1],[2,0],[2,0],[1,0],[2,1],[3,2],[1,0],[1,0],[2,0],[2,-1],[1,0],[4,0],[2,0],[3,1],[3,2],[1,1],[1,2],[1,1],[2,4],[3,7],[1,1],[5,9],[3,5],[1,1],[2,1],[3,2],[3,0],[2,0],[2,-1],[2,-2],[1,-2],[1,-1],[1,-1],[1,-3],[0,-2],[0,-1],[1,-3],[0,-5],[1,-5],[1,-3],[2,-3],[3,-5],[4,-3],[3,-3],[2,0],[1,-1],[2,0],[4,-1],[1,0],[9,-1],[1,0],[2,0],[3,-1],[1,0],[3,-1],[6,-2],[4,-1],[1,-1],[1,0],[1,0],[2,1],[1,1],[2,2],[1,0],[2,1],[2,-1],[3,-3],[1,-1],[1,-1],[1,0],[1,0],[2,2],[0,1],[1,1],[1,3],[1,4],[1,4],[1,0],[0,1],[1,0],[2,-1],[1,0],[3,0],[2,1],[1,1],[1,0],[1,1],[1,0],[2,0],[3,-1],[3,-1],[1,0],[2,0],[2,1],[0,1],[1,1],[0,1],[0,3],[1,5],[0,3],[1,2],[0,1],[1,1],[2,4],[1,4],[1,2],[0,1],[1,3],[1,2],[1,1],[2,0],[0,1],[2,-1],[2,0],[1,0],[1,-2],[2,-2],[5,-3],[3,-3],[1,0],[1,0],[1,-1],[3,0],[1,-1],[6,0],[7,-1],[2,0],[2,0],[1,0],[1,0],[2,-1],[1,0],[1,-1],[2,-1],[1,-1],[1,-2],[1,-1],[3,-4],[1,0],[1,-1],[1,-2],[4,-5],[1,-2],[2,-1],[3,-2],[4,-1],[1,0],[2,0],[1,0],[1,1],[1,0],[2,1],[2,0],[1,0],[1,0],[5,0],[1,0],[1,0],[4,-2],[3,-2],[1,-1],[1,-1],[1,-1],[4,-4],[4,-4],[5,-4],[2,-1],[6,0],[8,0],[5,0],[1,-1],[1,0],[1,0],[2,-1],[1,0],[3,-1],[6,-2],[2,0],[2,-1],[4,-1],[3,-1],[10,-3],[1,0],[3,-2],[1,0],[3,-1],[1,0],[1,0],[4,0],[2,1],[1,1],[3,1],[0,1],[3,4],[1,1],[1,1],[0,1],[1,0],[1,1],[0,1],[1,2],[1,2],[1,1],[1,2],[1,2],[1,1],[2,1],[2,1],[1,0],[3,1],[1,1],[0,4],[0,1],[0,1],[1,4],[0,3],[0,1],[0,3],[0,1],[0,3],[0,4],[0,2],[0,3],[-1,5],[-1,2],[-1,1],[-1,2],[-2,3],[-1,1],[-1,1],[-2,1],[-2,1],[-6,3],[-7,5],[-2,1],[-2,2],[-1,1],[-1,2],[0,1],[-1,2],[0,2],[-2,7],[0,1],[-1,4],[-1,2],[-3,3],[-2,1],[-2,0],[-3,0],[-1,0],[-4,0],[-15,0],[-3,-1],[-4,0],[-4,0],[-1,0],[-3,1],[-7,1],[-1,0],[-2,0],[-2,1],[-1,0],[-1,1],[-2,0],[-5,3],[-2,2],[-1,1],[-1,4],[-1,3],[0,1],[0,1],[-1,5],[-1,3],[0,4],[-2,3],[-3,4],[-2,1],[-2,2],[-8,4],[-5,3],[-8,5],[-4,1],[-4,1],[-3,1],[-6,1],[-1,1],[-1,1],[-1,1],[0,1],[1,4],[0,2],[1,0],[1,4],[1,1],[0,1],[0,2],[1,0],[0,2],[0,3],[0,1],[0,1],[1,2],[1,2],[0,2],[5,7],[1,2],[4,7],[2,6],[5,9],[9,20],[4,8],[1,2],[1,2],[1,0],[2,1],[1,1],[2,1],[1,0],[3,1],[2,1],[1,0],[1,1],[1,3],[0,1],[1,1],[1,2],[1,3],[2,7],[1,3],[1,4],[1,3],[1,0],[0,1],[1,3],[2,3],[1,2],[1,1],[3,3],[11,10],[3,3],[1,1],[4,5],[2,1],[3,5],[1,1],[0,1],[2,3],[2,5],[0,1],[1,3],[2,4],[1,1],[2,1],[2,1],[1,0],[2,0],[1,0],[2,0],[4,-1],[2,0],[3,1],[0,1],[1,0],[1,1],[0,1],[1,1],[0,1],[1,2],[0,1],[1,2],[0,4],[1,0],[0,4],[1,0],[0,1],[1,1],[6,1],[1,1],[1,0],[2,2],[3,1],[4,3],[1,0],[1,1],[0,1],[1,4],[0,4],[1,11],[1,0],[5,14],[2,4],[0,1],[4,-1],[13,-1],[5,-1],[-1,3],[-5,22],[0,2],[12,8],[1,-1],[2,-1],[2,-2],[4,-3],[1,1],[7,12],[6,13],[12,-6],[10,-3],[3,-1],[4,-2],[14,-10],[11,0],[24,-8],[1,-1],[2,0],[0,-1],[0,1],[1,0],[5,9],[6,10],[0,1],[0,-1],[11,-43],[3,24],[2,17],[1,1],[1,2],[26,-7],[-20,20],[1,5],[2,5],[4,9],[1,3],[3,7],[2,5],[2,4],[1,5],[1,3],[-1,2],[0,3],[-2,5],[-1,4],[-1,3],[-1,4],[0,1],[0,3],[1,5],[0,2],[0,2],[2,4],[3,4],[0,1],[2,2],[5,3],[3,2],[8,5],[5,5],[0,1],[1,2],[1,1],[0,3],[1,4],[1,2],[1,3],[2,2],[1,2],[2,1],[3,2],[1,2],[0,1],[1,4],[1,2],[0,3],[1,1],[1,2],[3,2],[2,1],[2,2],[5,1],[2,1],[1,0],[2,0],[4,1],[1,1],[1,0],[2,1],[1,0],[2,1],[2,1],[2,1],[1,2],[1,1],[1,2],[1,1],[1,2],[2,3],[1,2],[0,2],[1,2],[0,1],[0,2],[-1,1],[0,1],[-2,4],[-1,1],[-1,4],[-1,1],[-1,2],[0,2],[1,2],[1,1],[0,1],[1,1],[1,0],[1,1],[1,2],[3,2],[4,2],[1,1],[1,0],[2,2],[2,1],[1,2],[1,0],[1,2],[3,4],[2,4],[1,3],[1,0],[0,1],[0,1],[1,2],[0,1],[1,1],[0,1],[2,6],[0,2],[1,2],[4,10],[1,5],[1,2],[2,2],[1,1],[2,2],[3,2],[2,1],[1,1],[1,2],[1,1],[1,1],[1,3],[1,1],[2,1],[5,2],[6,2],[4,2],[7,5],[1,0],[1,1],[1,1],[1,1],[1,1],[1,2],[0,1],[-1,2],[-1,1],[-1,2],[-2,3],[-3,3],[-5,5],[-2,3],[-4,4],[-7,9],[-3,3],[-3,2],[-5,3]],[[1457,3810],[92,22],[47,-18],[47,9],[36,2],[13,11],[35,10],[13,1],[3,1],[-1,-31],[4,-1],[18,-5],[17,-3],[5,-5],[1,-18],[2,-9],[6,-4],[10,-8],[9,-5],[9,-5],[5,-7],[6,-6],[7,-4],[4,-1],[13,4],[12,-5],[1,0],[4,0],[25,1],[33,-41],[25,-54],[5,-12],[6,-7],[6,-8],[11,-11],[10,-11],[9,-8],[9,-7],[8,-8],[10,-8],[11,-7],[3,-3],[3,-2],[6,-4],[0,-1],[0,-1],[-1,0],[-3,-4],[-2,-3],[-11,-14],[-14,-16],[-49,-42],[20,-16],[9,-7],[19,-9],[19,-25],[32,0],[-15,-123],[1,-39],[191,-4],[62,1],[16,0],[155,-14],[13,5],[15,6],[8,3],[15,5],[9,3],[31,11],[13,3],[44,15],[39,-10],[44,34],[46,24],[21,2],[15,2],[32,3],[5,1],[28,5],[18,-1],[2,-1],[4,0],[8,0],[4,-1],[5,0],[4,0],[8,-2],[6,-1],[14,-7],[6,-8],[6,-8],[2,-6],[4,-23],[-6,-24],[-8,-9],[0,-9],[2,-11],[8,-17],[14,-11],[52,-17],[72,-15],[96,-14],[50,-8],[78,-12],[192,-30],[116,-18],[85,-14],[124,-20],[93,-16],[139,-21],[147,-23],[177,-28],[167,-26],[152,-23],[199,-31],[266,-428],[17,-28]],[[5362,5919],[77,-54],[11,-10],[4,-5],[4,-4],[15,-14],[28,-28],[24,-24],[21,-21],[18,-18],[9,-9],[11,-11],[31,-33],[17,-30],[18,-32],[16,-29],[25,-44],[26,-49],[45,-81],[23,-41],[5,-10],[14,-26],[27,-48],[18,-35],[19,-32],[18,-31],[148,-256],[151,-259],[333,-573],[283,-488],[67,-123]],[[6868,3501],[-589,-376],[-1035,-659],[-1,-1],[-58,-36]],[[1457,3810],[-2,1],[-2,1],[-5,1],[-4,2],[-2,0],[-1,1],[-2,1],[-1,1],[-1,3],[-1,2],[0,2],[-1,4],[0,2],[0,7],[1,6],[0,5],[0,3],[0,1],[0,2],[0,3],[-1,5],[0,2],[0,3],[-3,9],[-3,9],[-3,10],[-2,4],[-1,6],[-3,5],[0,3],[-1,4],[1,2],[2,2],[4,4],[2,2],[5,3],[6,6],[6,4],[2,1],[1,1],[2,2],[3,4],[1,2],[4,6],[1,3],[1,3],[0,2],[-1,4],[-1,4],[-1,4],[-2,3],[-2,2],[0,1],[-1,0],[-1,2],[-3,2],[-3,2],[-2,1],[-1,0],[-2,0],[-1,0],[-1,0],[-1,0],[-4,-1],[-2,0],[-4,0],[-3,0],[-2,1],[-1,0],[-2,2],[-2,2],[-1,0],[-1,1],[-1,0],[-1,0],[-3,0],[-2,-1],[-2,0],[-1,0],[-1,0],[-2,2],[-1,2],[-3,5],[-1,4],[0,2],[2,7],[0,4],[0,2],[1,3],[-1,2],[-1,2],[0,1],[-4,4],[-1,3],[-2,1],[-4,4],[-1,2],[-1,1],[-3,4],[-1,1],[-1,3],[-2,6],[0,1],[0,2],[0,1],[0,2],[-2,8],[-1,2],[-1,2],[0,1],[-2,2],[-4,6],[-4,4],[-4,7],[-2,3],[-3,4],[-1,1],[-1,2],[0,2],[1,1],[2,2],[3,2],[1,1],[1,0],[1,3],[1,2],[0,1],[1,2],[1,0],[1,2],[2,2],[2,1],[3,3],[2,2],[1,3],[1,2],[2,2],[3,6],[1,2],[1,1],[2,7],[1,1],[1,5],[0,1],[0,1],[1,1],[2,11],[1,3],[-1,8],[0,1],[-1,7],[-2,5],[-2,6],[0,2],[-2,3],[-3,2],[-1,0],[-1,0],[-2,1],[-4,1],[-3,1],[-3,0],[-2,1],[-3,1],[-2,1],[-1,1],[0,1],[0,1],[0,1],[0,2],[-1,1],[-1,1],[-2,1],[-1,2],[-1,1],[-1,1],[-1,0],[-1,0],[-1,-1],[-1,-1],[-1,-1],[0,-1],[0,-1],[-1,-2],[0,-2],[0,-1],[-1,-1],[0,1],[-1,2],[0,1],[-1,1],[0,1],[-1,1],[0,2],[0,1],[0,1],[-1,1],[0,1],[-3,2],[-3,2],[-1,1],[-1,1],[-1,-1],[-1,0],[-1,2],[-1,1],[-1,2],[0,2],[0,1],[0,1],[1,2],[0,1],[0,1],[0,2],[-2,1],[-2,3],[-3,3],[-1,2],[-1,2],[-1,0],[-2,0],[-2,0],[-1,0],[0,-1],[-1,0],[-2,0],[-1,-1],[-1,0],[-1,0],[-2,0],[-1,0],[-2,0],[-2,1],[-1,1],[0,1],[-1,3],[-3,2],[-1,2],[-2,1],[-1,2],[-3,3],[-1,1],[-3,0],[-1,0],[-3,2],[-2,0],[-2,0],[-3,1],[-2,1],[-3,1],[-2,-1],[-1,1],[-1,1],[-3,1],[-1,1],[-2,1],[-1,1],[-1,0],[-1,1],[-1,1],[-1,1],[-1,2],[-1,3],[0,1],[-2,2],[-1,4],[0,2],[0,2],[0,1],[0,2],[0,6],[0,1],[-1,2],[-1,4],[-1,1],[-2,1],[-2,0],[-3,0],[-2,0],[-2,1],[-2,1],[-1,3],[-2,3],[-1,2],[0,1],[0,2],[0,3],[-1,7],[1,3],[0,3],[0,1],[0,1],[0,2],[1,1],[0,3],[2,5],[0,2],[1,2],[0,1],[0,3],[-2,1],[-2,1],[-5,0],[-6,-1],[-4,1],[-15,6],[-5,2],[-1,0],[-8,-1],[-2,-1],[-10,-4],[-1,-1],[-2,-1],[-8,-6],[-2,-1],[-4,-3],[-3,-3],[-2,-1],[-6,-2],[-5,-1],[-1,0],[-3,0],[-5,1],[-1,0],[-3,0],[-1,0],[-2,0],[-1,0],[-2,0],[-7,-2],[-1,1],[-1,0],[-2,2],[-1,1],[-1,2],[-1,1],[0,1],[-2,1],[0,1],[-3,1],[0,1],[-1,0],[-1,0],[-2,-1],[0,-1],[-3,-3],[-2,-2],[-1,-2],[-2,-1],[-1,0],[-1,0],[-2,-1],[-4,0],[-1,0],[-3,0],[-5,1],[-1,0],[0,1],[-1,0],[-2,0],[-1,2],[-1,2],[-2,2],[-3,4],[-2,4],[-1,4],[-1,2],[0,4],[-1,6],[-1,4],[0,4],[1,3],[0,2],[1,2],[4,3],[3,1],[4,2],[1,0],[3,1],[5,2],[5,2],[4,2],[2,1],[3,1],[7,3],[9,4],[4,3],[6,4],[8,5],[10,7],[4,2],[1,1],[2,1],[6,4],[4,3],[3,2],[3,2],[4,2],[3,3],[5,3],[4,3],[3,2],[4,4],[1,1],[2,1],[0,1],[0,3],[0,4],[0,2],[-1,5],[-2,4],[-3,4],[-3,3],[-1,1],[-4,5],[-2,4],[-1,2],[0,1],[-2,3],[0,2],[0,1],[-1,5],[0,6],[0,2],[-1,3],[0,3],[0,1],[1,2],[0,2],[0,1],[1,1],[0,1],[2,3],[1,2],[1,1],[0,1],[1,1],[0,2],[-2,2],[-1,1],[-1,1],[-1,2],[1,0],[0,1],[1,2],[1,1],[0,1],[1,1],[4,2],[3,2],[1,0],[1,0],[1,0],[4,0],[4,-2],[2,-1],[4,-2],[2,-2],[4,-3],[4,-4],[1,-2],[1,-2],[0,-1],[1,-7],[1,-6],[1,-1],[0,-1],[2,-1],[5,0],[1,0],[2,0],[3,-1],[1,0],[5,0],[2,0],[3,-1],[1,0],[1,0],[1,0],[2,0],[1,0],[2,0],[1,1],[1,1],[0,1],[2,3],[1,3],[1,4],[2,6],[1,5],[0,6],[-1,7],[0,3],[0,3],[0,10],[0,2],[0,1],[0,1],[0,2],[0,1],[0,1],[0,1],[1,0],[1,4],[2,3],[0,1],[0,1],[1,4],[1,3],[0,1],[0,3],[0,2],[0,2],[0,1],[0,2],[-1,1],[-1,0],[-3,-1],[-3,-1],[-4,-1],[-3,-2],[-2,-1],[-2,-1],[-8,-6],[-1,-1],[-1,-1],[-2,-1],[-2,-3],[-3,-4],[-2,-2],[-2,-1],[-1,-1],[-1,-1],[-5,-5],[-3,-4],[-1,-1],[0,-1],[-2,0],[-1,-1],[-1,0],[-1,1],[-2,1],[-2,1],[-3,5],[-1,1],[-1,2],[-3,2],[-3,4],[-6,5],[-2,2],[-5,3],[-3,2],[-3,1],[-3,0],[-1,0],[-3,0],[-3,-1],[-2,-1],[-1,-1],[-3,-1],[-4,2],[-7,3],[-2,2],[-2,2],[-5,5],[-5,5],[-2,1],[-6,5],[-4,3],[-3,5],[-1,1],[-1,1],[-4,4],[0,1],[-2,1],[0,1],[-3,4],[-2,4],[-3,4],[-3,5],[-3,5],[-1,3],[0,1],[0,2],[1,3],[1,1],[0,2],[0,2],[-1,1],[1,1],[0,1],[0,1],[-1,2],[-1,2],[-4,7],[-2,4],[-1,3],[-1,2],[-2,1],[-10,5],[-5,2],[-2,1],[-8,1],[-2,0],[-1,0],[-2,1],[-5,0],[-2,0],[-2,-1],[-4,-1],[-1,-1],[-2,-2],[-2,-5],[-2,-2],[-1,-2],[-1,-2],[-2,-6],[-1,-3],[-3,-6],[0,-1],[-1,-1],[0,-2],[0,-3],[1,-5],[2,-5],[3,-5],[1,-4],[0,-2],[0,-2],[-1,-1],[0,-2],[-1,0],[-1,0],[0,-1],[-1,-1],[0,-1],[-1,-4],[0,-2],[-1,-4],[0,-2],[0,-1],[-2,-3],[0,-1],[-2,-3],[0,-2],[-1,-1],[-1,0],[-1,-2],[-1,-1],[0,-1],[-1,-1],[0,-1],[0,-1],[0,-2],[-1,0],[0,-1],[-1,-1],[-2,0],[-1,0],[-1,-1],[-1,0],[-1,-2],[-1,-2],[-1,-1],[-1,-1],[-1,-2],[-2,0],[-2,1],[-1,1],[0,1],[-1,1],[-1,1],[-1,-1],[-2,-2],[-4,-3],[-1,-2],[-2,-1],[-1,0],[-3,2],[-1,1],[-2,0],[-4,-1],[-1,0],[-1,-1],[-2,-1],[0,-1],[-1,0],[-1,0],[-1,-1],[-1,0],[-2,0],[-1,1],[0,2],[0,1],[-1,1],[-1,0],[-2,1],[-1,0],[-2,0],[-2,3],[-2,1],[-3,1],[-2,1],[-1,0],[-1,0],[0,-1],[-1,0],[-1,0],[-2,2],[-2,0],[0,1],[-1,1],[-1,1],[0,1],[-1,0],[0,1],[-1,-1],[-1,-2],[0,-1],[-2,-3],[-1,-2],[-1,0],[-1,0],[-1,0],[0,1],[-1,0],[-1,1],[-1,0],[0,-1],[0,-1],[1,-2],[0,-3],[0,-1],[0,-1],[0,-2],[-1,0],[-1,0],[-1,1],[-2,0],[-1,1],[-2,0],[-1,0],[-1,1],[-1,1],[-1,0],[-2,1],[-1,0],[-1,-1],[0,-1],[0,-3],[0,-2],[0,-1],[-1,0],[-1,0],[-2,2],[-1,1],[0,1],[-2,2],[-1,1],[-1,1],[0,1],[-3,1],[-3,0],[-1,0],[-2,0],[-2,0],[-2,0],[-3,3],[-1,0],[-1,2],[-3,3],[-1,0],[-1,2],[-3,1],[-1,0],[-1,0],[0,1],[0,1],[-1,0],[-1,0],[-1,0],[-1,-1],[-1,-1],[-1,0],[-1,-1],[-2,0],[-2,1],[-1,2],[-3,0],[-1,0],[-1,1],[-1,0],[-1,-1],[-4,-1],[-3,-2],[-1,-1],[-1,0],[-1,-1],[-1,0],[-2,-1],[-1,0],[-2,-1],[-1,-1],[-1,-1],[0,-1],[-1,-1],[0,-1],[1,0],[-1,-1],[0,-1],[0,-1],[-1,-1],[0,-1],[-2,0],[-2,0],[-2,0],[-3,1],[-2,2],[-2,1],[-2,1],[-1,1],[0,1],[-1,1],[0,1],[0,1],[-1,0],[-4,0],[-5,0],[-3,-1],[-3,0],[-1,0],[-1,0],[-2,0],[-1,0],[-1,0],[0,1],[-1,0],[0,1],[-1,1],[-1,0],[-1,1],[-1,0],[-1,1],[-1,0],[0,-1],[-1,0],[-1,-1],[-1,0],[-2,0],[-1,0],[-1,1],[-1,0],[-1,0],[0,1],[-1,0],[0,1],[0,1],[-1,1],[-1,0],[-1,1],[-1,1],[-2,2],[-1,1],[-1,-1],[-1,0],[-1,0],[-1,0],[-1,1],[-2,1],[0,1],[0,1],[-1,1],[0,1],[-1,0],[-1,0],[-2,-1],[-1,0],[0,1],[-1,0],[-2,-1],[-1,-1],[-1,-1],[-1,-1],[-1,-2],[-2,-1],[-1,-1]],[[743,4640],[0,1],[-2,9],[0,4],[0,4],[2,4],[5,8],[2,4],[3,8],[2,5],[1,2],[1,1],[4,3],[0,5],[-3,6],[-1,5],[-1,5],[-1,5],[0,2],[0,2],[0,3],[0,3],[0,3],[1,3],[2,9],[1,3],[1,0],[4,2],[6,3],[16,9],[2,3],[5,48],[-1,3],[-1,2],[-2,2],[-3,5],[-1,5],[-1,4],[5,3],[2,0],[1,0],[0,1],[2,2],[2,5],[1,2],[1,3],[3,1],[3,2],[2,0],[1,1],[3,8],[1,3],[1,4],[2,4],[3,5],[3,3],[1,2],[7,5],[8,3],[7,5],[5,3],[9,7],[3,3],[1,0],[4,4],[5,9],[1,3],[6,6],[10,7],[8,5],[19,6],[17,5],[18,14],[4,0],[0,5],[11,5],[4,2],[7,19],[4,14],[5,13],[7,14],[6,7],[11,11],[19,20],[4,6],[4,9],[4,4],[6,5],[2,2],[1,3],[4,2],[2,3],[1,1],[2,7],[-1,2],[-2,3],[-3,1],[-7,0],[-6,-2],[-9,-3],[-9,-12],[-2,-8],[-11,-7],[-10,-2],[-13,3],[-13,8],[-6,9],[-1,24],[11,14],[8,6],[5,4],[2,10],[1,8],[0,7],[-2,9]],[[989,5193],[6,2],[15,5],[1,-4],[1,0],[2,0],[1,0],[1,0],[-1,-7],[-1,-3],[0,-2],[-2,-1],[0,-2],[1,-2],[1,0],[0,-1],[1,-1],[1,0],[3,-1],[1,0],[1,0],[1,-1],[1,1],[0,-1],[3,-4],[0,-2],[1,-3],[1,-1],[1,-2],[1,1],[1,-1],[1,0],[-1,-1],[1,-1],[1,0],[2,-1],[-1,0],[0,-1],[-1,0],[0,-1],[2,-2],[1,-1],[1,1],[1,0],[0,1],[-1,1],[0,1],[1,0],[1,0],[1,0],[0,-1],[-1,0],[0,-2],[2,-2],[-2,-1],[1,0],[1,-1],[2,-1],[1,1],[2,0],[1,1],[0,2],[2,0],[1,-1],[0,-2],[-1,-2],[0,-1],[0,-1],[-1,-1],[-1,0],[-1,0],[0,-1],[-1,-1],[1,-1],[1,0],[-1,-2],[0,-1],[-1,-2],[-1,-1],[0,-1],[1,0],[0,-1],[0,-1],[1,0],[1,0],[1,-1],[1,0],[1,0],[1,2],[-1,1],[0,1],[2,-1],[1,0],[0,2],[1,1],[0,1],[0,1],[1,1],[1,0],[1,1],[1,-1],[1,-1],[-1,-1],[-1,0],[0,-2],[1,-1],[0,-1],[-1,0],[1,-1],[0,-1],[1,0],[1,0],[0,1],[1,0],[0,-1],[11,-22],[0,-2],[0,-1],[-1,-2],[-1,-1],[-1,-4],[-1,-4],[1,-4],[1,-5],[4,-2],[0,-2],[1,-2],[0,-1],[1,-6],[3,1],[1,-1],[6,0],[4,2],[2,1],[0,1],[1,3],[3,1],[2,3],[2,2],[2,10],[1,1],[0,2],[1,2],[1,2],[1,2],[2,3],[1,1],[1,1],[4,-3],[5,-3],[6,-5],[3,-2],[3,-3],[1,0],[1,-1],[1,-2],[0,-4],[0,-3],[-1,-4],[0,-6],[1,0],[0,-3],[1,0],[0,-1],[2,0],[5,2],[2,1],[1,1],[5,2],[2,1],[3,0],[2,1],[0,-1],[0,-1],[1,0],[0,-1],[1,0],[1,0],[2,2],[1,0],[1,1],[1,1],[1,1],[1,0],[0,1],[1,0],[0,1],[1,0],[0,1],[1,0],[1,1],[1,0],[0,1],[0,1],[1,0],[0,1],[0,1],[1,1],[1,1],[1,1],[0,1],[1,0],[1,0],[0,1],[1,1],[0,1],[1,0],[0,1],[1,0],[0,-1],[1,1],[1,-1],[1,1],[1,1],[1,0],[1,0],[1,0],[1,1],[1,0],[1,1],[0,1],[1,0],[0,1],[1,1],[1,0],[1,3],[1,0],[1,0],[0,1],[2,0],[1,0],[0,-1],[1,0],[1,0],[0,-1],[0,-1],[0,-2],[2,1],[1,1],[1,0],[1,0],[1,0],[1,0],[1,0],[0,1],[1,0],[1,0],[0,1],[1,0],[1,0],[1,-1],[1,0],[2,0],[1,0],[0,1],[1,2],[1,1],[3,0],[0,1],[1,0],[1,0],[0,1],[0,1],[1,0],[1,1],[1,0],[1,0],[1,0],[1,0],[-1,0],[2,1],[1,0],[1,0],[1,0],[1,1],[1,1],[1,0],[1,0],[1,1],[2,0],[0,1],[1,1],[1,1],[1,0],[1,2],[1,0],[1,0],[0,1],[1,0],[1,0],[1,0],[1,0],[0,2],[1,1],[1,1],[1,0],[0,-1],[2,0],[1,0],[0,7],[1,13],[0,2],[0,1],[0,4],[0,3],[0,1],[-2,0],[0,2],[-1,0],[-1,0],[-1,0],[-1,0],[0,3],[0,3],[0,2],[-2,6],[0,2],[0,1],[-1,4],[-1,2],[1,1],[1,0],[-1,3],[0,4],[-1,3],[0,2],[0,2],[0,2],[0,1],[0,1],[2,-1],[2,0],[1,0],[1,0],[1,0],[1,0],[1,0],[1,0],[2,0],[2,0],[1,0],[1,0],[1,1],[4,0],[4,2],[4,2],[5,3],[5,1],[-1,4],[0,3],[-1,5],[2,0],[-1,4],[1,1],[0,2],[0,1],[-1,3],[-1,4],[-1,4],[2,2],[1,1],[2,2],[3,3],[2,1],[2,1],[1,1],[3,2],[1,0],[1,1],[2,0],[2,1],[1,1],[2,1],[3,2],[0,1],[1,0],[0,1],[1,1],[1,0],[1,1],[0,1],[0,1],[-1,1],[1,0],[1,0],[1,0],[1,1],[1,-1],[2,0],[0,-1],[1,0],[0,1],[1,0],[1,0],[1,1],[2,0],[1,0],[1,0],[0,1],[0,-1],[2,1],[1,0],[1,0],[1,0],[1,0],[1,0],[1,0],[0,1],[1,0],[1,0],[2,0],[1,-1],[0,-1],[1,-1],[1,0],[0,-1],[1,-1],[2,-1],[1,-1],[0,-1],[1,0],[1,-1],[1,0],[1,0],[1,-1],[2,0],[0,-4],[1,-4],[1,-2],[0,-1],[1,-4],[1,-2],[-24,-17],[-3,-17],[4,1],[17,-1],[1,-1],[11,1],[5,-18],[11,-3],[1,-3],[1,-4],[-1,-19],[5,-2],[5,-7],[-3,-3],[0,-3],[8,2],[3,3],[2,1],[4,2],[6,9],[4,21],[-4,10],[1,3],[0,3],[19,4],[0,4],[6,3],[11,4],[0,-2],[1,-3],[4,0],[3,0],[2,0],[0,-5],[4,0],[-1,-6],[1,-4],[1,0],[2,0],[0,-2],[0,-8],[-2,0],[-2,0],[-3,0],[-4,-1],[1,-3],[-4,-1],[-2,0],[0,-3],[5,-2],[1,-2],[1,-2],[0,-3],[1,0],[1,2],[1,1],[2,0],[4,-1],[4,0],[0,2],[0,4],[-1,2],[4,0],[0,-1],[3,1],[5,0],[1,0],[2,0],[5,1],[3,1],[0,-2],[2,-4],[1,-1],[2,-3],[1,-3],[5,-3],[6,2],[15,3],[10,1],[5,2],[1,4],[2,10],[10,4],[5,10],[5,2],[5,9],[16,19],[5,4],[7,3],[4,-1],[9,-5],[5,1],[6,3],[5,6],[2,3],[3,7],[2,2],[3,1],[2,0],[7,-4],[6,-2],[2,-1],[1,-1],[0,-2],[0,-2],[-1,-9],[1,-2],[1,-4],[1,-2],[0,-1],[1,0],[2,-1],[1,1],[1,1],[1,0],[3,1],[1,0],[0,1],[0,1],[0,4],[0,1],[0,2],[0,2],[0,1],[0,1],[0,1],[0,1],[1,0],[1,0],[1,1],[1,0],[1,1],[1,-1],[1,1],[2,0],[1,0],[1,0],[1,-1],[0,-1],[1,0],[0,-1],[0,-2],[0,-1],[0,-1],[0,-2],[-1,-2],[0,-1],[1,0],[0,-1],[1,-1],[1,0],[0,-1],[1,0],[1,0],[1,0],[0,1],[1,0],[1,0],[1,0],[1,0],[1,0],[2,0],[0,1],[1,0],[0,1],[1,1],[1,1],[2,3],[5,18],[7,6],[12,-2],[4,2],[4,-8],[1,-1],[2,1],[2,0],[2,0],[3,-1],[2,1],[0,-5],[1,0],[2,0],[1,0],[2,0],[3,4],[4,1],[2,1],[2,1],[2,1],[2,1],[12,4],[-2,11],[-1,3],[0,1],[1,2],[5,2],[4,-3],[3,-3],[1,4],[3,1],[4,-4],[6,2],[3,3],[15,15],[2,1],[7,7],[7,-4],[19,8],[4,-7],[11,2],[10,1],[1,1],[1,0],[0,1],[2,0],[0,1],[2,1],[3,2],[2,0],[2,2],[1,1],[2,1],[0,1],[1,0],[2,2],[1,1],[1,0],[4,1],[4,0],[3,0],[4,-1],[2,-3],[5,-1],[1,-4],[2,-3],[5,-5],[1,-1],[2,0],[2,-2],[1,-2],[0,-1],[2,-3],[3,-2],[0,-1],[15,-21],[5,-6],[2,-8],[4,-11],[9,-11],[12,-15],[7,1],[11,-2],[1,-3],[0,-1],[0,-1],[8,-26],[-8,-52],[-1,-4],[24,-17],[10,-16],[3,-7],[28,3],[1,0],[14,14],[1,2],[7,6],[20,18],[22,19],[8,5],[0,1],[1,0],[20,14],[5,4],[14,6],[16,3],[14,-5],[3,7],[1,2],[3,1],[1,1],[1,0],[3,2],[2,0],[1,1],[2,1],[1,0],[1,0],[3,2],[2,1],[1,0],[3,1],[4,1],[3,0],[4,0],[3,0],[1,0],[3,0],[4,0],[2,0],[3,0],[1,-3],[1,-4],[1,-3],[1,-1],[0,-1],[0,-1],[2,-4],[2,-1],[1,0],[3,-1],[2,-1],[21,25],[5,19],[1,2],[1,2],[5,0],[3,2],[2,3],[4,4],[7,2],[21,-10],[2,-1],[1,0],[12,7],[5,-1],[0,-1],[4,-2],[1,-2],[1,0],[1,-3],[6,-4],[2,-4],[1,-2],[1,-4],[0,-3],[1,-1],[0,-3],[1,-1],[0,-3],[1,-3],[0,-4],[1,-4],[2,-3],[31,16],[17,-3],[4,-4],[19,-5],[5,13],[1,2],[0,1],[1,10],[1,2],[0,3],[1,4],[1,3],[2,7],[3,1],[5,1],[4,1],[2,1],[2,0],[2,1],[4,1],[2,1],[1,0],[-1,2],[-1,0],[-1,3],[-2,3],[-1,5],[-1,5],[0,5],[0,2],[0,1],[1,1],[1,1],[0,1],[1,0],[3,3],[3,3],[2,2],[5,1],[1,0],[1,0],[2,1],[3,0],[4,0],[3,0],[2,0],[1,0],[3,0],[0,3],[1,3],[9,14],[4,6],[2,1],[4,3],[14,5],[3,0],[2,0],[2,1],[2,0],[2,-2],[1,0],[1,0],[2,0],[2,-1],[15,-1],[6,0],[11,-1],[1,0],[2,7],[1,2],[1,0],[2,-3],[1,0],[3,-1],[1,0],[1,-1],[2,0],[4,-2],[1,-1],[4,-1],[1,-1],[2,0],[3,-1],[2,-2],[3,1],[2,0],[3,2],[3,1],[6,3],[6,0],[3,-1],[5,-2],[2,0],[6,-1],[3,-2],[4,1],[4,1],[2,0],[10,0],[1,-1],[13,-1],[10,-1],[5,0],[1,0],[3,-1],[1,0],[2,1],[4,-2],[1,0],[22,-6],[3,-2],[1,-1],[0,-1],[4,-3],[2,-4],[0,-2],[-1,-1],[-1,-2],[2,-6],[1,-5],[1,0],[1,-4],[10,-1],[15,2],[1,0],[3,0],[5,-1],[13,-13],[20,-21],[60,35],[9,4],[75,29],[59,100],[11,19],[15,44],[6,17],[7,30],[7,31],[2,1],[1,0],[4,1],[3,1],[1,0],[6,2],[2,0],[7,2],[3,1],[3,1],[3,0],[1,1],[1,0],[2,0],[5,2],[8,2],[2,0],[4,1],[7,1],[1,0],[3,0],[5,1],[6,-1],[6,3],[19,4],[4,1],[2,1],[1,0],[28,1],[8,-6],[0,-1],[8,-10],[5,-6],[13,-13],[12,-12],[23,-18],[15,-5],[6,-2],[27,-16],[23,-35],[4,-6],[6,-38],[0,-1],[2,-31],[6,-19],[4,-9],[1,-3],[7,-1],[40,-25],[8,-4],[16,-15],[16,-15],[21,-22],[7,-8],[4,-3],[6,-7],[14,-17],[1,-1],[2,-3],[1,0],[47,-76],[11,-11],[5,-5],[15,12],[34,40],[14,28],[9,32],[25,54],[17,38],[39,43],[26,16],[50,23],[43,19],[14,6],[28,9],[69,31],[2,1],[2,1],[10,4],[5,2],[5,6],[3,4],[1,1],[9,9],[11,16],[1,11],[-14,9],[-17,23],[-10,45],[12,32],[13,30],[19,15],[27,17],[14,11],[28,27],[2,5],[39,71],[12,33],[12,53],[11,46],[-11,205]],[[4177,6156],[24,1],[172,4],[369,-47],[68,-9],[389,-94],[10,5],[2,2],[1,0],[1,0],[1,0],[1,0],[1,0],[1,0],[1,0],[1,0],[1,0],[1,0],[1,0],[1,0],[1,0],[1,0],[1,0],[1,0],[1,0],[1,0],[1,0],[1,0],[1,0],[1,0],[1,0],[1,0],[1,0],[1,0],[1,0],[1,0],[1,0],[1,0],[1,0],[1,0],[0,-1],[1,0],[1,0],[1,0],[1,0],[1,0],[1,0],[0,-1],[1,0],[1,0],[1,0],[1,0],[1,0],[0,-1],[1,0],[1,0],[1,0],[1,0],[0,-1],[1,0],[1,0],[1,-1],[1,0],[1,0],[0,-1],[1,0],[1,0],[1,-1],[1,0],[1,0],[0,-1],[1,0],[1,0],[0,-1],[1,0],[1,0],[0,-1],[1,0],[1,0],[0,-1],[1,0],[1,0],[0,-1],[1,0],[1,-1],[1,0],[0,-1],[1,0],[1,0],[0,-1],[1,0],[0,-1],[1,0],[1,0],[0,-1],[1,0],[0,-1],[1,0],[1,-1],[1,0],[0,-1],[1,0],[0,-1],[1,0],[1,-1],[0,-1],[1,0],[0,-1],[1,0],[0,-1],[0,-1],[1,0],[0,-1],[0,-1],[1,0],[0,-1],[0,-1],[0,-1],[1,0],[0,-1],[0,-1],[0,-1],[1,0],[0,-1],[0,-1],[0,-1],[0,-1],[1,-1],[0,-1],[0,-1],[0,-1],[0,-1],[0,-1],[0,-1],[0,-1],[0,-1],[1,-1],[0,-1],[0,-1],[-1,0],[0,-1],[0,-1],[0,-1],[0,-1],[0,-1],[0,-1],[0,-1],[0,-1],[-1,0],[0,-1],[0,-1],[0,-1],[0,-1],[-1,0],[0,-1],[0,-1],[0,-1],[0,-1],[1,0],[0,-1],[0,-1],[0,-1],[0,-1],[0,-1],[1,0],[0,-1],[0,-1],[1,0],[0,-1],[1,-1],[0,-1],[1,0],[0,-1],[1,0],[0,-1],[1,0],[0,-1],[1,0],[1,0],[0,-1],[1,0],[1,0],[0,-1],[1,0],[1,0],[1,0],[1,0],[1,0],[1,0],[1,0],[1,0],[0,-1],[1,0],[1,0],[1,0],[1,0],[1,0],[1,0],[1,-1],[1,0],[1,0],[1,0],[1,0],[0,-1],[1,0],[1,0],[1,0],[1,-1],[1,0],[1,0],[0,-1],[1,0],[20,-11],[9,-2]],[[3991,6154],[186,2]],[[989,5193],[-3,5],[-2,1],[-4,2],[-4,1],[-7,0],[-6,0],[-2,4],[1,3],[3,6],[2,4],[0,6],[2,6],[0,8],[0,2],[0,1],[0,2],[-1,4],[-1,13],[-5,10],[-1,2],[-5,8],[-9,8],[-5,6],[-5,7],[-4,6],[-5,4],[-6,7],[-21,1],[-5,1],[-6,1],[-2,0],[-7,1],[-9,4],[-3,2],[-5,3],[-5,2],[-1,0],[-4,1],[-7,2],[-8,-1],[-5,-3],[-3,0],[-2,0],[-3,0],[-4,-3],[-6,-4],[-3,-2],[-2,-1],[-1,-1],[-1,-1],[-8,-4],[-4,-2],[-8,-4],[-4,-2],[-6,0],[-6,-1],[0,4],[0,1],[-1,8],[6,2],[10,2],[4,4],[1,5],[1,6],[4,18],[3,10],[1,3],[3,3],[5,1],[5,2],[1,0],[3,2],[21,9],[15,12],[1,1],[9,11],[24,1],[13,1],[19,3],[6,4],[1,8],[1,5],[2,7],[5,24],[2,5],[2,7],[5,20],[-1,3],[-2,0],[-5,4],[-1,4],[0,5],[0,2],[2,6],[5,3],[6,2],[5,2],[4,0],[3,2],[1,4],[-1,19],[0,12],[3,6],[0,1],[5,5],[3,6],[0,2],[-3,5],[-2,6],[2,9],[2,6],[2,7],[-2,6],[-2,4],[-1,2],[-1,3],[-4,9],[0,4],[2,7],[-1,8],[0,2],[-1,3],[0,2],[-3,7],[-1,2],[-1,3],[-3,11],[0,8],[-1,4],[-1,4],[-2,8],[-1,10],[-3,4],[1,9],[-1,10],[-2,9],[1,4],[0,10],[0,4],[0,8],[1,4],[-2,5],[-5,8],[-3,3],[0,1],[-4,11],[-3,9],[1,18],[0,9],[-5,7],[-7,7],[-10,6],[-5,0]],[[904,5871],[1,1],[0,3],[5,21],[0,1],[3,13],[0,16],[5,15],[-2,19],[4,13],[1,4],[0,2],[-3,8],[-2,5],[-1,3],[-1,4],[-4,15],[0,4],[0,3],[1,1],[0,10],[10,2],[-2,3],[0,3],[2,3],[-2,3],[-1,4],[-5,8],[-1,1],[-3,5],[-1,7],[-2,8],[-1,4],[0,3],[5,11],[6,17],[-7,8],[-2,3],[-2,3],[-3,6],[-4,6],[-3,6],[-7,12],[0,1],[-1,2],[0,2],[-1,1],[0,2],[-1,3],[-1,3],[0,1],[-3,7],[-2,1],[-2,2],[0,5],[0,1],[-1,2],[-1,4],[-1,6],[0,8],[1,8],[3,13],[2,3],[0,6],[-1,3],[-2,2],[3,4],[-3,1],[2,10],[15,13],[0,4],[-2,3],[-4,3],[0,6],[1,3],[1,6],[2,0],[3,0],[3,0],[0,7],[-1,3],[0,6],[3,3],[-1,7],[0,7],[-1,15],[-1,21],[-1,12],[2,5],[0,25],[0,6],[0,7],[-1,17],[0,13],[0,4],[0,4],[0,8],[0,4],[-1,27],[11,12],[1,12],[-1,8],[2,4],[0,4],[-1,0],[-2,0],[-4,21],[0,7],[-13,15],[0,20],[0,15],[4,0],[3,8],[5,22],[-2,11],[0,3],[-8,0],[-1,1],[0,1],[-2,3],[-3,3],[0,5],[3,1],[2,2],[0,3],[-9,8],[0,1],[-1,0],[-3,3],[-2,1],[-2,1],[0,4],[8,28],[0,1],[0,-1],[5,-8],[1,0],[-1,-2],[1,0],[0,-1],[1,0],[0,-1],[1,0],[1,-3],[1,0],[1,0],[0,-1],[1,0],[1,0],[0,-1],[0,-2],[0,-1],[4,-1],[6,-2],[1,0],[1,-1],[1,0],[2,0],[6,0],[1,4],[4,4],[0,-1],[1,-1],[0,-1],[1,0],[1,1],[1,4],[1,1],[-1,3],[-2,2],[0,2],[1,3],[0,1],[1,0],[0,3],[1,1],[0,-1],[1,-3],[1,0],[1,0],[1,0],[-1,1],[-2,7],[0,3],[4,0],[3,-5],[-1,-1],[-1,1],[-2,0],[-1,-2],[1,-2],[1,-2],[0,-1],[1,-2],[0,-1],[2,0],[2,2],[0,-1],[1,-2],[-1,0],[0,-2],[0,-1],[-1,0],[0,1],[-1,0],[-1,-2],[-1,-2],[-1,-2],[0,-2],[-1,-1],[1,-3],[4,3],[4,8],[0,6],[2,17],[-3,5],[-4,5],[1,7],[1,10],[3,2],[1,1],[1,2],[3,1],[0,3],[-1,4],[0,3],[0,2],[0,2],[-3,8],[2,4],[1,1],[1,1],[1,0],[6,-7],[3,6],[-1,5],[-1,2],[-2,2],[-11,12],[0,2],[-5,5],[-3,5],[-13,9],[-4,6],[-4,20]],[[909,6866],[40,-4],[8,-1],[12,-7],[13,-2],[6,4],[6,3],[2,4],[3,1],[2,1],[3,2],[3,-1],[3,-1],[4,-1],[3,0],[6,-4],[7,-5],[4,1],[1,7],[0,3],[1,4],[0,4],[0,4],[2,5],[2,2],[2,2],[5,0],[4,-1],[4,-1],[6,-6],[2,-3],[2,-2],[5,-10],[1,-1],[3,-7],[7,-8],[2,-6],[0,-3],[-1,-3],[-8,-2],[-1,-14],[1,-6],[1,-5],[2,-4],[4,-3],[5,1],[4,0],[2,1],[1,0],[8,3],[3,2],[4,-4],[2,-4],[0,-3],[4,-3],[10,2],[3,1],[2,5],[-1,5],[2,4],[3,2],[7,-4],[1,-1],[5,0],[2,0],[3,0],[1,0],[0,-5],[2,-3],[2,-2],[5,-7],[2,-3],[3,-3],[4,-5],[3,-4],[3,-4],[0,-9],[1,-7],[0,-8],[0,-4],[-2,-11],[-3,-14],[-2,-5],[-21,-2],[-3,0],[-4,0],[-2,-4],[1,-6],[5,-1],[10,1],[6,-2],[2,-9],[0,-5],[-4,-13],[-4,-7],[-2,-8],[1,-2],[1,-10],[1,-9],[-2,-18],[0,-4],[0,-8],[-1,-8],[0,-8],[0,-5],[2,-10],[5,-1],[8,-1],[3,-10],[0,-9],[-8,0],[-4,-8],[0,-2],[0,-4],[0,-5],[-1,-7],[-3,-2],[-4,-6],[0,-8],[4,-12],[-2,-8],[-4,-12],[0,-2],[0,-2],[0,-15],[0,-4],[1,-10],[1,-6],[4,-4],[2,-1],[6,-1],[3,-1],[6,-2],[6,0],[6,0],[13,0],[3,-2],[4,-9],[8,0],[9,8],[2,2],[3,-1],[4,-9],[3,-9],[-5,-12],[0,-6],[7,-14],[9,-3],[1,-1],[1,-2],[0,-17],[-1,-12],[2,-7],[-3,-18],[0,-2],[0,-2],[2,-1],[3,-1],[1,0],[1,0],[5,-2],[3,0],[2,0],[1,0],[2,0],[1,0],[2,0],[1,0],[1,0],[1,-3],[0,-2],[1,-3],[0,-1],[1,-1],[0,-1],[2,-2],[0,-2],[-1,-3],[-1,-1],[-1,-2],[0,-3],[1,-1],[1,-1],[2,-1],[3,-2],[2,-1],[3,-1],[6,-2],[4,-2],[3,-1],[3,-2],[1,0],[0,-1],[1,-1],[1,-1],[1,1],[2,-1],[1,0],[1,0],[1,0],[1,0],[2,0],[1,0],[3,-1],[2,-2],[1,-5],[0,-6],[1,-4],[1,-7],[3,-2],[3,-1],[6,-5],[1,0],[3,-3],[5,-5],[4,0],[1,-4],[-3,-9],[-10,-24],[-1,-4],[0,-1],[0,-1],[0,-3],[0,-1],[1,-1],[2,-4],[11,1],[2,1],[7,1],[4,0],[5,0],[9,-2],[7,-1],[8,1],[6,4],[6,5],[5,3],[22,7],[6,5],[1,0],[4,-4],[2,-5],[-1,-4],[0,-2],[0,-11],[0,-2],[-2,-7],[1,0],[3,1],[5,0],[1,1],[2,0],[4,-1],[24,-3],[3,0],[2,0],[3,-1],[2,0],[2,-1],[3,0],[21,-12],[0,-15],[0,-3],[0,-3],[0,-4],[0,-2],[0,-2],[0,-1],[0,-1],[0,-1],[0,-2],[0,-1],[0,-1],[2,2],[2,2],[2,-1],[2,0],[4,0],[1,0],[4,2],[0,1],[0,1],[0,1],[0,2],[0,2],[0,1],[0,2],[2,5],[6,6],[0,4],[1,8],[7,3],[8,2],[5,1],[4,7],[4,4],[7,0],[15,-2],[8,-2],[12,0],[9,3],[5,0],[3,0],[18,-1],[15,-1],[4,-1],[7,0],[15,3],[20,2],[31,4],[6,11],[2,2],[4,-1],[2,-1],[11,-3],[2,0],[1,0],[8,-2],[4,1],[4,0],[16,3],[4,1],[2,0],[2,1],[4,0],[2,0],[2,0],[5,-3],[6,1],[10,0],[4,-1],[2,0],[1,0],[2,-1],[6,-5],[3,-4],[3,0],[2,0],[6,-3],[3,-6],[2,-6],[1,-7],[1,-10],[-1,-3],[0,-3],[-1,-3],[0,-2],[0,-6],[1,0],[11,-4],[13,-4],[29,9],[2,0],[6,0],[8,1],[1,0],[1,0],[1,0],[2,0],[3,-1],[2,0],[5,-1],[4,-1],[3,-2],[4,0],[1,0],[5,-1],[2,2],[7,4],[1,2],[-2,6],[1,3],[1,3],[2,3],[1,4],[0,3],[2,2],[2,2],[1,3],[2,1],[1,1],[1,3],[7,5],[5,4],[3,1],[3,1],[2,2],[4,2],[5,1],[2,2],[1,0],[1,1],[1,1],[3,2],[1,1],[1,2],[1,4],[1,4],[2,7],[2,4],[3,11],[2,5],[6,2],[6,-2],[7,-8],[9,-29],[2,-1],[8,-2],[3,-1],[7,1],[5,0],[3,1],[1,-3],[1,-3],[2,0],[2,-1],[7,1],[2,-1],[1,2],[1,0],[9,2],[2,0],[3,-1],[26,1],[4,0],[3,1],[2,0],[1,0],[1,2],[1,1],[1,1],[0,1],[0,1],[1,0],[0,2],[1,1],[1,1],[0,1],[2,1],[1,1],[1,1],[1,1],[1,1],[1,1],[3,3],[1,0],[1,1],[1,1],[1,1],[2,1],[1,1],[1,1],[1,1],[2,1],[2,2],[1,1],[3,2],[3,3],[1,3],[0,1],[0,2],[0,1],[0,2],[1,4],[0,2],[0,1],[0,1],[1,2],[0,2],[0,3],[0,2],[-6,10],[1,4],[1,5],[0,5],[-2,4],[-1,5],[1,4],[3,16],[1,1],[5,1],[1,1],[1,0],[1,0],[5,2],[5,2],[2,-3],[3,-3],[2,-5],[31,-15],[1,4],[1,3],[2,4],[5,13],[5,6],[5,8],[4,10],[1,5],[3,8],[1,11],[0,8],[-1,11],[3,13],[3,4],[11,1],[13,8],[10,13],[10,17],[2,7],[-1,13],[5,7]],[[799,7003],[-5,-16],[-4,-20],[-1,-9],[-1,-6],[1,-8],[1,-1],[1,-2],[1,-1],[16,-10],[2,1],[10,2],[9,-7],[12,-8],[7,-5],[1,-1],[1,-1],[12,-14],[3,-12],[0,-1],[9,-10],[2,-6],[1,0],[16,-1],[4,-1],[2,1],[1,0],[1,0],[2,0],[6,-1]],[[904,5871],[-9,1],[-6,-3],[-12,-3],[-7,-5],[-4,-3],[-5,-7],[-5,-9],[-4,-6],[-6,-3],[-6,-3],[-2,-4],[-2,-4],[0,-6],[-6,-1],[-4,-2],[-3,-1],[-4,-3],[-2,-2],[-3,-2],[-6,1],[-6,2],[-7,6],[-7,1],[-4,1],[-4,0],[-6,-1],[-7,-2],[-3,0],[-6,0],[-5,-2],[-3,1],[-2,-4],[-3,-1],[-5,1],[-7,1],[-6,1],[-9,0],[-6,2],[-4,1],[-5,-1],[-3,1],[-4,0],[-4,-1],[-3,0],[-4,0],[-3,0],[-4,2],[-2,0],[-4,1],[-4,0],[-5,1],[-2,-1],[-5,1],[-4,0],[-3,-1],[-4,-2],[-3,1],[-3,0],[-1,0],[-2,3],[-1,3],[-4,3],[-4,3],[-6,0],[-9,0],[-9,0],[-5,-2],[-6,2],[-4,2],[-6,9],[-9,11],[-8,11],[-5,5],[-3,4],[-4,-1],[-2,0],[-2,0],[-3,-3],[0,-2],[-1,-3],[-2,-4],[-4,-2],[-3,-1],[-2,0],[-2,2],[-3,9],[0,10],[-2,5],[-6,2],[-5,1],[-6,0],[-4,0],[-4,4],[-2,5],[0,1],[0,7],[-2,3],[-3,1],[-2,2],[-2,1]],[[491,5905],[2,1],[12,0],[5,-5],[9,-19],[7,-3],[3,2],[-2,4],[-5,2],[-6,18],[-14,8],[-14,-2],[-7,-3],[-11,-5],[-5,11],[0,3],[-2,16],[7,55],[-8,83],[2,33],[-3,27],[-5,37],[-4,22],[1,6],[6,8],[-1,6],[-61,78],[-1,1],[-23,21],[-32,24],[-20,15],[-7,5],[-3,6],[-13,12],[-21,5],[-6,1],[-1,-2],[-2,-2],[-11,-11],[-4,1],[-3,4],[-8,8],[-7,2],[-4,9],[1,0],[1,2],[11,15],[6,19],[-3,17],[0,3],[0,1],[-4,6],[-21,9],[-1,2],[-3,8],[-27,24],[1,6],[15,23],[-6,13],[-4,0],[-2,1],[-10,-6],[-1,0],[-1,-1],[-7,-1],[-2,0],[-4,-1],[-3,5],[1,2],[1,4],[2,0],[3,0],[4,1],[7,0],[5,5],[4,4],[6,1],[5,-3],[3,-2],[3,1],[3,1],[0,1],[7,10],[4,2],[5,2],[3,8],[-1,10],[0,2],[1,3],[1,4],[1,1],[2,1],[2,0],[1,0],[10,-9],[4,8],[-5,12],[0,1],[4,7],[4,5],[3,18],[0,15],[-6,17],[-3,10],[-6,7],[-8,8],[3,12],[2,8],[7,8],[2,3],[9,6],[1,1],[3,0],[9,1],[12,7],[3,10],[1,3],[6,8],[2,3],[1,4],[3,6],[2,7],[1,0],[8,4],[4,9],[2,3],[2,3],[13,12],[5,30],[1,5],[0,1],[1,1],[9,10],[4,5],[2,15],[-10,31],[0,11],[0,15],[-10,19],[-4,24],[-5,10],[-9,16],[0,8],[0,3],[-4,12],[-2,2],[-11,11],[0,5],[-1,7],[2,3],[4,11],[-3,7],[-1,-1],[-1,0],[-14,-2],[-4,4],[2,2],[1,1],[2,1],[1,1],[2,0],[5,1],[16,4],[13,-12],[9,3],[6,-6],[1,0],[2,0],[13,4],[12,7],[7,8],[7,9],[2,1],[2,1],[9,5],[9,10],[9,30],[5,17],[10,33],[3,11],[8,12],[10,6],[7,4],[4,-5],[1,0],[0,-1],[6,-6],[9,-11],[12,3],[3,1],[1,0],[7,2],[18,11],[5,2],[8,5],[32,17],[6,2],[1,0],[3,1],[1,0],[2,0],[2,0],[3,-1],[2,0],[2,0],[11,-13],[3,-5],[7,-14],[-2,-31],[-10,-38],[0,-2],[1,-1],[1,-9],[1,-2],[2,-2],[0,-1],[1,0],[1,-1],[4,-2],[16,0],[2,0],[12,-1],[3,0],[6,0],[1,0],[1,0],[35,-11],[33,-10],[30,-6],[8,-7],[18,-14],[3,-5],[8,-12],[20,-53]],[[799,7003],[8,-5],[4,-3],[4,-1],[5,0],[10,19],[6,12],[4,9],[3,24],[2,26],[2,27],[2,14],[0,5],[0,1],[-1,5],[-8,26],[-3,4],[10,31],[0,3],[12,23],[3,5],[0,1],[2,5],[7,11],[6,8],[4,8],[3,4],[12,9],[12,9],[18,5],[3,1],[2,1],[2,0],[13,0],[2,-1],[4,-1],[1,0],[3,-1],[3,-1],[14,-9],[9,-5],[1,0],[8,-1],[2,0],[5,-1],[13,5],[6,2],[5,7],[-1,3],[-4,8],[-3,7],[-9,21],[4,18],[1,5],[1,2],[3,3],[3,4],[15,11],[1,1],[6,4],[28,-17],[11,-7],[10,0],[9,-1],[17,6],[9,6],[6,6],[6,18],[-2,22],[-1,10],[1,1],[0,1],[1,2],[2,7],[1,1],[13,16],[4,12],[-1,4],[0,4],[0,5],[-3,10],[-6,22],[1,1],[1,4],[10,21],[2,5],[-6,13],[-7,8],[-1,1],[-2,4],[-2,5],[0,3],[0,5],[0,1],[-1,2],[0,6],[-5,17],[-1,5],[16,47],[-5,18],[-18,36],[6,17],[2,6],[3,4],[2,3],[1,2],[1,2],[3,3],[0,1],[8,2],[4,0],[3,1],[3,3],[0,1],[0,2],[3,12],[0,1],[-1,6],[-6,18],[-1,3],[0,20],[0,1],[9,6],[12,-6],[2,-1],[10,-8],[10,-9],[13,-6],[1,-1],[32,-5],[7,-5],[4,-3],[3,-1],[3,-2],[1,-1],[2,-1],[9,2],[1,1],[1,1],[4,3],[3,7],[3,6],[4,11],[1,3],[1,3],[2,10],[1,8],[1,7],[1,0],[4,3],[7,-3],[7,-3],[6,-3],[9,9],[1,1],[1,1],[9,5],[14,0],[7,0],[2,0],[6,0],[22,-20],[31,9],[1,0],[5,-1],[2,0],[6,-4],[2,-2],[3,-2],[27,-21],[13,-2],[6,1],[2,1],[6,1],[19,23],[1,0],[3,0],[18,0],[15,0],[14,0],[14,16],[24,14],[6,12],[1,5],[1,4],[-9,13],[-6,9],[-1,1],[0,1],[-4,9],[0,5],[0,1],[0,1],[-1,3],[1,1],[2,4],[7,16],[1,5],[1,2],[0,1],[0,2],[-5,7],[-3,3],[-20,6],[-15,5],[-3,14],[0,2],[0,1],[0,19]],[[8380,6351],[-17,12],[-100,77],[-91,10],[-56,7],[-55,4],[-69,5],[-21,-2],[-60,-2],[-63,29],[-35,16],[-64,31],[-78,29],[-16,6],[-44,16],[-23,8],[-11,11],[-14,11],[-7,11],[-11,13],[-25,15],[-19,10],[-48,43],[-17,19],[-16,15],[-7,7],[-23,34],[-59,54],[-19,19],[-18,19],[-12,15],[-10,13],[-19,12],[-20,12],[-8,5],[-8,5],[-22,28],[-16,18],[-29,36],[-13,15],[-32,35],[-11,17],[-3,-1],[-17,24],[-15,19],[-7,24],[-9,18],[-4,14],[-7,24],[-17,28],[-27,17],[-35,12],[-13,12],[-29,17],[-12,6],[-25,19],[-14,9],[-14,19],[-16,22],[-6,34],[-3,8],[-31,4],[-17,2],[-21,16],[-31,30],[-17,16],[-18,12],[-27,16],[-23,15],[-13,10],[-11,42],[-5,24],[-17,34],[-15,18],[-17,12],[-31,27],[-18,17],[-23,17],[8,21],[-7,17],[-7,17],[-18,14],[-51,35],[-16,23],[-67,181],[-2,1],[-5,3]],[[6321,8038],[-55,38],[0,1],[-1,0],[-1,0],[0,1],[-1,0],[-1,0],[0,1],[-1,0],[-1,0],[0,1],[-1,0],[-1,0],[-1,0],[0,1],[-1,0],[-1,0],[-1,0],[-1,0],[0,1],[-1,0],[-1,0],[-1,0],[-1,0],[-1,0],[-1,0],[-1,0],[-1,0],[-1,-1],[-1,0],[-1,0],[-1,0],[-1,0],[0,-1],[-1,0],[-1,0],[-1,0],[-1,0],[-1,0],[-1,0],[-1,0],[0,1],[-1,0],[-1,0],[-1,0],[-1,0],[0,1],[-1,0],[-1,0],[-1,0],[0,1],[-1,0],[-1,0],[0,1],[-1,0],[-1,0],[0,1],[-1,0],[0,1],[-1,0],[0,1],[-1,0],[0,1],[-1,0],[0,1],[-1,0],[0,1],[-1,0],[0,1],[-1,0],[0,1],[-1,0],[0,1],[0,1],[-1,0],[0,1],[-1,1],[0,1],[-1,0],[0,1],[0,1],[0,1],[-1,0],[0,1],[-1,0],[0,1],[-1,0],[0,1],[-1,0],[0,1],[-1,0],[0,1],[-1,0],[-1,1],[-1,0],[0,1],[-1,0],[-1,0],[-1,0],[0,1],[-1,0],[-1,0],[-1,0],[-1,0],[-1,0],[-1,0],[-1,0],[-1,0],[-1,0],[0,-1],[-1,0],[-1,0],[-1,0],[0,-1],[-1,0],[-1,-1],[-1,0],[0,-1],[-1,0],[0,-1],[-1,0],[0,-1],[-1,0],[0,-1],[-1,0],[-61,165],[-42,49],[-52,58],[-36,40],[-67,72],[-41,56],[-48,56],[-31,53],[-45,80],[-14,36]],[[5744,8766],[4,0],[29,6],[29,5],[25,8],[50,16],[5,0],[16,3],[7,1],[16,3],[11,1],[31,3],[15,1],[9,4],[4,2],[8,4],[22,10],[27,12],[9,2],[7,2],[124,12],[15,3],[9,2],[12,3],[15,3],[11,5],[10,6],[13,8],[6,4],[13,8],[19,13],[57,19],[25,12],[26,11],[39,26],[12,8],[3,2],[11,7],[1,1],[1,1],[10,6],[1,1],[1,0],[1,1],[1,0],[1,1],[1,0],[12,6],[12,5],[22,10],[2,0],[12,11],[10,9],[8,7],[10,13],[1,0],[0,1],[2,2],[1,1],[7,6],[18,6],[26,8],[24,8],[38,5],[19,5],[7,2],[7,2],[1,0],[1,1],[34,15],[4,2],[14,9],[5,4],[2,1],[16,11],[3,3],[5,3],[26,27],[6,6],[27,13],[25,18],[45,33],[2,1],[10,5],[10,4],[23,11],[14,7],[5,3],[1,0],[8,5],[5,3],[11,7],[17,13],[3,3],[4,5],[13,14],[12,14],[2,1],[26,18],[5,2],[30,10],[59,10],[1,0],[1,0],[44,8],[13,4],[7,2],[53,29],[29,25],[10,4],[39,14],[16,9],[42,22],[6,5],[15,13],[3,2],[25,18],[19,7],[30,3],[4,2],[13,5],[4,2],[4,3],[10,7],[21,14],[4,3],[7,0],[21,-1],[22,0],[11,-1],[3,-3],[5,-4],[4,-6],[5,-7],[4,-1],[2,-1],[3,0],[15,-4],[6,2],[5,2],[18,19],[23,12],[52,6],[22,-3],[7,0],[6,-1],[8,-1],[7,-3],[14,-6],[1,0],[6,-3],[5,-2],[41,-11],[4,-1],[43,-8],[41,-4],[12,-3],[23,-6],[1,0],[1,-1],[36,-9],[8,-2],[6,-1],[3,0],[13,-2],[4,-1],[1,0],[38,-1],[5,0],[6,0],[5,-1],[22,-11],[29,-14],[4,-5],[1,-1],[5,-14],[2,-5],[9,-7],[8,1],[14,1],[2,1],[3,0],[18,8],[2,2],[11,10],[10,4],[9,4],[1,1],[22,1],[91,0],[26,0],[8,0],[24,0],[34,0],[12,0],[122,-1],[18,2],[46,7],[10,1],[10,1],[1,0],[18,6],[6,2],[23,7],[54,25],[4,1],[1,1],[15,5],[22,7],[3,1],[1,0],[43,4],[11,0],[2,0],[48,-2],[23,4],[21,4],[1,0],[39,10],[23,6],[73,20],[32,8],[30,8],[63,16],[60,16],[37,22],[16,9],[5,4],[1,0],[2,1],[1,0],[59,23],[15,11],[6,5],[12,9],[39,23],[5,6],[5,6],[1,2],[13,31],[2,1],[4,5],[1,2],[2,2],[16,18],[13,12],[8,8],[28,19],[17,12],[5,5],[10,9],[20,36],[4,10],[9,20],[4,4],[1,1],[1,1],[2,0],[1,1],[3,1],[1,0],[2,-1],[8,-3],[3,-2],[1,-1],[-1,-1],[-1,-2],[0,-12],[-1,-1],[-6,-17],[0,-1],[-1,-2],[-13,-27],[-1,-3],[-1,-4],[2,-3],[1,-1],[2,-2],[1,-1],[5,-1],[3,0],[11,8],[8,0],[3,0],[1,0],[4,0],[3,0],[12,-4],[9,-7],[4,-3],[4,-4],[8,0],[4,-1],[7,5],[3,1],[4,3],[15,11],[2,-4],[6,-9],[4,-19],[5,-6],[1,-2],[14,-6],[7,-3],[9,-23],[10,-8],[1,-2],[22,-7],[9,-14],[2,-4],[0,-1],[2,-18],[-3,-9],[-2,-6],[-12,-12],[-10,-10],[-8,-28],[2,-15],[1,-6],[15,-44],[2,-5],[1,-4],[4,-7],[7,-11],[0,-7],[0,-13],[1,-1],[1,-4],[0,-10],[-4,-32],[-2,-17],[5,-1],[7,-4],[1,-2],[3,-6],[2,-4],[11,-4],[11,-10],[2,-4],[4,-12],[0,-14],[-71,-77],[-93,-101],[-13,-14],[-6,-7],[-18,-19],[-1,-2],[-66,-84],[-39,-49],[-3,-3],[-1,0],[0,-1],[-8,-8],[-44,-45],[-3,-2],[-24,-34],[-42,-59],[-11,-13],[-25,-29],[-3,-4],[-2,-2],[-1,-2],[-4,-4],[-35,-42],[-5,-5],[-6,-8],[-58,-73],[-42,-57],[-35,-49],[-95,-89],[-13,-13],[-24,-22],[-20,-19],[-11,-11],[-6,-2],[-89,-25],[-3,-1],[-48,-14],[-34,-9],[-1,-1],[-2,0],[-227,-46],[-142,-29],[-64,-13],[-1,-2],[-8,-17],[-2,-2],[-32,-62],[-81,-157],[-23,-44],[-25,-50],[-1,-16],[0,-15],[-1,-53],[-2,-60],[0,-41],[-6,-51],[-17,-159],[-14,-133],[-3,-18],[-2,-8],[-1,-5],[-7,-44],[8,-20],[8,-18],[95,-229],[51,-124],[19,-47],[3,-48],[0,-16],[12,-252],[5,-94],[-77,-133],[-79,-139]],[[8380,6351],[-9,-16],[-1,-21],[-3,-48],[-6,-102],[-1,-31],[-8,-31],[-20,-83],[-10,-40],[-10,-45],[-1,-4],[-1,-4],[-12,-67],[-6,-44],[-1,-10],[-1,-6],[-4,-27],[-10,-144],[2,-48],[1,-28],[0,-8],[1,-3],[0,-15],[1,-6],[1,-44],[5,-112],[5,-95],[0,-9],[1,-21],[0,-26],[0,-51],[0,-78],[3,-36],[2,-31],[4,-43],[3,-40],[-3,-9],[-2,-7],[-78,-125],[-2,-3],[-21,-34],[-39,-64],[-25,-65],[-1,-3],[-6,-16],[-13,-35],[-86,-233],[-3,-8],[-2,-6],[-22,-57],[-6,-8],[-2,-3],[-8,-5],[-4,-3],[-1,-3],[-1,-2],[-1,-2],[-7,-39],[-15,-9],[-7,-4],[-1082,-690]],[[5362,5919],[34,56],[300,494],[21,29],[141,233],[27,40],[23,36],[5,9],[6,9],[20,33],[7,10],[4,19],[12,16],[9,11],[40,2],[15,-16],[9,3],[-1,9],[-4,3],[10,99],[-4,208],[9,50],[-13,29],[5,29],[2,11],[12,7],[3,3],[5,10],[0,1],[10,5],[4,11],[1,3],[8,3],[2,1],[13,9],[-3,9],[2,11],[0,2],[7,11],[9,1],[6,1],[4,1],[2,1],[4,3],[1,2],[1,6],[2,2],[2,4],[9,6],[3,7],[6,1],[6,27],[2,1],[6,6],[6,5],[2,2],[3,12],[6,11],[-2,9],[6,8],[9,13],[3,7],[8,17],[15,5],[3,4],[7,12],[2,0],[4,1],[1,13],[6,10],[-4,10],[-5,4],[-3,16],[-6,0],[-2,8],[8,16],[1,8],[0,1],[10,20],[1,13],[17,17],[14,43],[7,6],[1,1],[7,0],[9,5],[5,16],[1,2],[2,3],[5,7],[2,12],[3,4],[3,5],[-1,10],[1,8],[1,3],[6,38],[-5,74],[-2,63]],[[360,5082],[3,-1],[2,-1],[0,-1],[1,-1],[-1,0],[0,1],[-1,1],[-1,0],[-1,1],[-1,0],[-1,1],[0,-1],[0,-1],[0,-1],[1,0],[1,0],[0,-1],[1,0],[0,-1],[0,-1],[0,-1],[1,0],[1,1],[1,0],[1,0],[-1,0],[0,-1],[0,-1],[0,-2],[-3,-1],[-3,0],[-1,1],[-1,0],[0,1],[-1,0],[0,1],[0,1],[0,1],[-1,1],[0,1],[0,1],[1,0],[0,1],[0,1],[1,0],[0,1],[2,0]],[[743,4640],[-1,-1],[-1,-1],[0,-1],[0,-1],[-1,0],[-1,-2],[-1,-2],[-2,0],[-2,-1],[-2,0],[-1,1],[-1,1],[-1,0],[-2,1],[-1,0],[-1,0],[-2,1],[-1,0],[-2,-1],[-1,-1],[0,1],[-1,0],[0,1],[-1,2],[-1,0],[-2,0],[-1,-1],[0,-1],[0,-1],[0,-1],[1,-1],[0,-1],[-2,-2],[-2,0],[-1,-1],[1,-1],[0,-1],[-1,-1],[-2,-2],[-1,0],[-1,2],[-1,0],[-1,0],[0,-1],[0,-1],[-1,-1],[-1,1],[-1,1],[-1,2],[-1,1],[-1,1],[-1,1],[-1,-1],[-1,0],[-1,-1],[-1,-1],[-1,0],[-1,0],[0,-1],[-1,0],[0,1],[0,1],[0,1],[0,2],[-1,1],[0,1],[0,1],[-1,0],[-1,0],[0,-1],[-1,-1],[0,-1],[-1,-1],[0,-1],[0,-1],[0,-1],[-2,-3],[0,-1],[-1,-1],[-1,0],[-1,0],[-1,1],[0,2],[0,1],[1,1],[0,1],[-1,1],[-1,1],[-1,1],[-1,1],[-1,0],[-2,0],[-1,0],[-1,1],[-2,0],[-1,-2],[0,-2],[0,-1],[-1,1],[0,1],[0,2],[0,1],[-1,1],[1,1],[0,1],[-1,1],[-1,0],[-1,0],[-2,0],[-1,-1],[0,-1],[0,-1],[-1,-1],[0,-1],[-1,0],[0,-1],[-2,0],[0,1],[-2,0],[-1,-1],[-1,-1],[-1,0],[-1,0],[-1,-2],[0,-1],[-1,0],[0,-1],[0,-1],[1,-1],[-1,-1],[0,-1],[-1,-1],[-1,1],[-1,0],[-1,1],[-1,0],[-2,1],[-1,0],[-1,1],[-1,0],[-1,0],[-1,-1],[-1,0],[-1,0],[0,1],[-1,0],[-1,0],[-4,-1],[-1,-1],[-1,-1],[-1,0],[0,1],[-1,0],[-1,0],[0,-1],[-1,0],[0,-1],[-1,0],[0,-1],[-2,1],[0,2],[0,1],[1,0],[0,1],[1,1],[0,1],[-1,1],[-1,0],[-1,-1],[-1,0],[-2,-2],[-1,0],[-1,0],[-1,0],[-1,0],[-1,1],[0,1],[-1,1],[0,1],[-1,0],[-1,0],[-1,0],[1,1],[-1,1],[0,1],[-1,1],[0,1],[0,1],[0,1],[-2,1],[-1,1],[-1,-1],[0,-1],[-1,1],[-2,1],[-1,0],[-1,1],[-1,1],[-1,0],[-1,0],[-2,2],[-1,0],[-2,2],[-1,1],[-2,2],[0,1],[-1,0],[-1,1],[-1,0],[-1,0],[-1,0],[-1,1],[-1,1],[0,1],[1,0],[0,1],[1,0],[1,1],[1,1],[0,1],[-1,0],[0,1],[-1,0],[-1,-1],[-1,0],[-1,-1],[-3,0],[-1,-1],[-1,0],[-1,-1],[-1,0],[0,-1],[-3,0],[-1,0],[-1,0],[-1,0],[-3,0],[-1,0],[-1,0],[-1,0],[-1,1],[0,3],[1,2],[1,2],[0,2],[0,2],[0,1],[-2,0],[-2,1],[-1,0],[-2,0],[-1,1],[-1,1],[-1,1],[-1,1],[-2,-1],[-1,0],[-1,-1],[-1,-1],[-1,-2],[0,-3],[1,-2],[1,-2],[0,-1],[0,-1],[0,-2],[-1,-1],[-1,-1],[-1,3],[-12,44],[-1,1],[-16,58],[-10,25],[0,1],[-10,26],[-9,37],[-3,28],[0,5],[0,17],[0,18],[-7,24],[-44,109],[-17,64],[-19,72],[9,21],[3,13],[-5,22],[1,11],[1,5],[-5,44],[7,49],[5,6],[1,3],[10,7],[7,8],[2,14],[-4,34],[-5,43],[-10,18],[1,10],[9,20],[3,25],[-6,25],[1,7],[0,11],[7,8],[1,1],[4,14],[8,2],[10,22],[4,24],[16,22],[3,12],[-3,17],[3,12],[36,26],[6,13],[3,13],[-5,31],[-8,33],[-8,25],[-20,35],[0,5],[3,5],[13,6]],[[4475,8901],[33,-34],[1,-1],[6,-6],[1,-1],[2,-2],[4,-5],[31,-34],[39,-36],[4,-1],[6,-4],[2,-1],[14,-3],[31,-7],[17,-4],[2,-1],[4,-1],[14,-1],[12,-2],[8,-1],[20,2],[46,-3],[2,0],[106,2],[4,0],[6,0],[4,0],[3,0],[21,1],[37,1],[44,8],[4,0],[27,1],[53,-7],[44,-5],[31,-9],[17,-5],[44,-13],[3,-1],[21,-7],[3,-1],[2,-1],[71,-25],[6,-1],[11,-1],[72,17],[19,6],[15,5],[67,21],[7,0],[72,9],[48,1],[10,1],[3,0],[2,1],[8,4],[1,0],[1,1],[2,1],[6,2],[9,-2],[4,0],[8,-2],[46,7],[7,1],[1,1]],[[1415,1731],[-9,-1],[-27,-3],[-8,-1],[-2,0],[-2,0],[-23,-2],[-14,-8],[-16,-15],[-5,-8],[-4,-14],[-8,-58],[-1,-20],[1,-23],[0,-1],[6,-18],[7,-17],[0,-2],[3,-7],[13,-29],[0,-1],[9,-21],[1,-1],[6,-4],[7,1],[5,-1],[6,-3],[6,-20],[1,-4],[3,-6],[13,-19],[4,-6],[1,-6],[2,-8],[-1,-2],[0,-3],[-7,-5],[-7,-4],[-7,-6],[-9,-8],[-39,-8],[-1,-1],[-1,0],[-1,0],[-6,0],[-25,-2],[-28,-5],[-22,-7],[-1,-1],[-4,-1],[-2,0],[-3,-1],[-1,-1],[-22,-7],[-13,-8],[-6,-7],[-18,-20],[-14,-16],[-12,-18],[-14,-24],[7,-37],[1,-15],[-11,-39],[-2,-21],[-2,-33],[0,-1],[-1,-1],[0,-1],[0,-1],[0,-1],[0,-1],[1,-1],[0,-1],[0,-2],[0,-1],[0,-3],[0,-2],[0,-2],[0,-3],[0,-3],[1,-6],[1,-15],[1,-9],[0,-4],[1,-6],[0,-2],[1,-3],[0,-6],[1,-10],[2,-19],[1,-4],[1,-7],[1,-6],[3,-29],[2,-14],[4,-10],[1,-2],[1,-2],[1,-2],[1,-1],[0,-1],[0,-1],[1,-1],[3,-29],[3,-30],[-2,-4],[-7,1],[-6,0],[-11,-4],[-1,-8],[-2,-10],[-1,-7],[-2,-7],[-11,-22],[-4,-7],[-4,-7],[3,-5],[1,-2],[7,-4],[1,-1],[9,-1],[12,-14],[7,0],[9,0],[2,1],[4,-11],[2,-2],[0,-1],[1,0],[0,-1],[1,-1],[1,-1],[1,-1],[1,-2],[1,0],[3,-4],[13,-4],[13,-5],[13,-7],[19,-8],[20,-15],[12,-14],[2,-18],[-2,-14],[-7,-17],[-9,-8],[-31,-4],[-14,-5],[-33,-19],[1,-18],[6,-33],[0,-5],[0,-1],[0,-7],[6,-20],[6,-12],[13,-3],[25,-1],[35,3],[2,0],[11,1],[11,0],[19,2],[20,-6],[11,-21],[-8,-37],[1,-6],[1,-8],[1,-2],[1,-5],[0,-3],[1,-2],[3,-17],[2,-12],[30,-41],[7,-14],[6,-14],[0,-2]],[[1372,315],[0,0]],[[1372,315],[1,-5],[0,-16],[-9,-17],[-19,-27],[-5,-8],[-2,-15],[-2,-13],[-5,-27],[-1,-9],[-6,-33],[-4,-13],[-3,-17],[-4,-15],[-4,-10]],[[1309,90],[-11,12],[-3,2],[-12,7],[-4,3],[-24,8],[-80,9],[-13,11],[-41,47],[-54,63],[-37,35],[-23,21],[-54,43],[-1,1],[-1,1],[-23,22],[-36,36],[-18,13],[-3,0],[-4,0],[-25,-15],[-5,-4],[-3,-2],[-21,8],[-45,4],[-6,-1],[-1,0],[-8,0],[-2,0],[-5,0],[-13,-1],[-29,-10],[-3,37],[-6,25],[-21,53],[-17,24],[-21,20],[-12,13],[-2,6],[5,47],[1,24],[-4,23],[-5,8],[-1,0],[1,0],[-1,0],[-19,7],[-13,2],[-25,-2],[-16,7],[-14,12],[-1,2],[0,3],[15,17],[0,17],[-5,7],[-7,5],[-18,1],[-16,12],[-6,8],[-4,21],[-12,13],[-9,1],[-7,-4],[-8,-1],[-17,7],[-10,-2],[-2,0],[-9,5],[-13,12],[-1,0],[-10,5],[-25,0],[-1,0],[-21,-9],[-8,-3],[0,-1],[-3,0],[-6,0],[-9,2],[-1,1],[-3,1],[-9,7],[-1,1],[-4,9],[-12,-2],[-2,-1],[-2,4],[-3,5],[7,17],[0,1],[0,1],[0,1],[0,1],[-2,7],[-9,6],[-27,-13],[-5,-3],[-16,-2],[-7,-7],[-1,-2],[0,-1],[-4,-11],[-1,-1],[-1,-2],[-6,-7],[-9,-6],[-4,0]],[[196,831],[1,0],[4,8],[9,19],[7,12],[1,3],[4,2],[4,4],[2,6],[1,2],[1,2],[2,0],[1,0],[2,1],[1,1],[-1,3],[0,2],[0,2],[1,0],[2,-1],[1,1],[1,1],[0,2],[0,1],[1,2],[0,2],[3,2],[2,4],[1,1],[2,2],[3,1],[1,3],[1,2],[5,2],[3,3],[3,0],[5,0],[3,0],[3,2],[1,2],[1,2],[1,0],[0,1],[3,-1],[3,2],[1,0],[0,1],[1,1],[-1,1],[0,2],[0,1],[1,1],[0,1],[1,1],[1,1],[4,2],[1,0],[2,2],[2,0],[0,2],[1,2],[1,0],[1,0],[1,0],[2,1],[1,1],[1,1],[0,2],[1,1],[1,0],[1,0],[1,1],[-1,1],[-1,0],[0,1],[1,1],[1,1],[1,0],[1,1],[0,2],[1,0],[0,1],[0,2],[0,2],[1,1],[2,0],[1,-1],[1,-1],[1,0],[1,1],[0,1],[1,0],[-1,1],[-1,2],[0,1],[1,2],[3,4],[1,1],[0,2],[2,1],[1,0],[1,1],[1,1],[1,2],[5,3],[0,2],[0,1],[1,0],[1,0],[0,1],[1,0],[1,0],[1,1],[0,2],[0,1],[0,1],[1,1],[0,1],[2,2],[2,3],[1,6],[0,2],[-1,2],[0,1],[0,1],[1,2],[0,1],[-1,5],[0,1],[-1,3],[0,1],[-1,1],[0,1],[3,13],[6,7],[1,0],[0,1],[1,0],[1,0],[1,1],[1,0],[1,0],[0,1],[1,0],[1,0],[1,1],[1,0],[1,1],[1,0],[1,1],[1,0],[0,1],[1,0],[1,1],[1,0],[0,1],[1,0],[1,1],[1,0],[0,1],[1,0],[0,1],[1,0],[1,1],[1,1],[1,0],[0,1],[1,1],[1,0],[0,1],[1,1],[1,0],[0,1],[1,1],[1,1],[1,1],[1,1],[0,1],[1,0],[0,1],[1,1],[0,1],[1,0],[0,1],[1,1],[0,1],[1,0],[0,1],[1,1],[0,1],[1,0],[0,1],[0,1],[1,0],[0,1],[1,1],[0,1],[0,1],[1,0],[0,1],[0,1],[1,0],[0,1],[0,1],[1,0],[0,1],[0,1],[1,1],[0,1],[7,8],[8,9],[1,2],[4,9],[16,-3],[2,2],[1,0],[3,2],[1,0],[20,27],[1,1],[1,0],[0,1],[1,0],[1,0],[0,1],[1,0],[1,0],[1,0],[1,0],[1,0],[1,0],[1,0],[0,-1],[1,0],[1,0],[1,0],[1,0],[1,0],[1,0],[1,0],[1,0],[0,1],[1,0],[1,0],[0,1],[1,0],[0,1],[1,0],[0,1],[0,1],[1,0],[0,1],[0,1],[1,0],[0,1],[0,1],[1,0],[0,1],[0,1],[0,1],[1,0],[0,1],[0,1],[0,1],[1,0],[0,1],[0,1],[0,1],[0,1],[1,0],[0,1],[0,1],[0,1],[0,1],[0,1],[0,1],[0,1],[0,1],[0,1],[0,1],[0,1],[0,1],[0,1],[0,1],[0,1],[0,1],[-1,0],[0,1],[0,1],[0,1],[0,1],[-1,1],[0,1],[0,1],[-1,0],[0,1],[-1,1],[0,1],[-1,1],[0,1],[-1,0],[0,1],[0,1],[-1,0],[0,1],[-1,0],[0,1],[0,1],[-1,0],[0,1],[-1,0],[0,1],[-1,0],[0,1],[2,12],[10,-7],[5,4],[3,7],[6,12],[6,6],[9,-1],[3,-3],[3,-2],[3,-6],[0,-1],[3,-10],[2,-4],[2,0],[3,1],[4,1],[4,-1],[5,1],[14,16],[-6,47],[-16,17],[2,10],[0,24],[-7,13],[-1,2],[-16,19],[-6,23],[0,9],[-25,34],[0,5],[0,11],[3,5],[10,12],[6,12],[2,4],[3,4],[4,7],[2,18],[1,9],[1,22],[1,2],[0,1],[1,0],[0,1],[1,1],[1,1],[1,1],[0,1],[1,0],[0,1],[1,0],[0,1],[0,1],[1,0],[0,1],[1,0],[0,1],[1,1],[0,1],[1,0],[0,1],[1,1],[0,1],[1,1],[1,1],[0,1],[1,1],[0,1],[1,1],[0,1],[1,0],[0,1],[1,1],[0,1],[1,1],[0,1],[0,1],[1,0],[0,1],[0,1],[1,1],[0,1],[1,1],[0,1],[1,1],[0,1],[0,1],[1,1],[0,1],[0,1],[1,1],[0,1],[0,1],[0,1],[1,0],[0,1],[0,1],[0,1],[1,1],[0,1],[0,1],[1,0],[0,1],[0,1],[0,1],[0,1],[1,1],[0,1],[0,1],[0,1],[0,1],[1,1],[0,1],[0,1],[0,1],[0,1],[0,1],[1,1],[-4,20],[-2,6],[0,18],[0,3],[2,6],[3,10],[2,4]],[[2733,695],[-549,-399],[-1,-1],[-124,-91],[-46,-33],[-36,-27],[-25,-18],[-11,-8],[-61,-44],[-23,-17],[-1,-1],[-1,-1],[-5,-3],[-19,-21],[-28,-31],[-116,23],[-31,6],[-16,3],[-4,1],[-20,-9],[-4,-2],[-2,-1],[-10,14],[-8,10],[-73,11],[-65,10],[-71,11],[-12,2],[-1,0],[-59,9],[-2,2]],[[196,831],[-10,0],[-2,0],[-3,-2],[-32,-14],[-10,-4],[-9,-13],[-5,-7],[-7,-4],[-8,-5],[-18,-24],[-2,-2],[-4,-7],[-1,0],[0,-1],[4,-11],[-7,-2],[-8,-8],[-10,10],[-4,-1],[-8,-10],[-7,-4],[-3,7],[-11,10],[-1,0],[2,3],[0,5],[-1,5],[1,5],[1,9],[1,5],[1,4],[0,1],[11,7],[4,7],[2,5],[0,2],[1,13],[2,14],[0,1],[1,10],[1,2],[3,4],[2,14],[2,8],[0,1],[-1,2],[-1,9],[0,1],[0,3],[10,42],[-11,31],[1,31],[-9,3],[-3,0],[-5,2],[2,20],[-6,27],[1,1],[2,2],[3,3],[1,2],[1,1],[3,3],[1,1],[0,16],[-7,18],[-3,8],[2,5],[-2,6],[-13,21],[-10,11],[-6,14],[-14,10],[0,10],[4,9],[4,1],[6,1],[1,1],[1,2],[3,8],[-4,11],[6,43],[1,9],[0,26],[3,8],[1,4],[2,57],[-3,9],[3,27],[-4,10],[3,23],[13,33],[8,43],[0,8],[-1,22],[5,13],[6,79],[14,31],[12,28],[-12,71],[4,34],[1,10],[1,28],[1,1],[6,10],[2,2],[3,2],[5,3],[0,1],[1,0],[2,2],[4,2],[2,13],[-2,6],[-4,3],[-13,-1],[-2,0],[-21,4],[-7,2],[-6,-4],[-3,-2],[-3,-3],[-23,-5],[-4,-1],[-1,0],[-1,1],[0,1],[-1,1],[1,1],[0,1],[1,0],[1,0],[1,1],[0,1],[-1,0],[0,1],[0,2],[-1,1],[0,1],[0,1],[0,1],[0,1],[0,2],[0,1],[0,2],[0,2],[-1,0],[-1,0],[-1,0],[-1,-1],[-1,0],[0,1],[0,1],[0,1],[-1,1],[0,1],[0,1],[1,0],[1,0],[1,0],[0,1],[0,2],[0,1],[-1,0],[0,1],[0,1],[1,1],[1,1],[1,0],[0,1],[0,1],[-1,0],[-1,1],[0,1],[0,1],[1,1],[0,2],[0,1],[0,2],[-1,2],[0,1],[-1,1],[0,1],[0,1],[-1,0],[0,2],[0,1],[0,1],[0,1],[0,1],[1,1],[1,0],[1,0],[1,1],[2,1],[2,1],[1,1],[2,1],[1,0],[3,2],[2,1],[1,0],[1,1],[1,0],[2,1],[1,0],[0,1],[2,1],[2,1],[1,0],[2,1],[1,1],[2,1],[2,-1],[4,-2],[1,-1],[3,-1],[3,-2],[1,0],[2,-1],[3,-1],[2,-2],[2,0],[0,-1],[1,1],[1,1],[4,4],[0,1],[2,2],[1,1],[1,1],[2,2],[2,3],[2,1],[2,2],[3,2],[3,2],[0,1],[0,-1],[1,1],[1,1],[1,1],[2,2],[2,2],[3,3],[2,3],[2,1],[0,1],[1,1],[1,1],[1,1],[1,0],[1,1],[2,1],[1,0],[1,0],[1,1],[1,0],[2,1],[1,1],[3,2],[2,1],[2,1],[3,2],[1,0],[2,1],[3,2],[0,1],[2,1],[1,1],[1,0],[2,2],[1,3],[1,2],[1,2],[0,3],[0,3],[1,2],[0,2],[1,4],[0,4],[1,3],[0,1],[0,2],[1,2],[0,1],[0,2],[1,2],[1,2],[1,1],[0,1],[2,1],[0,1],[1,1],[2,1],[2,1],[2,1],[2,1],[2,0],[2,0],[1,0],[2,0],[1,0],[2,0],[3,-1],[2,0],[3,-2],[3,-1],[2,-1],[1,-1],[1,0],[1,-1],[2,0],[2,-1],[1,0],[1,0],[3,2],[2,1],[1,0],[1,1],[1,0],[1,1],[0,1],[2,1],[1,1],[1,0],[2,1],[1,1],[1,0],[1,0],[2,0],[2,1],[2,0],[2,1],[2,1],[2,1],[2,1],[1,0],[1,1],[1,0],[2,1],[2,1],[3,2],[3,1],[1,1],[1,1],[1,0],[3,1],[1,1],[1,0],[1,1],[1,1],[2,1],[3,2],[1,1],[1,0],[2,1],[1,1],[1,1],[1,1],[3,2],[2,2],[2,2],[2,1],[0,1],[1,0],[1,1],[2,2],[2,2],[0,1],[2,2],[1,1],[1,2],[3,2],[2,1],[2,1],[2,1],[2,1],[2,1],[1,1],[1,1],[1,1],[1,1],[1,1],[1,1]]],"transform":{"scale":[0.0006771780084008353,0.0005003197309730976],"translate":[35.61393928500007,32.31644249000004]}}