{
    "type": "Topology",
    "objects": {
        "collection": {
            "type": "GeometryCollection",
            "geometries": [
                {
                    "type": "Polygon",
                    "arcs": [
                        [
                            0
                        ]
                    ]
                }
            ]
        }
    },
    "arcs": [
        [
            [
                597,
                8026
            ],
            [
                -112,
                -122
            ],
            [
                -75,
                -40
            ],
            [
                -112,
                -21
            ],
            [
                38,
                -81
            ],
            [
                37,
                -142
            ],
            [
                -75,
                -81
            ],
            [
                -74,
                -81
            ],
            [
                -37,
                -61
            ],
            [
                -75,
                -82
            ],
            [
                -75,
                -142
            ],
            [
                -37,
                -81
            ],
            [
                187,
                -61
            ],
            [
                186,
                -21
            ],
            [
                149,
                -102
            ],
            [
                112,
                -61
            ],
            [
                0,
                -142
            ],
            [
                38,
                -143
            ],
            [
                37,
                -123
            ],
            [
                0,
                -143
            ],
            [
                -112,
                -61
            ],
            [
                -37,
                -123
            ],
            [
                37,
                -164
            ],
            [
                -75,
                -123
            ],
            [
                -37,
                -143
            ],
            [
                112,
                -164
            ],
            [
                112,
                -144
            ],
            [
                75,
                -164
            ],
            [
                74,
                -103
            ],
            [
                299,
                -21
            ],
            [
                298,
                21
            ],
            [
                410,
                -41
            ],
            [
                150,
                123
            ],
            [
                186,
                -62
            ],
            [
                261,
                -41
            ],
            [
                -74,
                -103
            ],
            [
                -112,
                -82
            ],
            [
                -112,
                -82
            ],
            [
                224,
                -42
            ],
            [
                149,
                -82
            ],
            [
                261,
                -62
            ],
            [
                -37,
                -144
            ],
            [
                112,
                -145
            ],
            [
                37,
                -124
            ],
            [
                112,
                -103
            ],
            [
                -261,
                -186
            ],
            [
                -149,
                -125
            ],
            [
                -299,
                -124
            ],
            [
                -224,
                -124
            ],
            [
                150,
                -166
            ],
            [
                0,
                -83
            ],
            [
                -299,
                -42
            ],
            [
                -149,
                -125
            ],
            [
                -224,
                -124
            ],
            [
                -298,
                -84
            ],
            [
                -299,
                -166
            ],
            [
                149,
                -83
            ],
            [
                -149,
                -125
            ],
            [
                -298,
                -167
            ],
            [
                -299,
                -209
            ],
            [
                224,
                -42
            ],
            [
                373,
                -42
            ],
            [
                0,
                -167
            ],
            [
                -298,
                -42
            ],
            [
                -75,
                -125
            ],
            [
                224,
                -126
            ],
            [
                74,
                -126
            ],
            [
                374,
                0
            ],
            [
                373,
                -209
            ],
            [
                74,
                -168
            ],
            [
                373,
                -336
            ],
            [
                -224,
                -84
            ],
            [
                -74,
                -211
            ],
            [
                149,
                -168
            ],
            [
                299,
                42
            ],
            [
                298,
                168
            ],
            [
                224,
                169
            ],
            [
                224,
                294
            ],
            [
                149,
                126
            ],
            [
                0,
                210
            ],
            [
                224,
                167
            ],
            [
                373,
                -41
            ],
            [
                75,
                -210
            ],
            [
                -75,
                -168
            ],
            [
                -299,
                -336
            ],
            [
                -223,
                -84
            ],
            [
                -224,
                -253
            ],
            [
                224,
                -295
            ],
            [
                373,
                84
            ],
            [
                298,
                -42
            ],
            [
                299,
                -169
            ],
            [
                298,
                42
            ],
            [
                373,
                169
            ],
            [
                373,
                211
            ],
            [
                373,
                0
            ],
            [
                150,
                126
            ],
            [
                298,
                169
            ],
            [
                224,
                84
            ],
            [
                0,
                168
            ],
            [
                -75,
                168
            ],
            [
                -223,
                252
            ],
            [
                -224,
                209
            ],
            [
                74,
                168
            ],
            [
                -149,
                125
            ],
            [
                -373,
                -41
            ],
            [
                -522,
                -126
            ],
            [
                -448,
                84
            ],
            [
                -373,
                292
            ],
            [
                0,
                167
            ],
            [
                149,
                126
            ],
            [
                373,
                500
            ],
            [
                149,
                208
            ],
            [
                597,
                83
            ],
            [
                299,
                41
            ],
            [
                597,
                0
            ],
            [
                448,
                167
            ],
            [
                298,
                290
            ],
            [
                -298,
                249
            ],
            [
                -523,
                124
            ],
            [
                -373,
                -42
            ],
            [
                -597,
                -331
            ],
            [
                -224,
                -124
            ],
            [
                -522,
                165
            ],
            [
                149,
                414
            ],
            [
                523,
                207
            ],
            [
                522,
                165
            ],
            [
                373,
                207
            ],
            [
                672,
                123
            ],
            [
                671,
                0
            ],
            [
                821,
                -41
            ],
            [
                821,
                82
            ],
            [
                522,
                124
            ],
            [
                597,
                165
            ],
            [
                0,
                574
            ],
            [
                -224,
                287
            ],
            [
                -373,
                328
            ],
            [
                -746,
                0
            ],
            [
                -970,
                -205
            ],
            [
                -75,
                -246
            ],
            [
                -671,
                -451
            ],
            [
                -523,
                123
            ],
            [
                -597,
                123
            ],
            [
                -298,
                205
            ],
            [
                -299,
                246
            ],
            [
                0,
                164
            ],
            [
                0,
                367
            ],
            [
                -149,
                204
            ],
            [
                0,
                163
            ],
            [
                75,
                203
            ],
            [
                298,
                41
            ],
            [
                448,
                -41
            ],
            [
                298,
                41
            ],
            [
                523,
                0
            ],
            [
                447,
                -41
            ],
            [
                374,
                41
            ],
            [
                223,
                122
            ],
            [
                224,
                122
            ],
            [
                672,
                41
            ],
            [
                448,
                121
            ],
            [
                74,
                163
            ],
            [
                0,
                283
            ],
            [
                75,
                404
            ],
            [
                -75,
                202
            ],
            [
                -149,
                242
            ],
            [
                -299,
                322
            ],
            [
                -671,
                161
            ],
            [
                -75,
                200
            ],
            [
                0,
                241
            ],
            [
                -373,
                80
            ],
            [
                -522,
                -120
            ],
            [
                -522,
                0
            ],
            [
                -374,
                -321
            ],
            [
                0,
                -563
            ],
            [
                523,
                -81
            ],
            [
                522,
                0
            ],
            [
                597,
                -121
            ],
            [
                224,
                -282
            ],
            [
                0,
                -202
            ],
            [
                0,
                -121
            ],
            [
                -522,
                -365
            ],
            [
                -150,
                -203
            ],
            [
                -447,
                -244
            ],
            [
                -1940,
                82
            ],
            [
                -1194,
                40
            ],
            [
                -448,
                0
            ],
            [
                -149,
                -203
            ],
            [
                -299,
                -448
            ],
            [
                -522,
                204
            ],
            [
                -149,
                244
            ],
            [
                -150,
                244
            ],
            [
                -373,
                162
            ],
            [
                -149,
                81
            ],
            [
                -448,
                203
            ],
            [
                -373,
                81
            ],
            [
                -149,
                -40
            ]
        ]
    ],
    "bbox": [
        35.7275390625,
        32.40779154205701,
        38.67187499999999,
        36.80048816579081
    ],
    "transform": {
        "scale": [
            0.00029446304005400467,
            0.00043931359373275305
        ],
        "translate": [
            35.7275390625,
            32.40779154205701
        ]
    }
}