{
    "type": "Topology",
    "objects": {
        "collection": {
            "type": "GeometryCollection",
            "geometries": [
                {
                    "type": "Polygon",
                    "arcs": [
                        [
                            0
                        ]
                    ]
                },
                {
                    "type": "Polygon",
                    "arcs": [
                        [
                            1
                        ]
                    ]
                },
                {
                    "type": "Polygon",
                    "arcs": [
                        [
                            2
                        ]
                    ]
                },
                {
                    "type": "Polygon",
                    "arcs": [
                        [
                            3
                        ]
                    ]
                },
                {
                    "type": "Polygon",
                    "arcs": [
                        [
                            4
                        ]
                    ]
                },
                {
                    "type": "Polygon",
                    "arcs": [
                        [
                            5
                        ]
                    ]
                },
                {
                    "type": "Polygon",
                    "arcs": [
                        [
                            6
                        ]
                    ]
                },
                {
                    "type": "Polygon",
                    "arcs": [
                        [
                            7
                        ]
                    ]
                },
                {
                    "type": "Polygon",
                    "arcs": [
                        [
                            8
                        ]
                    ]
                },
                {
                    "type": "Polygon",
                    "arcs": [
                        [
                            9
                        ]
                    ]
                },
                {
                    "type": "Polygon",
                    "arcs": [
                        [
                            10
                        ]
                    ]
                },
                {
                    "type": "Polygon",
                    "arcs": [
                        [
                            11
                        ]
                    ]
                },
                {
                    "type": "Polygon",
                    "arcs": [
                        [
                            12
                        ]
                    ]
                },
                {
                    "type": "Polygon",
                    "arcs": [
                        [
                            13
                        ]
                    ]
                },
                {
                    "type": "Polygon",
                    "arcs": [
                        [
                            14
                        ]
                    ]
                }
            ]
        }
    },
    "arcs": [
        [
            [
                753,
                8213
            ],
            [
                84,
                -123
            ],
            [
                167,
                -81
            ],
            [
                167,
                -205
            ],
            [
                42,
                -245
            ],
            [
                126,
                -246
            ],
            [
                167,
                -164
            ],
            [
                126,
                41
            ],
            [
                41,
                205
            ],
            [
                126,
                164
            ],
            [
                0,
                204
            ],
            [
                167,
                -40
            ],
            [
                251,
                0
            ],
            [
                251,
                0
            ],
            [
                335,
                0
            ],
            [
                377,
                -82
            ],
            [
                418,
                0
            ],
            [
                293,
                82
            ],
            [
                167,
                245
            ],
            [
                168,
                163
            ],
            [
                209,
                367
            ],
            [
                42,
                163
            ],
            [
                0,
                325
            ],
            [
                -251,
                163
            ],
            [
                -252,
                81
            ],
            [
                -292,
                0
            ],
            [
                -293,
                40
            ],
            [
                -84,
                325
            ],
            [
                84,
                202
            ],
            [
                -42,
                202
            ],
            [
                -251,
                -81
            ],
            [
                -335,
                0
            ],
            [
                -167,
                41
            ],
            [
                -335,
                -243
            ],
            [
                0,
                -283
            ],
            [
                -83,
                -244
            ],
            [
                -252,
                -81
            ],
            [
                -167,
                0
            ],
            [
                -167,
                -162
            ],
            [
                -126,
                40
            ],
            [
                -167,
                0
            ],
            [
                -42,
                -162
            ],
            [
                -84,
                -82
            ],
            [
                -41,
                -122
            ],
            [
                -84,
                -122
            ],
            [
                -84,
                -41
            ],
            [
                -42,
                -81
            ],
            [
                -83,
                -367
            ],
            [
                -84,
                204
            ]
        ],
        [
            [
                126,
                2412
            ],
            [
                251,
                -42
            ],
            [
                0,
                -126
            ],
            [
                -84,
                -85
            ],
            [
                0,
                -168
            ],
            [
                84,
                -127
            ],
            [
                125,
                -126
            ],
            [
                293,
                -127
            ],
            [
                84,
                -253
            ],
            [
                209,
                -212
            ],
            [
                -42,
                -212
            ],
            [
                -84,
                -254
            ],
            [
                126,
                -43
            ],
            [
                251,
                85
            ],
            [
                125,
                382
            ],
            [
                251,
                296
            ],
            [
                42,
                211
            ],
            [
                167,
                85
            ],
            [
                84,
                -212
            ],
            [
                42,
                -253
            ],
            [
                -209,
                -212
            ],
            [
                -126,
                -127
            ],
            [
                -42,
                -212
            ],
            [
                0,
                -212
            ],
            [
                84,
                -43
            ],
            [
                126,
                -85
            ],
            [
                293,
                -42
            ],
            [
                41,
                -128
            ],
            [
                -125,
                -85
            ],
            [
                -209,
                -85
            ],
            [
                -168,
                85
            ],
            [
                -209,
                0
            ],
            [
                -293,
                85
            ],
            [
                -167,
                170
            ],
            [
                -167,
                85
            ],
            [
                -168,
                43
            ],
            [
                -125,
                0
            ],
            [
                0,
                127
            ],
            [
                -84,
                127
            ],
            [
                -125,
                170
            ],
            [
                -168,
                42
            ],
            [
                -209,
                85
            ],
            [
                84,
                127
            ],
            [
                125,
                212
            ],
            [
                42,
                169
            ],
            [
                -84,
                169
            ],
            [
                -41,
                168
            ],
            [
                -42,
                169
            ],
            [
                -84,
                211
            ],
            [
                126,
                168
            ]
        ],
        [
            [
                1485,
                6007
            ],
            [
                168,
                20
            ],
            [
                104,
                -20
            ],
            [
                84,
                0
            ],
            [
                125,
                144
            ],
            [
                84,
                0
            ],
            [
                84,
                -82
            ],
            [
                -21,
                -207
            ],
            [
                -84,
                -124
            ],
            [
                -105,
                -62
            ],
            [
                -83,
                -83
            ],
            [
                -126,
                42
            ],
            [
                -62,
                144
            ],
            [
                -63,
                62
            ],
            [
                -105,
                21
            ],
            [
                -104,
                62
            ],
            [
                104,
                83
            ]
        ],
        [
            [
                1088,
                3785
            ],
            [
                -105,
                -84
            ],
            [
                84,
                -83
            ],
            [
                84,
                -42
            ],
            [
                -63,
                209
            ]
        ],
        [
            [
                983,
                3429
            ],
            [
                -125,
                -104
            ],
            [
                -105,
                -84
            ],
            [
                -167,
                -105
            ],
            [
                -63,
                -63
            ],
            [
                -105,
                -84
            ],
            [
                -83,
                63
            ],
            [
                62,
                126
            ],
            [
                21,
                105
            ],
            [
                42,
                21
            ],
            [
                84,
                83
            ],
            [
                63,
                84
            ],
            [
                83,
                21
            ],
            [
                126,
                21
            ],
            [
                125,
                0
            ],
            [
                42,
                -84
            ]
        ],
        [
            [
                2719,
                4535
            ],
            [
                168,
                -208
            ],
            [
                62,
                -167
            ],
            [
                -41,
                -125
            ],
            [
                -105,
                -125
            ],
            [
                -63,
                -84
            ],
            [
                -104,
                21
            ],
            [
                -168,
                21
            ],
            [
                -21,
                63
            ],
            [
                -62,
                62
            ],
            [
                -42,
                126
            ],
            [
                0,
                208
            ],
            [
                104,
                83
            ],
            [
                105,
                63
            ],
            [
                105,
                62
            ],
            [
                62,
                0
            ]
        ],
        [
            [
                1234,
                2864
            ],
            [
                -42,
                -84
            ],
            [
                84,
                -168
            ],
            [
                105,
                21
            ],
            [
                62,
                42
            ],
            [
                105,
                42
            ],
            [
                63,
                105
            ],
            [
                -126,
                21
            ],
            [
                -42,
                -84
            ],
            [
                -104,
                63
            ],
            [
                -63,
                42
            ],
            [
                -42,
                0
            ]
        ],
        [
            [
                1255,
                2570
            ],
            [
                -104,
                -21
            ],
            [
                62,
                -63
            ],
            [
                84,
                0
            ],
            [
                63,
                63
            ],
            [
                -105,
                21
            ]
        ],
        [
            [
                774,
                2927
            ],
            [
                105,
                -21
            ],
            [
                -63,
                -42
            ],
            [
                -105,
                -21
            ],
            [
                -21,
                105
            ],
            [
                84,
                -21
            ]
        ],
        [
            [
                1067,
                2968
            ],
            [
                0,
                -62
            ],
            [
                63,
                62
            ],
            [
                -63,
                0
            ]
        ],
        [
            [
                774,
                2486
            ],
            [
                21,
                105
            ],
            [
                84,
                -21
            ],
            [
                -42,
                -63
            ],
            [
                -63,
                -21
            ]
        ],
        [
            [
                816,
                2486
            ],
            [
                63,
                0
            ],
            [
                62,
                42
            ],
            [
                42,
                -63
            ],
            [
                -42,
                -85
            ],
            [
                -83,
                0
            ],
            [
                -42,
                63
            ],
            [
                0,
                43
            ]
        ],
        [
            [
                397,
                2338
            ],
            [
                84,
                -21
            ],
            [
                0,
                -126
            ],
            [
                -84,
                -63
            ],
            [
                -83,
                0
            ],
            [
                -21,
                84
            ],
            [
                63,
                63
            ],
            [
                41,
                63
            ]
        ],
        [
            [
                3682,
                4139
            ],
            [
                376,
                -62
            ],
            [
                314,
                -42
            ],
            [
                209,
                -21
            ],
            [
                251,
                -21
            ],
            [
                251,
                146
            ],
            [
                251,
                84
            ],
            [
                -21,
                -323
            ],
            [
                -209,
                -251
            ],
            [
                209,
                -167
            ],
            [
                251,
                -168
            ],
            [
                419,
                126
            ],
            [
                585,
                334
            ],
            [
                753,
                292
            ],
            [
                251,
                209
            ],
            [
                858,
                520
            ],
            [
                377,
                0
            ],
            [
                355,
                228
            ],
            [
                314,
                166
            ],
            [
                314,
                104
            ],
            [
                209,
                0
            ],
            [
                -84,
                -332
            ],
            [
                -83,
                -208
            ],
            [
                -210,
                -124
            ],
            [
                -376,
                -83
            ],
            [
                -293,
                -167
            ],
            [
                -376,
                -250
            ],
            [
                -419,
                -209
            ],
            [
                -251,
                -167
            ],
            [
                -460,
                -334
            ],
            [
                -837,
                -503
            ],
            [
                -502,
                -294
            ],
            [
                -335,
                -168
            ],
            [
                -502,
                -295
            ],
            [
                -418,
                -295
            ],
            [
                -376,
                -253
            ],
            [
                -419,
                -253
            ],
            [
                -397,
                -106
            ],
            [
                125,
                -191
            ],
            [
                -188,
                0
            ],
            [
                -63,
                106
            ],
            [
                -21,
                169
            ],
            [
                -42,
                212
            ],
            [
                -41,
                148
            ],
            [
                -84,
                189
            ],
            [
                0,
                211
            ],
            [
                0,
                232
            ],
            [
                -356,
                84
            ],
            [
                -167,
                105
            ],
            [
                84,
                315
            ],
            [
                104,
                147
            ],
            [
                272,
                147
            ],
            [
                209,
                104
            ],
            [
                21,
                126
            ],
            [
                21,
                147
            ],
            [
                21,
                104
            ],
            [
                105,
                84
            ],
            [
                42,
                146
            ],
            [
                41,
                125
            ],
            [
                -41,
                84
            ],
            [
                -21,
                93
            ]
        ],
        [
            [
                8242,
                8844
            ],
            [
                314,
                163
            ],
            [
                167,
                -41
            ],
            [
                251,
                -163
            ],
            [
                230,
                -122
            ],
            [
                209,
                -285
            ],
            [
                84,
                -163
            ],
            [
                125,
                -245
            ],
            [
                21,
                -225
            ],
            [
                -21,
                -122
            ],
            [
                -62,
                -103
            ],
            [
                -84,
                -164
            ],
            [
                -146,
                -266
            ],
            [
                -314,
                123
            ],
            [
                -105,
                225
            ],
            [
                -104,
                328
            ],
            [
                -230,
                102
            ],
            [
                -210,
                -41
            ],
            [
                -167,
                164
            ],
            [
                -105,
                204
            ],
            [
                -20,
                265
            ],
            [
                -21,
                163
            ],
            [
                62,
                61
            ],
            [
                84,
                81
            ],
            [
                42,
                61
            ]
        ]
    ],
    "bbox": [
        35.760498046875,
        32.31499127724556,
        41.011962890625,
        36.677230602346214
    ],
    "transform": {
        "scale": [
            0.0005251990042754275,
            0.00043626755926599186
        ],
        "translate": [
            35.760498046875,
            32.31499127724556
        ]
    }
}