{ "Brunei": { "HDI": 0.856, "life_expec": 78.8, "GNI": 72570.1, "years_school": 8.8}, "Indonesia": { "HDI": 0.684, "life_expec": 68.9, "GNI": 9788.4, "years_school": 7.6},"Cambodia": { "HDI": 0.555, "life_expec": 68.4, "GNI": 2948.4, "years_school": 4.4},"Lao PDR": { "HDI": 0.575, "life_expec": 66.2, "GNI": 4680.1, "years_school": 5.0},"Myanmar": { "HDI": 0.536, "life_expec": 65.9, "GNI": 4607.7, "years_school": 4.1},"Malaysia": { "HDI": 0.779, "life_expec": 74.7, "GNI": 22762.1, "years_school": 10},"Phillipines": { "HDI": 0.668, "life_expec": 68.2, "GNI": 7915.2, "years_school": 8.9},"Singapore": { "HDI": 0.912, "life_expec": 83.0, "GNI": 76628.2, "years_school": 10.6},"Thailand": { "HDI": 0.726, "life_expec": 74.4, "GNI": 13322.9, "years_school": 7.3},"Timor-Leste": { "HDI": 0, "life_expec": 0, "GNI": 0, "years_school": 0}, "Vietnam": { "HDI": 0.666, "life_expec": 75.8, "GNI": 5091.8, "years_school": 7.5} }