[
  {
    "occupation": "Trade, Transportation and Utilities",
    "income": [
      [
        1964,
        115.13
      ],
      [
        1965,
        117.81
      ],
      [
        1966,
        119.89
      ],
      [
        1967,
        122.94
      ],
      [
        1968,
        128.82
      ],
      [
        1969,
        135.3
      ],
      [
        1970,
        139.88
      ],
      [
        1971,
        149.27
      ],
      [
        1972,
        161.14
      ],
      [
        1973,
        168.72
      ],
      [
        1974,
        178.12
      ],
      [
        1975,
        187.1
      ],
      [
        1976,
        197.11
      ],
      [
        1977,
        209.43
      ],
      [
        1978,
        224.99
      ],
      [
        1979,
        238.98
      ],
      [
        1980,
        254.8
      ],
      [
        1981,
        267.11
      ],
      [
        1982,
        278.88
      ],
      [
        1983,
        290.37
      ],
      [
        1984,
        295.12
      ],
      [
        1985,
        299.1
      ],
      [
        1986,
        299
      ],
      [
        1987,
        305.89
      ],
      [
        1988,
        312.74
      ],
      [
        1989,
        322.94
      ],
      [
        1990,
        335.99
      ],
      [
        1991,
        342.05
      ],
      [
        1992,
        354.64
      ],
      [
        1993,
        364.95
      ],
      [
        1994,
        373.87
      ],
      [
        1995,
        384.31
      ],
      [
        1996,
        398.09
      ],
      [
        1997,
        415.37
      ],
      [
        1998,
        427.04
      ],
      [
        1999,
        443.36
      ],
      [
        2000,
        455.25
      ],
      [
        2001,
        464.31
      ],
      [
        2002,
        477.12
      ],
      [
        2003,
        481.63
      ],
      [
        2004,
        493.46
      ],
      [
        2005,
        503.16
      ],
      [
        2006,
        520.04
      ],
      [
        2007,
        530.2
      ],
      [
        2008,
        536.27
      ],
      [
        2009,
        549.76
      ],
      [
        2010,
        570.86
      ],
      [
        2011,
        582.67
      ],
      [
        2012,
        592.18
      ],
      [
        2013,
        602.78
      ],
      [
        2014,
        620.91
      ],
      [
        2015,
        634.91
      ],
      [
        2016,
        639.18
      ]
    ],

    "employed": [
      [
        1964,
        11676.25
      ],
      [
        1965,
        12138.25
      ],
      [
        1966,
        12610.75
      ],
      [
        1967,
        12950.5
      ],
      [
        1968,
        13335.08
      ],
      [
        1969,
        13854.17
      ],
      [
        1970,
        14145.17
      ],
      [
        1971,
        14318.17
      ],
      [
        1972,
        14786.33
      ],
      [
        1973,
        15346.92
      ],
      [
        1974,
        15691.75
      ],
      [
        1975,
        15606.08
      ],
      [
        1976,
        16129.08
      ],
      [
        1977,
        16764.67
      ],
      [
        1978,
        17657.58
      ],
      [
        1979,
        18301.42
      ],
      [
        1980,
        18411.67
      ],
      [
        1981,
        18602.25
      ],
      [
        1982,
        18455.92
      ],
      [
        1983,
        18667.17
      ],
      [
        1984,
        19651.58
      ],
      [
        1985,
        20379.08
      ],
      [
        1986,
        20795.42
      ],
      [
        1987,
        21302.92
      ],
      [
        1988,
        21973
      ],
      [
        1989,
        22508
      ],
      [
        1990,
        22667.17
      ],
      [
        1991,
        22282.83
      ],
      [
        1992,
        22126.92
      ],
      [
        1993,
        22377.17
      ],
      [
        1994,
        23122.58
      ],
      [
        1995,
        23833.17
      ],
      [
        1996,
        24239.5
      ],
      [
        1997,
        24700.58
      ],
      [
        1998,
        25185.92
      ],
      [
        1999,
        25769.83
      ],
      [
        2000,
        26225.17
      ],
      [
        2001,
        25985.58
      ],
      [
        2002,
        25500.42
      ],
      [
        2003,
        25286.17
      ],
      [
        2004,
        25535.58
      ],
      [
        2005,
        25960
      ],
      [
        2006,
        26276.92
      ],
      [
        2007,
        26627
      ],
      [
        2008,
        26294.25
      ],
      [
        2009,
        24904.75
      ],
      [
        2010,
        24641.25
      ],
      [
        2011,
        25070.75
      ],
      [
        2012,
        25471.83
      ],
      [
        2013,
        25856.42
      ],
      [
        2014,
        26375.5
      ],
      [
        2015,
        26913.42
      ],
      [
        2016,
        27313.2
      ]
    ]
  },
  {
    "occupation": "Education and Health Services",
    "income": [
      [
        1964,
        73.49
      ],
      [
        1965,
        76.74
      ],
      [
        1966,
        79.69
      ],
      [
        1967,
        83.01
      ],
      [
        1968,
        87.82
      ],
      [
        1969,
        93.84
      ],
      [
        1970,
        100.46
      ],
      [
        1971,
        107.23
      ],
      [
        1972,
        114.52
      ],
      [
        1973,
        121.11
      ],
      [
        1974,
        131.34
      ],
      [
        1975,
        139.17
      ],
      [
        1976,
        148.53
      ],
      [
        1977,
        158.6
      ],
      [
        1978,
        167.68
      ],
      [
        1979,
        182.9
      ],
      [
        1980,
        198.08
      ],
      [
        1981,
        215.68
      ],
      [
        1982,
        232.34
      ],
      [
        1983,
        242.68
      ],
      [
        1984,
        251.84
      ],
      [
        1985,
        257.43
      ],
      [
        1986,
        267.12
      ],
      [
        1987,
        281.04
      ],
      [
        1988,
        294.12
      ],
      [
        1989,
        310.71
      ],
      [
        1990,
        326.78
      ],
      [
        1991,
        342.83
      ],
      [
        1992,
        353.92
      ],
      [
        1993,
        363.2
      ],
      [
        1994,
        371.84
      ],
      [
        1995,
        381.52
      ],
      [
        1996,
        387.03
      ],
      [
        1997,
        411.5
      ],
      [
        1998,
        423.43
      ],
      [
        1999,
        436.88
      ],
      [
        2000,
        457.88
      ],
      [
        2001,
        485.74
      ],
      [
        2002,
        504.32
      ],
      [
        2003,
        509.69
      ],
      [
        2004,
        531.05
      ],
      [
        2005,
        548.55
      ],
      [
        2006,
        567.83
      ],
      [
        2007,
        602.54
      ],
      [
        2008,
        613.73
      ],
      [
        2009,
        630.44
      ],
      [
        2010,
        649.92
      ],
      [
        2011,
        671.05
      ],
      [
        2012,
        685.43
      ],
      [
        2013,
        691.43
      ],
      [
        2014,
        699.52
      ],
      [
        2015,
        717.44
      ],
      [
        2016,
        734.18
      ]
    ],

    "employed": [
      [
        1964,
        3438.33
      ],
      [
        1965,
        3587.17
      ],
      [
        1966,
        3769.92
      ],
      [
        1967,
        3985.83
      ],
      [
        1968,
        4190.75
      ],
      [
        1969,
        4428.33
      ],
      [
        1970,
        4577.5
      ],
      [
        1971,
        4674.17
      ],
      [
        1972,
        4862.25
      ],
      [
        1973,
        5091.67
      ],
      [
        1974,
        5321.58
      ],
      [
        1975,
        5496.58
      ],
      [
        1976,
        5755.75
      ],
      [
        1977,
        6052
      ],
      [
        1978,
        6426.58
      ],
      [
        1979,
        6767.67
      ],
      [
        1980,
        7076.33
      ],
      [
        1981,
        7363.75
      ],
      [
        1982,
        7525.92
      ],
      [
        1983,
        7780.42
      ],
      [
        1984,
        8210.75
      ],
      [
        1985,
        8678.5
      ],
      [
        1986,
        9087.08
      ],
      [
        1987,
        9544.33
      ],
      [
        1988,
        10097.58
      ],
      [
        1989,
        10654.17
      ],
      [
        1990,
        11023.92
      ],
      [
        1991,
        11556
      ],
      [
        1992,
        11947.25
      ],
      [
        1993,
        12361.17
      ],
      [
        1994,
        12871.17
      ],
      [
        1995,
        13358.83
      ],
      [
        1996,
        13762
      ],
      [
        1997,
        14185.58
      ],
      [
        1998,
        14568.25
      ],
      [
        1999,
        14938
      ],
      [
        2000,
        15252.5
      ],
      [
        2001,
        15812.67
      ],
      [
        2002,
        16400.92
      ],
      [
        2003,
        16834.75
      ],
      [
        2004,
        17227.08
      ],
      [
        2005,
        17674.5
      ],
      [
        2006,
        18152.42
      ],
      [
        2007,
        18675.92
      ],
      [
        2008,
        19228.58
      ],
      [
        2009,
        19627.5
      ],
      [
        2010,
        19972.17
      ],
      [
        2011,
        20321.67
      ],
      [
        2012,
        20768.08
      ],
      [
        2013,
        21083.92
      ],
      [
        2014,
        21435.75
      ],
      [
        2015,
        22050
      ],
      [
        2016,
        22643.2
      ]
    ]
  },
  {
    "occupation": "Professional and Business Services",
    "income": [
      [
        1964,
        121.45
      ],
      [
        1965,
        124.21
      ],
      [
        1966,
        126.94
      ],
      [
        1967,
        130.31
      ],
      [
        1968,
        135.01
      ],
      [
        1969,
        141.9
      ],
      [
        1970,
        147.8
      ],
      [
        1971,
        155.93
      ],
      [
        1972,
        163.66
      ],
      [
        1973,
        170.85
      ],
      [
        1974,
        181.47
      ],
      [
        1975,
        190.94
      ],
      [
        1976,
        201.14
      ],
      [
        1977,
        212.98
      ],
      [
        1978,
        223.6
      ],
      [
        1979,
        225.04
      ],
      [
        1980,
        240.82
      ],
      [
        1981,
        258
      ],
      [
        1982,
        276.12
      ],
      [
        1983,
        289.51
      ],
      [
        1984,
        305.13
      ],
      [
        1985,
        315.79
      ],
      [
        1986,
        325.85
      ],
      [
        1987,
        331.74
      ],
      [
        1988,
        244.74
      ],
      [
        1989,
        358.07
      ],
      [
        1990,
        373.4
      ],
      [
        1991,
        392.5
      ],
      [
        1992,
        402.19
      ],
      [
        1993,
        402.39
      ],
      [
        1994,
        411.25
      ],
      [
        1995,
        419.43
      ],
      [
        1996,
        434.18
      ],
      [
        1997,
        460.96
      ],
      [
        1998,
        477.11
      ],
      [
        1999,
        501.98
      ],
      [
        2000,
        521.99
      ],
      [
        2001,
        547.09
      ],
      [
        2002,
        575.86
      ],
      [
        2003,
        595.47
      ],
      [
        2004,
        583.35
      ],
      [
        2005,
        605.96
      ],
      [
        2006,
        630.99
      ],
      [
        2007,
        678.62
      ],
      [
        2008,
        728.99
      ],
      [
        2009,
        760.51
      ],
      [
        2010,
        800.96
      ],
      [
        2011,
        802.74
      ],
      [
        2012,
        809.2
      ],
      [
        2013,
        848.46
      ],
      [
        2014,
        865.29
      ],
      [
        2015,
        906.84
      ],
      [
        2016,
        927
      ]
    ],

    "employed": [
      [
        1964,
        4136.83
      ],
      [
        1965,
        4305.42
      ],
      [
        1966,
        4517.5
      ],
      [
        1967,
        4720.25
      ],
      [
        1968,
        4918.08
      ],
      [
        1969,
        5155.58
      ],
      [
        1970,
        5266.5
      ],
      [
        1971,
        5327.08
      ],
      [
        1972,
        5522.25
      ],
      [
        1973,
        5772.92
      ],
      [
        1974,
        5973.33
      ],
      [
        1975,
        6033.5
      ],
      [
        1976,
        6286.83
      ],
      [
        1977,
        6587.25
      ],
      [
        1978,
        6971.58
      ],
      [
        1979,
        7312.33
      ],
      [
        1980,
        7543.92
      ],
      [
        1981,
        7781.25
      ],
      [
        1982,
        7847.83
      ],
      [
        1983,
        8038
      ],
      [
        1984,
        8463.83
      ],
      [
        1985,
        8870
      ],
      [
        1986,
        9210.17
      ],
      [
        1987,
        9607.58
      ],
      [
        1988,
        10088.08
      ],
      [
        1989,
        10553.17
      ],
      [
        1990,
        10849.5
      ],
      [
        1991,
        10714.92
      ],
      [
        1992,
        10966.25
      ],
      [
        1993,
        11493.08
      ],
      [
        1994,
        12170.67
      ],
      [
        1995,
        12846.75
      ],
      [
        1996,
        13460.75
      ],
      [
        1997,
        14332.58
      ],
      [
        1998,
        15142.17
      ],
      [
        1999,
        15954.83
      ],
      [
        2000,
        16671.58
      ],
      [
        2001,
        16480
      ],
      [
        2002,
        15974.92
      ],
      [
        2003,
        15985
      ],
      [
        2004,
        16388
      ],
      [
        2005,
        16951.83
      ],
      [
        2006,
        17571.75
      ],
      [
        2007,
        17947
      ],
      [
        2008,
        17740.5
      ],
      [
        2009,
        16574
      ],
      [
        2010,
        16722.5
      ],
      [
        2011,
        17329
      ],
      [
        2012,
        17933.42
      ],
      [
        2013,
        18520.17
      ],
      [
        2014,
        19064
      ],
      [
        2015,
        19664.33
      ],
      [
        2016,
        20180.3
      ]
    ]
  },
  {
    "occupation": "Leisure and Hospitality",
    "income": [
      [
        1964,
        36.96
      ],
      [
        1965,
        39.33
      ],
      [
        1966,
        41.47
      ],
      [
        1967,
        44.27
      ],
      [
        1968,
        48.81
      ],
      [
        1969,
        52.9
      ],
      [
        1970,
        55.69
      ],
      [
        1971,
        60.7
      ],
      [
        1972,
        63.47
      ],
      [
        1973,
        66.44
      ],
      [
        1974,
        72.17
      ],
      [
        1975,
        76.85
      ],
      [
        1976,
        82.65
      ],
      [
        1977,
        87.98
      ],
      [
        1978,
        95.63
      ],
      [
        1979,
        103.22
      ],
      [
        1980,
        112.06
      ],
      [
        1981,
        120.15
      ],
      [
        1982,
        128.86
      ],
      [
        1983,
        135.56
      ],
      [
        1984,
        136.58
      ],
      [
        1985,
        138.31
      ],
      [
        1986,
        138.6
      ],
      [
        1987,
        142.02
      ],
      [
        1988,
        150.29
      ],
      [
        1989,
        155.43
      ],
      [
        1990,
        157.95
      ],
      [
        1991,
        162.44
      ],
      [
        1992,
        163.55
      ],
      [
        1993,
        168.96
      ],
      [
        1994,
        174.76
      ],
      [
        1995,
        176.72
      ],
      [
        1996,
        187.52
      ],
      [
        1997,
        195.82
      ],
      [
        1998,
        203.82
      ],
      [
        1999,
        211.56
      ],
      [
        2000,
        217.42
      ],
      [
        2001,
        224.62
      ],
      [
        2002,
        234.01
      ],
      [
        2003,
        231.59
      ],
      [
        2004,
        238
      ],
      [
        2005,
        241.92
      ],
      [
        2006,
        257.56
      ],
      [
        2007,
        271.73
      ],
      [
        2008,
        271.22
      ],
      [
        2009,
        278.65
      ],
      [
        2010,
        277.75
      ],
      [
        2011,
        284.02
      ],
      [
        2012,
        294.5
      ],
      [
        2013,
        298.34
      ],
      [
        2014,
        307.52
      ],
      [
        2015,
        313.44
      ],
      [
        2016,
        327.05
      ]
    ],

    "employed": [
      [
        1964,
        3772.33
      ],
      [
        1965,
        3950.17
      ],
      [
        1966,
        4127.17
      ],
      [
        1967,
        4268.92
      ],
      [
        1968,
        4452.75
      ],
      [
        1969,
        4669.58
      ],
      [
        1970,
        4789.42
      ],
      [
        1971,
        4913.42
      ],
      [
        1972,
        5120
      ],
      [
        1973,
        5339.92
      ],
      [
        1974,
        5470.83
      ],
      [
        1975,
        5543.33
      ],
      [
        1976,
        5794
      ],
      [
        1977,
        6064.75
      ],
      [
        1978,
        6409.92
      ],
      [
        1979,
        6631.17
      ],
      [
        1980,
        6720.17
      ],
      [
        1981,
        6839.58
      ],
      [
        1982,
        6873.67
      ],
      [
        1983,
        7076.33
      ],
      [
        1984,
        7487.83
      ],
      [
        1985,
        7868.17
      ],
      [
        1986,
        8154.83
      ],
      [
        1987,
        8444.42
      ],
      [
        1988,
        8776.83
      ],
      [
        1989,
        9061.75
      ],
      [
        1990,
        9287.17
      ],
      [
        1991,
        9256
      ],
      [
        1992,
        9438.83
      ],
      [
        1993,
        9733.08
      ],
      [
        1994,
        10098
      ],
      [
        1995,
        10499.42
      ],
      [
        1996,
        10773.83
      ],
      [
        1997,
        11016.42
      ],
      [
        1998,
        11232
      ],
      [
        1999,
        11543.5
      ],
      [
        2000,
        11859.58
      ],
      [
        2001,
        12032.42
      ],
      [
        2002,
        11986
      ],
      [
        2003,
        12175.08
      ],
      [
        2004,
        12491.83
      ],
      [
        2005,
        12813.17
      ],
      [
        2006,
        13109
      ],
      [
        2007,
        13427.92
      ],
      [
        2008,
        13440.67
      ],
      [
        2009,
        13073.58
      ],
      [
        2010,
        13041.92
      ],
      [
        2011,
        13351.83
      ],
      [
        2012,
        13771.58
      ],
      [
        2013,
        14257.67
      ],
      [
        2014,
        14693.5
      ],
      [
        2015,
        15121.75
      ],
      [
        2016,
        15482.3
      ]
    ]
  },
  {
    "occupation": "Manufacturing",
    "income": [
      [
        1964,
        100.53
      ],
      [
        1965,
        104.49
      ],
      [
        1966,
        107.98
      ],
      [
        1967,
        112.74
      ],
      [
        1968,
        120.88
      ],
      [
        1969,
        127.89
      ],
      [
        1970,
        131.14
      ],
      [
        1971,
        142.71
      ],
      [
        1972,
        155.5
      ],
      [
        1973,
        166.05
      ],
      [
        1974,
        177.64
      ],
      [
        1975,
        195.37
      ],
      [
        1976,
        211.07
      ],
      [
        1977,
        232.2
      ],
      [
        1978,
        255.56
      ],
      [
        1979,
        272.68
      ],
      [
        1980,
        301.55
      ],
      [
        1981,
        317.13
      ],
      [
        1982,
        331.31
      ],
      [
        1983,
        359.24
      ],
      [
        1984,
        373.41
      ],
      [
        1985,
        390.6
      ],
      [
        1986,
        394.13
      ],
      [
        1987,
        405.59
      ],
      [
        1988,
        417.18
      ],
      [
        1989,
        424.85
      ],
      [
        1990,
        440.48
      ],
      [
        1991,
        458.69
      ],
      [
        1992,
        470.76
      ],
      [
        1993,
        491.83
      ],
      [
        1994,
        508.71
      ],
      [
        1995,
        510.84
      ],
      [
        1996,
        540.02
      ],
      [
        1997,
        559.37
      ],
      [
        1998,
        562.74
      ],
      [
        1999,
        582.08
      ],
      [
        2000,
        585.5
      ],
      [
        2001,
        603.4
      ],
      [
        2002,
        629.37
      ],
      [
        2003,
        647.94
      ],
      [
        2004,
        663.81
      ],
      [
        2005,
        680.54
      ],
      [
        2006,
        698.29
      ],
      [
        2007,
        720.27
      ],
      [
        2008,
        716.4
      ],
      [
        2009,
        747.45
      ],
      [
        2010,
        776.03
      ],
      [
        2011,
        790.04
      ],
      [
        2012,
        797.3
      ],
      [
        2013,
        814.96
      ],
      [
        2014,
        826
      ],
      [
        2015,
        839
      ],
      [
        2016,
        863.98
      ]
    ],

    "employed": [
      [
        1964,
        15888.67
      ],
      [
        1965,
        16618.17
      ],
      [
        1966,
        17680.75
      ],
      [
        1967,
        17897.17
      ],
      [
        1968,
        18210.83
      ],
      [
        1969,
        18572.33
      ],
      [
        1970,
        17847.08
      ],
      [
        1971,
        17171
      ],
      [
        1972,
        17664.08
      ],
      [
        1973,
        18584.17
      ],
      [
        1974,
        18512.25
      ],
      [
        1975,
        16912.58
      ],
      [
        1976,
        17537.5
      ],
      [
        1977,
        18173.75
      ],
      [
        1978,
        18935.67
      ],
      [
        1979,
        19427.58
      ],
      [
        1980,
        18732.42
      ],
      [
        1981,
        18634
      ],
      [
        1982,
        17363.58
      ],
      [
        1983,
        17049.17
      ],
      [
        1984,
        17920.67
      ],
      [
        1985,
        17818.5
      ],
      [
        1986,
        17551.92
      ],
      [
        1987,
        17608.5
      ],
      [
        1988,
        17905.33
      ],
      [
        1989,
        17984
      ],
      [
        1990,
        17694.83
      ],
      [
        1991,
        17067.83
      ],
      [
        1992,
        16800.5
      ],
      [
        1993,
        16776.08
      ],
      [
        1994,
        17024
      ],
      [
        1995,
        17244.58
      ],
      [
        1996,
        17236.75
      ],
      [
        1997,
        17417.83
      ],
      [
        1998,
        17560
      ],
      [
        1999,
        17322.67
      ],
      [
        2000,
        17265.25
      ],
      [
        2001,
        16440.58
      ],
      [
        2002,
        15256.83
      ],
      [
        2003,
        14508.5
      ],
      [
        2004,
        14314.75
      ],
      [
        2005,
        14225.67
      ],
      [
        2006,
        14156.5
      ],
      [
        2007,
        13877.83
      ],
      [
        2008,
        13403.42
      ],
      [
        2009,
        11847.83
      ],
      [
        2010,
        11528.67
      ],
      [
        2011,
        11727.08
      ],
      [
        2012,
        11927.25
      ],
      [
        2013,
        12019.17
      ],
      [
        2014,
        12184.17
      ],
      [
        2015,
        12318.08
      ],
      [
        2016,
        12291.2
      ]
    ]
  },
  {
    "occupation": "Financial Activities",
    "income": [
      [
        1964,
        86.68
      ],
      [
        1965,
        90.64
      ],
      [
        1966,
        92.63
      ],
      [
        1967,
        97.15
      ],
      [
        1968,
        104.8
      ],
      [
        1969,
        110.03
      ],
      [
        1970,
        113.98
      ],
      [
        1971,
        118.7
      ],
      [
        1972,
        125.58
      ],
      [
        1973,
        133.22
      ],
      [
        1974,
        143.59
      ],
      [
        1975,
        150.59
      ],
      [
        1976,
        159.2
      ],
      [
        1977,
        169.67
      ],
      [
        1978,
        183.6
      ],
      [
        1979,
        199.27
      ],
      [
        1980,
        217.44
      ],
      [
        1981,
        233.71
      ],
      [
        1982,
        253.44
      ],
      [
        1983,
        267.81
      ],
      [
        1984,
        284.28
      ],
      [
        1985,
        297.75
      ],
      [
        1986,
        306.8

      ],
      [
        1987,
        315.23
      ],
      [
        1988,
        330.15
      ],
      [
        1989,
        344.8
      ],
      [
        1990,
        366.59
      ],
      [
        1991,
        382.7
      ],
      [
        1992,
        392.59
      ],
      [
        1993,
        413.12
      ],
      [
        1994,
        426.57
      ],
      [
        1995,
        443.56
      ],
      [
        1996,
        471.17
      ],
      [
        1997,
        482.09
      ],
      [
        1998,
        512.66
      ],
      [
        1999,
        525.9
      ],
      [
        2000,
        549.63
      ],
      [
        2001,
        580.07
      ],
      [
        2002,
        607.66
      ],
      [
        2003,
        610.02
      ],
      [
        2004,
        628.35
      ],
      [
        2005,
        652.44
      ],
      [
        2006,
        690.58
      ],
      [
        2007,
        728
      ],
      [
        2008,
        736.78
      ],
      [
        2009,
        758.6
      ],
      [
        2010,
        781.93
      ],
      [
        2011,
        809.49
      ],
      [
        2012,
        882.47
      ],
      [
        2013,
        907.14
      ],
      [
        2014,
        911.14
      ],
      [
        2015,
        943.9
      ],
      [
        2016,
        991.14
      ]
    ],

    "employed": [
      [
        1964,
        2811.08
      ],
      [
        1965,
        2878
      ],
      [
        1966,
        2960.92
      ],
      [
        1967,
        3086.33
      ],
      [
        1968,
        3233.83
      ],
      [
        1969,
        3403.92
      ],
      [
        1970,
        3532.42
      ],
      [
        1971,
        3651.17
      ],
      [
        1972,
        3783.17
      ],
      [
        1973,
        3919.5
      ],
      [
        1974,
        4023.08
      ],
      [
        1975,
        4047.08
      ],
      [
        1976,
        4155.42
      ],
      [
        1977,
        4348
      ],
      [
        1978,
        4599.25
      ],
      [
        1979,
        4842.42
      ],
      [
        1980,
        5024.83
      ],
      [
        1981,
        5162.42
      ],
      [
        1982,
        5208.17
      ],
      [
        1983,
        5333.92
      ],
      [
        1984,
        5552.33
      ],
      [
        1985,
        5814.5
      ],
      [
        1986,
        6127.67
      ],
      [
        1987,
        6385.17
      ],
      [
        1988,
        6499.67
      ],
      [
        1989,
        6561.75
      ],
      [
        1990,
        6614
      ],
      [
        1991,
        6561.58
      ],
      [
        1992,
        6558.17
      ],
      [
        1993,
        6740.83
      ],
      [
        1994,
        6909.25
      ],
      [
        1995,
        6866.33
      ],
      [
        1996,
        7018.5
      ],
      [
        1997,
        7254.75
      ],
      [
        1998,
        7564.83
      ],
      [
        1999,
        7751.92
      ],
      [
        2000,
        7784.17
      ],
      [
        2001,
        7901.17
      ],
      [
        2002,
        7956.17
      ],
      [
        2003,
        8077.25
      ],
      [
        2004,
        8105.17
      ],
      [
        2005,
        8196.58
      ],
      [
        2006,
        8366.42
      ],
      [
        2007,
        8347.33
      ],
      [
        2008,
        8204.42
      ],
      [
        2009,
        7838.42
      ],
      [
        2010,
        7695.42
      ],
      [
        2011,
        7695.92
      ],
      [
        2012,
        7783.08
      ],
      [
        2013,
        7886
      ],
      [
        2014,
        7975.83
      ],
      [
        2015,
        8124.42
      ],
      [
        2016,
        8272.6
      ]
    ]
  },
  {
    "occupation": "Construction",
    "income": [
      [
        1964,
        119.32
      ],
      [
        1965,
        125.3
      ],
      [
        1966,
        133.67
      ],
      [
        1967,
        141
      ],
      [
        1968,
        153.92
      ],
      [
        1969,
        161.28
      ],
      [
        1970,
        187.29
      ],
      [
        1971,
        197.9
      ],
      [
        1972,
        205.28
      ],
      [
        1973,
        223.34
      ],
      [
        1974,
        246
      ],
      [
        1975,
        256.38
      ],
      [
        1976,
        273.79
      ],
      [
        1977,
        283.32
      ],
      [
        1978,
        314.8
      ],
      [
        1979,
        338.55
      ],
      [
        1980,
        368.55
      ],
      [
        1981,
        400.82
      ],
      [
        1982,
        423.37
      ],
      [
        1983,
        427.86
      ],
      [
        1984,
        445.81
      ],
      [
        1985,
        447.93
      ],
      [
        1986,
        458.06
      ],
      [
        1987,
        469.7
      ],
      [
        1988,
        483.11
      ],
      [
        1989,
        503.5
      ],
      [
        1990,
        525.58
      ],
      [
        1991,
        527.23
      ],
      [
        1992,
        525.42
      ],
      [
        1993,
        545.42
      ],
      [
        1994,
        566.95
      ],
      [
        1995,
        570.12
      ],
      [
        1996,
        597.84
      ],
      [
        1997,
        622.44
      ],
      [
        1998,
        653.86
      ],
      [
        1999,
        668.75
      ],
      [
        2000,
        687.7
      ],
      [
        2001,
        706.94
      ],
      [
        2002,
        722.34
      ],
      [
        2003,
        723.14
      ],
      [
        2004,
        743.05
      ],
      [
        2005,
        754.99
      ],
      [
        2006,
        813.91
      ],
      [
        2007,
        833.22
      ],
      [
        2008,
        849.37
      ],
      [
        2009,
        857.98
      ],
      [
        2010,
        909.47
      ],
      [
        2011,
        932.18
      ],
      [
        2012,
        956.34
      ],
      [
        2013,
        947.99
      ],
      [
        2014,
        990.32
      ],
      [
        2015,
        1022.29
      ],
      [
        2016,
        1039.1
      ]
    ],

    "employed": [
      [
        1964,
        3149.25
      ],
      [
        1965,
        3285.67
      ],
      [
        1966,
        3372.08
      ],
      [
        1967,
        3305.83
      ],
      [
        1968,
        3409.33
      ],
      [
        1969,
        3636.08
      ],
      [
        1970,
        3651.92
      ],
      [
        1971,
        3768.58
      ],
      [
        1972,
        3956.42
      ],
      [
        1973,
        4167.08
      ],
      [
        1974,
        4094.58
      ],
      [
        1975,
        3606.92
      ],
      [
        1976,
        3660.75
      ],
      [
        1977,
        3939
      ],
      [
        1978,
        4320.92
      ],
      [
        1979,
        4562.17
      ],
      [
        1980,
        4453.67
      ],
      [
        1981,
        4304.17
      ],
      [
        1982,
        4024
      ],
      [
        1983,
        4064.75
      ],
      [
        1984,
        4500.83
      ],
      [
        1985,
        4792.33
      ],
      [
        1986,
        4936.33
      ],
      [
        1987,
        5088.92
      ],
      [
        1988,
        5232.75
      ],
      [
        1989,
        5309.08
      ],
      [
        1990,
        5265.83
      ],
      [
        1991,
        4783.67
      ],
      [
        1992,
        4605.25
      ],
      [
        1993,
        4779.08
      ],
      [
        1994,
        5094.42
      ],
      [
        1995,
        5276.42
      ],
      [
        1996,
        5538.42
      ],
      [
        1997,
        5812.92
      ],
      [
        1998,
        6147.33
      ],
      [
        1999,
        6544.75
      ],
      [
        2000,
        6787.92
      ],
      [
        2001,
        6826.5
      ],
      [
        2002,
        6715.33
      ],
      [
        2003,
        6735.67
      ],
      [
        2004,
        6973.17
      ],
      [
        2005,
        7333.42
      ],
      [
        2006,
        7689.58
      ],
      [
        2007,
        7627.33
      ],
      [
        2008,
        7162.33
      ],
      [
        2009,
        6017.33
      ],
      [
        2010,
        5518.33
      ],
      [
        2011,
        5529.92
      ],
      [
        2012,
        5646.17
      ],
      [
        2013,
        5857.58
      ],
      [
        2014,
        6149.92
      ],
      [
        2015,
        6443.33
      ],
      [
        2016,
        6648.6
      ]
    ]
  },


  {
    "occupation": "NonDurable  Goods",
    "income": [
      [
        1964,
        83.39
      ],
      [
        1965,
        87.02
      ],
      [
        1966,
        90.35
      ],
      [
        1967,
        95.44
      ],
      [
        1968,
        102.82
      ],
      [
        1969,
        109.02
      ],
      [
        1970,
        114.07
      ],
      [
        1971,
        123.01
      ],
      [
        1972,
        131.99
      ],
      [
        1973,
        141.41
      ],
      [
        1974,
        152.02
      ],
      [
        1975,
        168.27
      ],
      [
        1976,
        182.6
      ],
      [
        1977,
        197.96
      ],
      [
        1978,
        215.6
      ],
      [
        1979,
        235.98
      ],
      [
        1980,
        259.23
      ],
      [
        1981,
        276.82
      ],
      [
        1982,
        295.3
      ],
      [
        1983,
        313.61
      ],
      [
        1984,
        325.6
      ],
      [
        1985,
        350.24
      ],
      [
        1986,
        362.5
      ],
      [
        1987,
        370.4
      ],
      [
        1988,
        382.54
      ],
      [
        1989,
        396.4
      ],
      [
        1990,
        412.4
      ],
      [
        1991,
        414.9
      ],
      [
        1992,
        422
      ],
      [
        1993,
        433.88
      ],
      [
        1994,
        449.4
      ],
      [
        1995,
        457.3
      ],
      [
        1996,
        480.74
      ],
      [
        1997,
        496.95
      ],
      [
        1998,
        511.15
      ],
      [
        1999,
        529.34
      ],
      [
        2000,
        538.1
      ],
      [
        2001,
        556.21
      ],
      [
        2002,
        576
      ],
      [
        2003,
        592.4
      ],
      [
        2004,
        603.77
      ],
      [
        2005,
        614.66
      ],
      [
        2006,
        627.19
      ],
      [
        2007,
        647.09
      ],
      [
        2008,
        649.84
      ],
      [
        2009,
        675.14
      ],
      [
        2010,
        688.7
      ],
      [
        2011,
        702.66
      ],
      [
        2012,
        713.58
      ],
      [
        2013,
        727.59
      ],
      [
        2014,
        742.98
      ],
      [
        2015,
        754.81
      ],
      [
        2016,
        784.86
      ]
    ],

    "employed": [
      [
        1964,
        6474.58
      ],
      [
        1965,
        6643.83
      ],
      [
        1966,
        6877.58
      ],
      [
        1967,
        6944.92
      ],
      [
        1968,
        7074.67
      ],
      [
        1969,
        7178.08
      ],
      [
        1970,
        7086.33
      ],
      [
        1971,
        6944
      ],
      [
        1972,
        7037.5
      ],
      [
        1973,
        7174.08
      ],
      [
        1974,
        7081.75
      ],
      [
        1975,
        6644.92
      ],
      [
        1976,
        6893.67
      ],
      [
        1977,
        7037.33
      ],
      [
        1978,
        7163.58
      ],
      [
        1979,
        7206.5
      ],
      [
        1980,
        7053.42
      ],
      [
        1981,
        7022.75
      ],
      [
        1982,
        6752.92
      ],
      [
        1983,
        6723.08
      ],
      [
        1984,
        6870.92
      ],
      [
        1985,
        6784.83
      ],
      [
        1986,
        6757.08
      ],
      [
        1987,
        6841.75
      ],
      [
        1988,
        6937.17
      ],
      [
        1989,
        6980.83
      ],
      [
        1990,
        6957.17
      ],
      [
        1991,
        6847.17
      ],
      [
        1992,
        6852.92
      ],
      [
        1993,
        6873.17
      ],
      [
        1994,
        6891.08
      ],
      [
        1995,
        6869.67
      ],
      [
        1996,
        6750.92
      ],
      [
        1997,
        6713.42
      ],
      [
        1998,
        6648.75
      ],
      [
        1999,
        6491
      ],
      [
        2000,
        6386.92
      ],
      [
        2001,
        6104.83
      ],
      [
        2002,
        5772.75
      ],
      [
        2003,
        5545.58
      ],
      [
        2004,
        5390.17
      ],
      [
        2005,
        5271.08
      ],
      [
        2006,
        5174.75
      ],
      [
        2007,
        5070.42
      ],
      [
        2008,
        4940.67
      ],
      [
        2009,
        4563.42
      ],
      [
        2010,
        4464.5
      ],
      [
        2011,
        4453.5
      ],
      [
        2012,
        4457.83
      ],
      [
        2013,
        4472.67
      ],
      [
        2014,
        4511.33
      ],
      [
        2015,
        4561.83
      ],
      [
        2016,
        4599.3
      ]
    ]
  },
  {
    "occupation": "Information",
    "income": [
      [
        1964,
        170.23
      ],
      [
        1965,
        174.47
      ],
      [
        1966,
        176.48
      ],
      [
        1967,
        179.08
      ],
      [
        1968,
        186.62
      ],
      [
        1969,
        194.29
      ],
      [
        1970,
        199.23
      ],
      [
        1971,
        212.81
      ],
      [
        1972,
        225.75
      ],
      [
        1973,
        235.74
      ],
      [
        1974,
        247.36
      ],
      [
        1975,
        264.52
      ],
      [
        1976,
        280.83
      ],
      [
        1977,
        300.14
      ],
      [
        1978,
        318.69
      ],
      [
        1979,
        338.37
      ],
      [
        1980,
        362.85
      ],
      [
        1981,
        381.51
      ],
      [
        1982,
        397.82
      ],
      [
        1983,
        418.42
      ],
      [
        1984,
        430.56
      ],
      [
        1985,
        443.91
      ],
      [
        1986,
        447.98
      ],
      [
        1987,
        460.95
      ],
      [
        1988,
        465
      ],
      [
        1989,
        474.48
      ],
      [
        1990,
        494.4
      ],
      [
        1991,
        506.19
      ],
      [
        1992,
        529.92
      ],
      [
        1993,
        543.53
      ],
      [
        1994,
        561.72
      ],
      [
        1995,
        578.32
      ],
      [
        1996,
        615.61
      ],
      [
        1997,
        639.12
      ],
      [
        1998,
        663.9
      ],
      [
        1999,
        681.86
      ],
      [
        2000,
        717.49
      ],
      [
        2001,
        748.09
      ],
      [
        2002,
        766.54
      ],
      [
        2003,
        761.35
      ],
      [
        2004,
        786.98
      ],
      [
        2005,
        823.81
      ],
      [
        2006,
        856.49
      ],
      [
        2007,
        894.75
      ],
      [
        2008,
        918.07
      ],
      [
        2009,
        928.56
      ],
      [
        2010,
        938.96
      ],
      [
        2011,
        955.86
      ],
      [
        2012,
        1005
      ],
      [
        2013,
        1036.24
      ],
      [
        2014,
        1008.56
      ],
      [
        2015,
        1036.99
      ],
      [
        2016,
        1106.1
      ]
    ],

    "employed": [
      [
        1964,
        1765.58
      ],
      [
        1965,
        1824.58
      ],
      [
        1966,
        1908.33
      ],
      [
        1967,
        1954.58
      ],
      [
        1968,
        1991.25
      ],
      [
        1969,
        2048.33
      ],
      [
        1970,
        2041
      ],
      [
        1971,
        2008.5
      ],
      [
        1972,
        2054.92
      ],
      [
        1973,
        2133.92
      ],
      [
        1974,
        2160
      ],
      [
        1975,
        2060.42
      ],
      [
        1976,
        2111.58
      ],
      [
        1977,
        2185.58
      ],
      [
        1978,
        2286.67
      ],
      [
        1979,
        2375.08
      ],
      [
        1980,
        2360.58
      ],
      [
        1981,
        2381.92
      ],
      [
        1982,
        2317.5
      ],
      [
        1983,
        2252.58
      ],
      [
        1984,
        2397.83
      ],
      [
        1985,
        2436.75
      ],
      [
        1986,
        2444.25
      ],
      [
        1987,
        2507.17
      ],
      [
        1988,
        2585.17
      ],
      [
        1989,
        2622.25
      ],
      [
        1990,
        2688.08
      ],
      [
        1991,
        2677.58
      ],
      [
        1992,
        2641.25
      ],
      [
        1993,
        2667.58
      ],
      [
        1994,
        2738.5
      ],
      [
        1995,
        2843.42
      ],
      [
        1996,
        2940.17
      ],
      [
        1997,
        3083.75
      ],
      [
        1998,
        3218.58
      ],
      [
        1999,
        3418
      ],
      [
        2000,
        3629.5
      ],
      [
        2001,
        3628.83
      ],
      [
        2002,
        3394.25
      ],
      [
        2003,
        3188.83
      ],
      [
        2004,
        3117.17
      ],
      [
        2005,
        3061.08
      ],
      [
        2006,
        3038
      ],
      [
        2007,
        3031.5
      ],
      [
        2008,
        2983
      ],
      [
        2009,
        2803.67
      ],
      [
        2010,
        2707.42
      ],
      [
        2011,
        2672.83
      ],
      [
        2012,
        2705.67
      ],
      [
        2013,
        2726.5
      ],
      [
        2014,
        2751
      ],
      [
        2015,
        2773.5
      ],
      [
        2016,
        2770
      ]
    ]
  },


  {
    "occupation": "Mining and Logging",
    "income": [
      [
        1964,
        122.24
      ],
      [
        1965,
        128.91
      ],
      [
        1966,
        135.21
      ],
      [
        1967,
        139.4
      ],
      [
        1968,
        152.74
      ],
      [
        1969,
        162.14
      ],
      [
        1970,
        171.6
      ],
      [
        1971,
        187.29
      ],
      [
        1972,
        190.91
      ],
      [
        1973,
        214.53
      ],
      [
        1974,
        230.23
      ],
      [
        1975,
        262.11
      ],
      [
        1976,
        288.36
      ],
      [
        1977,
        294.46
      ],
      [
        1978,
        352.23
      ],
      [
        1979,
        385.61
      ],
      [
        1980,
        425.78
      ],
      [
        1981,
        468.88
      ],
      [
        1982,
        472.61
      ],
      [
        1983,
        501.23
      ],
      [
        1984,
        525.5
      ],
      [
        1985,
        539.02
      ],
      [
        1986,
        524.17
      ],
      [
        1987,
        535.76
      ],
      [
        1988,
        552.48
      ],
      [
        1989,
        576.83
      ],
      [
        1990,
        621.95
      ],
      [
        1991,
        634.56
      ],
      [
        1992,
        631.54
      ],
      [
        1993,
        648.17
      ],
      [
        1994,
        663.48
      ],
      [
        1995,
        673.79
      ],
      [
        1996,
        712.85
      ],
      [
        1997,
        727
      ],
      [
        1998,
        730.82
      ],
      [
        1999,
        716.32
      ],
      [
        2000,
        736.56
      ],
      [
        2001,
        762.66
      ],
      [
        2002,
        743.04
      ],
      [
        2003,
        776.48
      ],
      [
        2004,
        833.07
      ],
      [
        2005,
        870.96
      ],
      [
        2006,
        933.66
      ],
      [
        2007,
        986.39
      ],
      [
        2008,
        1034.96
      ],
      [
        2009,
        1022.69
      ],
      [
        2010,
        1086.3
      ],
      [
        2011,
        1186.87
      ],
      [
        2012,
        1195.38
      ],
      [
        2013,
        1253.07
      ],
      [
        2014,
        1261.31
      ],
      [
        2015,
        1214.99
      ],
      [
        2016,
        1238.43
      ]
    ],

    "employed": [
      [
        1964,
        697.17
      ],
      [
        1965,
        694.17
      ],
      [
        1966,
        679.58
      ],
      [
        1967,
        671.17
      ],
      [
        1968,
        682.92
      ],
      [
        1969,
        677.92
      ],
      [
        1970,
        658.5
      ],
      [
        1971,
        672
      ],
      [
        1972,
        692.75
      ],
      [
        1973,
        754.5
      ],
      [
        1974,
        801.58
      ],
      [
        1975,
        832.17
      ],
      [
        1976,
        865.33
      ],
      [
        1977,
        902.25
      ],
      [
        1978,
        1008.33
      ],
      [
        1979,
        1076.92
      ],
      [
        1980,
        1179.67
      ],
      [
        1981,
        1163.33
      ],
      [
        1982,
        996.67
      ],
      [
        1983,
        1013.67
      ],
      [
        1984,
        973.5
      ],
      [
        1985,
        829
      ],
      [
        1986,
        771.08
      ],
      [
        1987,
        769.67
      ],
      [
        1988,
        750
      ],
      [
        1989,
        764.58
      ],
      [
        1990,
        739.33
      ],
      [
        1991,
        688.58
      ],
      [
        1992,
        665.83
      ],
      [
        1993,
        658.67
      ],
      [
        1994,
        640.5
      ],
      [
        1995,
        637.08
      ],
      [
        1996,
        653.42
      ],
      [
        1997,
        645
      ],
      [
        1998,
        598.5
      ],
      [
        1999,
        599.08
      ],
      [
        2000,
        605.92
      ],
      [
        2001,
        582.58
      ],
      [
        2002,
        572
      ],
      [
        2003,
        590.5
      ],
      [
        2004,
        627.33
      ],
      [
        2005,
        684.58
      ],
      [
        2006,
        723.33
      ],
      [
        2007,
        765.75
      ],
      [
        2008,
        694
      ],
      [
        2009,
        704.75
      ],
      [
        2010,
        788.25
      ],
      [
        2011,
        847.75
      ],
      [
        2012,
        862.75
      ],
      [
        2013,
        890.33
      ],
      [
        2014,
        819.58
      ],
      [
        2015,
        701.3
      ],
      [
        2016,
        702
      ]
    ]
  }

]