Id,Id2,Geography,total,moe
1500000US060871001001,60871001001,"Block Group 1, Census Tract 1001, Santa Cruz County, California",95625,25015
1500000US060871001002,60871001002,"Block Group 2, Census Tract 1001, Santa Cruz County, California",111094,29632
1500000US060871002001,60871002001,"Block Group 1, Census Tract 1002, Santa Cruz County, California",92557,44537
1500000US060871002002,60871002002,"Block Group 2, Census Tract 1002, Santa Cruz County, California",96538,27490
1500000US060871002003,60871002003,"Block Group 3, Census Tract 1002, Santa Cruz County, California",71761,12358
1500000US060871002004,60871002004,"Block Group 4, Census Tract 1002, Santa Cruz County, California",77943,59363
1500000US060871002005,60871002005,"Block Group 5, Census Tract 1002, Santa Cruz County, California",37321,13215
1500000US060871002006,60871002006,"Block Group 6, Census Tract 1002, Santa Cruz County, California",21736,17551
1500000US060871002007,60871002007,"Block Group 7, Census Tract 1002, Santa Cruz County, California",69583,89257
1500000US060871003001,60871003001,"Block Group 1, Census Tract 1003, Santa Cruz County, California",80556,32160
1500000US060871003002,60871003002,"Block Group 2, Census Tract 1003, Santa Cruz County, California",89821,42085
1500000US060871004001,60871004001,"Block Group 1, Census Tract 1004, Santa Cruz County, California",106375,11290
1500000US060871004002,60871004002,"Block Group 2, Census Tract 1004, Santa Cruz County, California",-,**
1500000US060871004003,60871004003,"Block Group 3, Census Tract 1004, Santa Cruz County, California",44286,31182
1500000US060871005001,60871005001,"Block Group 1, Census Tract 1005, Santa Cruz County, California",105833,18269
1500000US060871005002,60871005002,"Block Group 2, Census Tract 1005, Santa Cruz County, California",87609,15934
1500000US060871005003,60871005003,"Block Group 3, Census Tract 1005, Santa Cruz County, California",79545,26563
1500000US060871006001,60871006001,"Block Group 1, Census Tract 1006, Santa Cruz County, California",72961,5906
1500000US060871006002,60871006002,"Block Group 2, Census Tract 1006, Santa Cruz County, California",76833,39134
1500000US060871006003,60871006003,"Block Group 3, Census Tract 1006, Santa Cruz County, California",70476,13162
1500000US060871007001,60871007001,"Block Group 1, Census Tract 1007, Santa Cruz County, California",50982,10353
1500000US060871007002,60871007002,"Block Group 2, Census Tract 1007, Santa Cruz County, California",37599,25816
1500000US060871008001,60871008001,"Block Group 1, Census Tract 1008, Santa Cruz County, California",50089,46185
1500000US060871008002,60871008002,"Block Group 2, Census Tract 1008, Santa Cruz County, California",64779,9632
1500000US060871008003,60871008003,"Block Group 3, Census Tract 1008, Santa Cruz County, California",27106,28924
1500000US060871008004,60871008004,"Block Group 4, Census Tract 1008, Santa Cruz County, California",54289,13832
1500000US060871008005,60871008005,"Block Group 5, Census Tract 1008, Santa Cruz County, California",72596,35448
1500000US060871008006,60871008006,"Block Group 6, Census Tract 1008, Santa Cruz County, California",47685,51966
1500000US060871009001,60871009001,"Block Group 1, Census Tract 1009, Santa Cruz County, California",86458,37928
1500000US060871009002,60871009002,"Block Group 2, Census Tract 1009, Santa Cruz County, California",34243,12376
1500000US060871009003,60871009003,"Block Group 3, Census Tract 1009, Santa Cruz County, California",71701,10010
1500000US060871009004,60871009004,"Block Group 4, Census Tract 1009, Santa Cruz County, California",95361,23415
1500000US060871009005,60871009005,"Block Group 5, Census Tract 1009, Santa Cruz County, California",88661,34355
1500000US060871010001,60871010001,"Block Group 1, Census Tract 1010, Santa Cruz County, California",30553,8365
1500000US060871010002,60871010002,"Block Group 2, Census Tract 1010, Santa Cruz County, California",41860,10955
1500000US060871010003,60871010003,"Block Group 3, Census Tract 1010, Santa Cruz County, California",19085,9614
1500000US060871010004,60871010004,"Block Group 4, Census Tract 1010, Santa Cruz County, California",23527,37648
1500000US060871010005,60871010005,"Block Group 5, Census Tract 1010, Santa Cruz County, California",92422,33354
1500000US060871010006,60871010006,"Block Group 6, Census Tract 1010, Santa Cruz County, California",40532,20561
1500000US060871010007,60871010007,"Block Group 7, Census Tract 1010, Santa Cruz County, California",32361,23406
1500000US060871011001,60871011001,"Block Group 1, Census Tract 1011, Santa Cruz County, California",71696,19750
1500000US060871011002,60871011002,"Block Group 2, Census Tract 1011, Santa Cruz County, California",72946,52307
1500000US060871011003,60871011003,"Block Group 3, Census Tract 1011, Santa Cruz County, California",32083,40506
1500000US060871011004,60871011004,"Block Group 4, Census Tract 1011, Santa Cruz County, California",76250,24990
1500000US060871011005,60871011005,"Block Group 5, Census Tract 1011, Santa Cruz County, California",64167,15568
1500000US060871012001,60871012001,"Block Group 1, Census Tract 1012, Santa Cruz County, California",31964,61143
1500000US060871012002,60871012002,"Block Group 2, Census Tract 1012, Santa Cruz County, California",108669,35997
1500000US060871012003,60871012003,"Block Group 3, Census Tract 1012, Santa Cruz County, California",65774,13385
1500000US060871101001,60871101001,"Block Group 1, Census Tract 1101, Santa Cruz County, California",34850,23222
1500000US060871101002,60871101002,"Block Group 2, Census Tract 1101, Santa Cruz County, California",40083,40573
1500000US060871101003,60871101003,"Block Group 3, Census Tract 1101, Santa Cruz County, California",62917,23924
1500000US060871101004,60871101004,"Block Group 4, Census Tract 1101, Santa Cruz County, California",46336,24060
1500000US060871102001,60871102001,"Block Group 1, Census Tract 1102, Santa Cruz County, California",48906,29335
1500000US060871102002,60871102002,"Block Group 2, Census Tract 1102, Santa Cruz County, California",51563,8552
1500000US060871102003,60871102003,"Block Group 3, Census Tract 1102, Santa Cruz County, California",54539,25642
1500000US060871102004,60871102004,"Block Group 4, Census Tract 1102, Santa Cruz County, California",58571,46521
1500000US060871102005,60871102005,"Block Group 5, Census Tract 1102, Santa Cruz County, California",63646,42291
1500000US060871103001,60871103001,"Block Group 1, Census Tract 1103, Santa Cruz County, California",42563,19685
1500000US060871103002,60871103002,"Block Group 2, Census Tract 1103, Santa Cruz County, California",23547,4086
1500000US060871103003,60871103003,"Block Group 3, Census Tract 1103, Santa Cruz County, California",43333,14437
1500000US060871103004,60871103004,"Block Group 4, Census Tract 1103, Santa Cruz County, California",25417,8286
1500000US060871104001,60871104001,"Block Group 1, Census Tract 1104, Santa Cruz County, California",27317,10164
1500000US060871104002,60871104002,"Block Group 2, Census Tract 1104, Santa Cruz County, California",37125,11979
1500000US060871104003,60871104003,"Block Group 3, Census Tract 1104, Santa Cruz County, California",42143,11257
1500000US060871104004,60871104004,"Block Group 4, Census Tract 1104, Santa Cruz County, California",87875,11479
1500000US060871105011,60871105011,"Block Group 1, Census Tract 1105.01, Santa Cruz County, California",26796,6253
1500000US060871105012,60871105012,"Block Group 2, Census Tract 1105.01, Santa Cruz County, California",35337,12711
1500000US060871105013,60871105013,"Block Group 3, Census Tract 1105.01, Santa Cruz County, California",56713,26260
1500000US060871105014,60871105014,"Block Group 4, Census Tract 1105.01, Santa Cruz County, California",73333,39133
1500000US060871105021,60871105021,"Block Group 1, Census Tract 1105.02, Santa Cruz County, California",44545,10036
1500000US060871105022,60871105022,"Block Group 2, Census Tract 1105.02, Santa Cruz County, California",46250,14250
1500000US060871105023,60871105023,"Block Group 3, Census Tract 1105.02, Santa Cruz County, California",51534,17736
1500000US060871106001,60871106001,"Block Group 1, Census Tract 1106, Santa Cruz County, California",65931,15947
1500000US060871106002,60871106002,"Block Group 2, Census Tract 1106, Santa Cruz County, California",59180,23500
1500000US060871106003,60871106003,"Block Group 3, Census Tract 1106, Santa Cruz County, California",74125,51553
1500000US060871106004,60871106004,"Block Group 4, Census Tract 1106, Santa Cruz County, California",20787,8613
1500000US060871106005,60871106005,"Block Group 5, Census Tract 1106, Santa Cruz County, California",45580,21034
1500000US060871107001,60871107001,"Block Group 1, Census Tract 1107, Santa Cruz County, California",52750,22451
1500000US060871107002,60871107002,"Block Group 2, Census Tract 1107, Santa Cruz County, California",59962,37555
1500000US060871107003,60871107003,"Block Group 3, Census Tract 1107, Santa Cruz County, California",46174,7114
1500000US060871202001,60871202001,"Block Group 1, Census Tract 1202, Santa Cruz County, California",87933,9092
1500000US060871202002,60871202002,"Block Group 2, Census Tract 1202, Santa Cruz County, California",80357,27282
1500000US060871203011,60871203011,"Block Group 1, Census Tract 1203.01, Santa Cruz County, California",108324,34259
1500000US060871203012,60871203012,"Block Group 2, Census Tract 1203.01, Santa Cruz County, California",74271,14422
1500000US060871203013,60871203013,"Block Group 3, Census Tract 1203.01, Santa Cruz County, California",88214,25569
1500000US060871203021,60871203021,"Block Group 1, Census Tract 1203.02, Santa Cruz County, California",99271,48724
1500000US060871203022,60871203022,"Block Group 2, Census Tract 1203.02, Santa Cruz County, California",73682,23763
1500000US060871203023,60871203023,"Block Group 3, Census Tract 1203.02, Santa Cruz County, California",62321,11942
1500000US060871204001,60871204001,"Block Group 1, Census Tract 1204, Santa Cruz County, California",77421,28312
1500000US060871204002,60871204002,"Block Group 2, Census Tract 1204, Santa Cruz County, California",100525,15824
1500000US060871204003,60871204003,"Block Group 3, Census Tract 1204, Santa Cruz County, California",91728,32196
1500000US060871204004,60871204004,"Block Group 4, Census Tract 1204, Santa Cruz County, California",74250,24055
1500000US060871205001,60871205001,"Block Group 1, Census Tract 1205, Santa Cruz County, California",189500,47705
1500000US060871205002,60871205002,"Block Group 2, Census Tract 1205, Santa Cruz County, California",137188,42637
1500000US060871205003,60871205003,"Block Group 3, Census Tract 1205, Santa Cruz County, California",51597,28405
1500000US060871205004,60871205004,"Block Group 4, Census Tract 1205, Santa Cruz County, California",61995,4548
1500000US060871205005,60871205005,"Block Group 5, Census Tract 1205, Santa Cruz County, California",86417,29971
1500000US060871206001,60871206001,"Block Group 1, Census Tract 1206, Santa Cruz County, California",72102,10049
1500000US060871206002,60871206002,"Block Group 2, Census Tract 1206, Santa Cruz County, California",90571,26315
1500000US060871206003,60871206003,"Block Group 3, Census Tract 1206, Santa Cruz County, California",86538,32143
1500000US060871206004,60871206004,"Block Group 4, Census Tract 1206, Santa Cruz County, California",92679,21392
1500000US060871206005,60871206005,"Block Group 5, Census Tract 1206, Santa Cruz County, California",84091,49965
1500000US060871207001,60871207001,"Block Group 1, Census Tract 1207, Santa Cruz County, California",59000,21527
1500000US060871207002,60871207002,"Block Group 2, Census Tract 1207, Santa Cruz County, California",76650,20396
1500000US060871207003,60871207003,"Block Group 3, Census Tract 1207, Santa Cruz County, California",86193,23912
1500000US060871208001,60871208001,"Block Group 1, Census Tract 1208, Santa Cruz County, California",54856,14024
1500000US060871208002,60871208002,"Block Group 2, Census Tract 1208, Santa Cruz County, California",131979,15877
1500000US060871208003,60871208003,"Block Group 3, Census Tract 1208, Santa Cruz County, California",112708,28180
1500000US060871209001,60871209001,"Block Group 1, Census Tract 1209, Santa Cruz County, California",105078,57308
1500000US060871209002,60871209002,"Block Group 2, Census Tract 1209, Santa Cruz County, California",111089,36176
1500000US060871209003,60871209003,"Block Group 3, Census Tract 1209, Santa Cruz County, California",106700,12398
1500000US060871209004,60871209004,"Block Group 4, Census Tract 1209, Santa Cruz County, California",115049,27514
1500000US060871210001,60871210001,"Block Group 1, Census Tract 1210, Santa Cruz County, California",102171,33508
1500000US060871210002,60871210002,"Block Group 2, Census Tract 1210, Santa Cruz County, California",86010,39463
1500000US060871210003,60871210003,"Block Group 3, Census Tract 1210, Santa Cruz County, California",121136,29750
1500000US060871211001,60871211001,"Block Group 1, Census Tract 1211, Santa Cruz County, California",121250,36025
1500000US060871211002,60871211002,"Block Group 2, Census Tract 1211, Santa Cruz County, California",68438,12283
1500000US060871212001,60871212001,"Block Group 1, Census Tract 1212, Santa Cruz County, California",107543,60127
1500000US060871212002,60871212002,"Block Group 2, Census Tract 1212, Santa Cruz County, California",122697,17745
1500000US060871212003,60871212003,"Block Group 3, Census Tract 1212, Santa Cruz County, California",100972,48212
1500000US060871212004,60871212004,"Block Group 4, Census Tract 1212, Santa Cruz County, California",93125,53664
1500000US060871212005,60871212005,"Block Group 5, Census Tract 1212, Santa Cruz County, California",110625,47558
1500000US060871213001,60871213001,"Block Group 1, Census Tract 1213, Santa Cruz County, California",65208,13922
1500000US060871213002,60871213002,"Block Group 2, Census Tract 1213, Santa Cruz County, California",109125,11750
1500000US060871213003,60871213003,"Block Group 3, Census Tract 1213, Santa Cruz County, California",74430,14895
1500000US060871213004,60871213004,"Block Group 4, Census Tract 1213, Santa Cruz County, California",36887,45703
1500000US060871214011,60871214011,"Block Group 1, Census Tract 1214.01, Santa Cruz County, California",40208,22174
1500000US060871214012,60871214012,"Block Group 2, Census Tract 1214.01, Santa Cruz County, California",60750,28172
1500000US060871214021,60871214021,"Block Group 1, Census Tract 1214.02, Santa Cruz County, California",53269,14226
1500000US060871214022,60871214022,"Block Group 2, Census Tract 1214.02, Santa Cruz County, California",46298,21626
1500000US060871214023,60871214023,"Block Group 3, Census Tract 1214.02, Santa Cruz County, California",64046,23088
1500000US060871214031,60871214031,"Block Group 1, Census Tract 1214.03, Santa Cruz County, California",60948,15401
1500000US060871214032,60871214032,"Block Group 2, Census Tract 1214.03, Santa Cruz County, California",78846,55784
1500000US060871214033,60871214033,"Block Group 3, Census Tract 1214.03, Santa Cruz County, California",56615,15958
1500000US060871215001,60871215001,"Block Group 1, Census Tract 1215, Santa Cruz County, California",80982,109221
1500000US060871215002,60871215002,"Block Group 2, Census Tract 1215, Santa Cruz County, California",59627,18934
1500000US060871215003,60871215003,"Block Group 3, Census Tract 1215, Santa Cruz County, California",45486,12783
1500000US060871215004,60871215004,"Block Group 4, Census Tract 1215, Santa Cruz County, California",47958,7916
1500000US060871215005,60871215005,"Block Group 5, Census Tract 1215, Santa Cruz County, California",23864,17284
1500000US060871216001,60871216001,"Block Group 1, Census Tract 1216, Santa Cruz County, California",42935,11350
1500000US060871216002,60871216002,"Block Group 2, Census Tract 1216, Santa Cruz County, California",84231,29787
1500000US060871216003,60871216003,"Block Group 3, Census Tract 1216, Santa Cruz County, California",49023,9862
1500000US060871216004,60871216004,"Block Group 4, Census Tract 1216, Santa Cruz County, California",92396,17251
1500000US060871216005,60871216005,"Block Group 5, Census Tract 1216, Santa Cruz County, California",31442,24635
1500000US060871217001,60871217001,"Block Group 1, Census Tract 1217, Santa Cruz County, California",51296,14053
1500000US060871217002,60871217002,"Block Group 2, Census Tract 1217, Santa Cruz County, California",57813,17766
1500000US060871217003,60871217003,"Block Group 3, Census Tract 1217, Santa Cruz County, California",103971,17065
1500000US060871217004,60871217004,"Block Group 4, Census Tract 1217, Santa Cruz County, California",42524,8317
1500000US060871217005,60871217005,"Block Group 5, Census Tract 1217, Santa Cruz County, California",123563,122794
1500000US060871217006,60871217006,"Block Group 6, Census Tract 1217, Santa Cruz County, California",71920,38116
1500000US060871218001,60871218001,"Block Group 1, Census Tract 1218, Santa Cruz County, California",88337,7941
1500000US060871218002,60871218002,"Block Group 2, Census Tract 1218, Santa Cruz County, California",53587,8414
1500000US060871218003,60871218003,"Block Group 3, Census Tract 1218, Santa Cruz County, California",55833,40683
1500000US060871218004,60871218004,"Block Group 4, Census Tract 1218, Santa Cruz County, California",49737,110571
1500000US060871220011,60871220011,"Block Group 1, Census Tract 1220.01, Santa Cruz County, California",82794,30800
1500000US060871220012,60871220012,"Block Group 2, Census Tract 1220.01, Santa Cruz County, California",110179,43328
1500000US060871220013,60871220013,"Block Group 3, Census Tract 1220.01, Santa Cruz County, California",83750,17877
1500000US060871220014,60871220014,"Block Group 4, Census Tract 1220.01, Santa Cruz County, California",37543,13866
1500000US060871220015,60871220015,"Block Group 5, Census Tract 1220.01, Santa Cruz County, California",111389,14576
1500000US060871220021,60871220021,"Block Group 1, Census Tract 1220.02, Santa Cruz County, California",102625,30719
1500000US060871220022,60871220022,"Block Group 2, Census Tract 1220.02, Santa Cruz County, California",93147,10081
1500000US060871220031,60871220031,"Block Group 1, Census Tract 1220.03, Santa Cruz County, California",83690,9249
1500000US060871220032,60871220032,"Block Group 2, Census Tract 1220.03, Santa Cruz County, California",59159,10900
1500000US060871220033,60871220033,"Block Group 3, Census Tract 1220.03, Santa Cruz County, California",93813,12443
1500000US060871220034,60871220034,"Block Group 4, Census Tract 1220.03, Santa Cruz County, California",63295,44896
1500000US060871220035,60871220035,"Block Group 5, Census Tract 1220.03, Santa Cruz County, California",53787,36972
1500000US060871221001,60871221001,"Block Group 1, Census Tract 1221, Santa Cruz County, California",77321,26513
1500000US060871221002,60871221002,"Block Group 2, Census Tract 1221, Santa Cruz County, California",62008,18207
1500000US060871221003,60871221003,"Block Group 3, Census Tract 1221, Santa Cruz County, California",50156,13984
1500000US060871222011,60871222011,"Block Group 1, Census Tract 1222.01, Santa Cruz County, California",123306,51111
1500000US060871222012,60871222012,"Block Group 2, Census Tract 1222.01, Santa Cruz County, California",71833,25512
1500000US060871222013,60871222013,"Block Group 3, Census Tract 1222.01, Santa Cruz County, California",133889,62763
1500000US060871222014,60871222014,"Block Group 4, Census Tract 1222.01, Santa Cruz County, California",40375,110405
1500000US060871222015,60871222015,"Block Group 5, Census Tract 1222.01, Santa Cruz County, California",68314,26900
1500000US060871222016,60871222016,"Block Group 6, Census Tract 1222.01, Santa Cruz County, California",86875,46044
1500000US060871222017,60871222017,"Block Group 7, Census Tract 1222.01, Santa Cruz County, California",53030,28990
1500000US060871222021,60871222021,"Block Group 1, Census Tract 1222.02, Santa Cruz County, California",98375,18681
1500000US060871222031,60871222031,"Block Group 1, Census Tract 1222.03, Santa Cruz County, California",103897,15645
1500000US060871222032,60871222032,"Block Group 2, Census Tract 1222.03, Santa Cruz County, California",101250,18550
1500000US060871223001,60871223001,"Block Group 1, Census Tract 1223, Santa Cruz County, California",53214,36588
1500000US060871223002,60871223002,"Block Group 2, Census Tract 1223, Santa Cruz County, California",78388,19871
1500000US060871223003,60871223003,"Block Group 3, Census Tract 1223, Santa Cruz County, California",87105,49499
1500000US060871224001,60871224001,"Block Group 1, Census Tract 1224, Santa Cruz County, California",79293,10858
1500000US060871224002,60871224002,"Block Group 2, Census Tract 1224, Santa Cruz County, California",54737,55492
1500000US060871224003,60871224003,"Block Group 3, Census Tract 1224, Santa Cruz County, California",80192,45913
1500000US060871224004,60871224004,"Block Group 4, Census Tract 1224, Santa Cruz County, California",90539,49780
1500000US060871224005,60871224005,"Block Group 5, Census Tract 1224, Santa Cruz County, California",83438,31918
1500000US060871224006,60871224006,"Block Group 6, Census Tract 1224, Santa Cruz County, California",52768,67224
1500000US060871225001,60871225001,"Block Group 1, Census Tract 1225, Santa Cruz County, California",83922,17178
1500000US060871225002,60871225002,"Block Group 2, Census Tract 1225, Santa Cruz County, California",52857,49356
1500000US060871225003,60871225003,"Block Group 3, Census Tract 1225, Santa Cruz County, California",75625,19864
1500000US060871225004,60871225004,"Block Group 4, Census Tract 1225, Santa Cruz County, California",75833,35805
1500000US060871231001,60871231001,"Block Group 1, Census Tract 1231, Santa Cruz County, California",48846,12476
1500000US060871231002,60871231002,"Block Group 2, Census Tract 1231, Santa Cruz County, California",59271,23508
1500000US060871233001,60871233001,"Block Group 1, Census Tract 1233, Santa Cruz County, California",64375,13528
1500000US060879901000,60879901000,"Block Group 0, Census Tract 9901, Santa Cruz County, California",-,**