Id,Id2,Geography,total,moe
1500000US060871001001,60871001001,"Block Group 1, Census Tract 1001, Santa Cruz County, California",-,**
1500000US060871001002,60871001002,"Block Group 2, Census Tract 1001, Santa Cruz County, California",1927,289
1500000US060871002001,60871002001,"Block Group 1, Census Tract 1002, Santa Cruz County, California",-,**
1500000US060871002002,60871002002,"Block Group 2, Census Tract 1002, Santa Cruz County, California",1723,54
1500000US060871002003,60871002003,"Block Group 3, Census Tract 1002, Santa Cruz County, California",1671,211
1500000US060871002004,60871002004,"Block Group 4, Census Tract 1002, Santa Cruz County, California",1479,536
1500000US060871002005,60871002005,"Block Group 5, Census Tract 1002, Santa Cruz County, California",1554,291
1500000US060871002006,60871002006,"Block Group 6, Census Tract 1002, Santa Cruz County, California",990,322
1500000US060871002007,60871002007,"Block Group 7, Census Tract 1002, Santa Cruz County, California",1326,196
1500000US060871003001,60871003001,"Block Group 1, Census Tract 1003, Santa Cruz County, California",745,266
1500000US060871003002,60871003002,"Block Group 2, Census Tract 1003, Santa Cruz County, California",1926,288
1500000US060871004001,60871004001,"Block Group 1, Census Tract 1004, Santa Cruz County, California",-,**
1500000US060871004002,60871004002,"Block Group 2, Census Tract 1004, Santa Cruz County, California",-,**
1500000US060871004003,60871004003,"Block Group 3, Census Tract 1004, Santa Cruz County, California",1387,27
1500000US060871005001,60871005001,"Block Group 1, Census Tract 1005, Santa Cruz County, California","2,000+",***
1500000US060871005002,60871005002,"Block Group 2, Census Tract 1005, Santa Cruz County, California",1546,264
1500000US060871005003,60871005003,"Block Group 3, Census Tract 1005, Santa Cruz County, California",1759,267
1500000US060871006001,60871006001,"Block Group 1, Census Tract 1006, Santa Cruz County, California",1541,266
1500000US060871006002,60871006002,"Block Group 2, Census Tract 1006, Santa Cruz County, California",1701,147
1500000US060871006003,60871006003,"Block Group 3, Census Tract 1006, Santa Cruz County, California",993,714
1500000US060871007001,60871007001,"Block Group 1, Census Tract 1007, Santa Cruz County, California",1426,223
1500000US060871007002,60871007002,"Block Group 2, Census Tract 1007, Santa Cruz County, California",1182,312
1500000US060871008001,60871008001,"Block Group 1, Census Tract 1008, Santa Cruz County, California",1258,177
1500000US060871008002,60871008002,"Block Group 2, Census Tract 1008, Santa Cruz County, California",1405,231
1500000US060871008003,60871008003,"Block Group 3, Census Tract 1008, Santa Cruz County, California",1061,552
1500000US060871008004,60871008004,"Block Group 4, Census Tract 1008, Santa Cruz County, California",1401,169
1500000US060871008005,60871008005,"Block Group 5, Census Tract 1008, Santa Cruz County, California",1336,173
1500000US060871008006,60871008006,"Block Group 6, Census Tract 1008, Santa Cruz County, California",1212,584
1500000US060871009001,60871009001,"Block Group 1, Census Tract 1009, Santa Cruz County, California",1313,264
1500000US060871009002,60871009002,"Block Group 2, Census Tract 1009, Santa Cruz County, California",1174,201
1500000US060871009003,60871009003,"Block Group 3, Census Tract 1009, Santa Cruz County, California",1604,928
1500000US060871009004,60871009004,"Block Group 4, Census Tract 1009, Santa Cruz County, California",1903,408
1500000US060871009005,60871009005,"Block Group 5, Census Tract 1009, Santa Cruz County, California",1708,354
1500000US060871010001,60871010001,"Block Group 1, Census Tract 1010, Santa Cruz County, California",1107,111
1500000US060871010002,60871010002,"Block Group 2, Census Tract 1010, Santa Cruz County, California",1427,195
1500000US060871010003,60871010003,"Block Group 3, Census Tract 1010, Santa Cruz County, California",1619,266
1500000US060871010004,60871010004,"Block Group 4, Census Tract 1010, Santa Cruz County, California",918,723
1500000US060871010005,60871010005,"Block Group 5, Census Tract 1010, Santa Cruz County, California",1543,213
1500000US060871010006,60871010006,"Block Group 6, Census Tract 1010, Santa Cruz County, California",1435,138
1500000US060871010007,60871010007,"Block Group 7, Census Tract 1010, Santa Cruz County, California",1236,307
1500000US060871011001,60871011001,"Block Group 1, Census Tract 1011, Santa Cruz County, California",1329,393
1500000US060871011002,60871011002,"Block Group 2, Census Tract 1011, Santa Cruz County, California",1638,1444
1500000US060871011003,60871011003,"Block Group 3, Census Tract 1011, Santa Cruz County, California",1149,162
1500000US060871011004,60871011004,"Block Group 4, Census Tract 1011, Santa Cruz County, California",1714,220
1500000US060871011005,60871011005,"Block Group 5, Census Tract 1011, Santa Cruz County, California",1826,258
1500000US060871012001,60871012001,"Block Group 1, Census Tract 1012, Santa Cruz County, California",1247,778
1500000US060871012002,60871012002,"Block Group 2, Census Tract 1012, Santa Cruz County, California","2,000+",***
1500000US060871012003,60871012003,"Block Group 3, Census Tract 1012, Santa Cruz County, California","2,000+",***
1500000US060871101001,60871101001,"Block Group 1, Census Tract 1101, Santa Cruz County, California",890,182
1500000US060871101002,60871101002,"Block Group 2, Census Tract 1101, Santa Cruz County, California",971,654
1500000US060871101003,60871101003,"Block Group 3, Census Tract 1101, Santa Cruz County, California",971,145
1500000US060871101004,60871101004,"Block Group 4, Census Tract 1101, Santa Cruz County, California",1138,144
1500000US060871102001,60871102001,"Block Group 1, Census Tract 1102, Santa Cruz County, California",1632,570
1500000US060871102002,60871102002,"Block Group 2, Census Tract 1102, Santa Cruz County, California",1278,353
1500000US060871102003,60871102003,"Block Group 3, Census Tract 1102, Santa Cruz County, California",1058,463
1500000US060871102004,60871102004,"Block Group 4, Census Tract 1102, Santa Cruz County, California",1553,920
1500000US060871102005,60871102005,"Block Group 5, Census Tract 1102, Santa Cruz County, California",1234,789
1500000US060871103001,60871103001,"Block Group 1, Census Tract 1103, Santa Cruz County, California",1088,196
1500000US060871103002,60871103002,"Block Group 2, Census Tract 1103, Santa Cruz County, California",966,184
1500000US060871103003,60871103003,"Block Group 3, Census Tract 1103, Santa Cruz County, California",942,143
1500000US060871103004,60871103004,"Block Group 4, Census Tract 1103, Santa Cruz County, California",1106,123
1500000US060871104001,60871104001,"Block Group 1, Census Tract 1104, Santa Cruz County, California",988,114
1500000US060871104002,60871104002,"Block Group 2, Census Tract 1104, Santa Cruz County, California",891,187
1500000US060871104003,60871104003,"Block Group 3, Census Tract 1104, Santa Cruz County, California",1286,199
1500000US060871104004,60871104004,"Block Group 4, Census Tract 1104, Santa Cruz County, California",1457,219
1500000US060871105011,60871105011,"Block Group 1, Census Tract 1105.01, Santa Cruz County, California",1011,366
1500000US060871105012,60871105012,"Block Group 2, Census Tract 1105.01, Santa Cruz County, California",1119,189
1500000US060871105013,60871105013,"Block Group 3, Census Tract 1105.01, Santa Cruz County, California",1673,314
1500000US060871105014,60871105014,"Block Group 4, Census Tract 1105.01, Santa Cruz County, California",833,324
1500000US060871105021,60871105021,"Block Group 1, Census Tract 1105.02, Santa Cruz County, California",1238,484
1500000US060871105022,60871105022,"Block Group 2, Census Tract 1105.02, Santa Cruz County, California",1197,361
1500000US060871105023,60871105023,"Block Group 3, Census Tract 1105.02, Santa Cruz County, California",1369,226
1500000US060871106001,60871106001,"Block Group 1, Census Tract 1106, Santa Cruz County, California",1206,617
1500000US060871106002,60871106002,"Block Group 2, Census Tract 1106, Santa Cruz County, California",-,**
1500000US060871106003,60871106003,"Block Group 3, Census Tract 1106, Santa Cruz County, California",835,1324
1500000US060871106004,60871106004,"Block Group 4, Census Tract 1106, Santa Cruz County, California",688,537
1500000US060871106005,60871106005,"Block Group 5, Census Tract 1106, Santa Cruz County, California",903,304
1500000US060871107001,60871107001,"Block Group 1, Census Tract 1107, Santa Cruz County, California",1587,302
1500000US060871107002,60871107002,"Block Group 2, Census Tract 1107, Santa Cruz County, California",1661,288
1500000US060871107003,60871107003,"Block Group 3, Census Tract 1107, Santa Cruz County, California",1739,440
1500000US060871202001,60871202001,"Block Group 1, Census Tract 1202, Santa Cruz County, California",1207,340
1500000US060871202002,60871202002,"Block Group 2, Census Tract 1202, Santa Cruz County, California",1135,523
1500000US060871203011,60871203011,"Block Group 1, Census Tract 1203.01, Santa Cruz County, California",1056,318
1500000US060871203012,60871203012,"Block Group 2, Census Tract 1203.01, Santa Cruz County, California",885,448
1500000US060871203013,60871203013,"Block Group 3, Census Tract 1203.01, Santa Cruz County, California",1825,496
1500000US060871203021,60871203021,"Block Group 1, Census Tract 1203.02, Santa Cruz County, California",1061,250
1500000US060871203022,60871203022,"Block Group 2, Census Tract 1203.02, Santa Cruz County, California",1243,187
1500000US060871203023,60871203023,"Block Group 3, Census Tract 1203.02, Santa Cruz County, California",1155,166
1500000US060871204001,60871204001,"Block Group 1, Census Tract 1204, Santa Cruz County, California",1582,754
1500000US060871204002,60871204002,"Block Group 2, Census Tract 1204, Santa Cruz County, California",1589,940
1500000US060871204003,60871204003,"Block Group 3, Census Tract 1204, Santa Cruz County, California",1234,517
1500000US060871204004,60871204004,"Block Group 4, Census Tract 1204, Santa Cruz County, California",1375,445
1500000US060871205001,60871205001,"Block Group 1, Census Tract 1205, Santa Cruz County, California","2,000+",***
1500000US060871205002,60871205002,"Block Group 2, Census Tract 1205, Santa Cruz County, California",-,**
1500000US060871205003,60871205003,"Block Group 3, Census Tract 1205, Santa Cruz County, California",1026,527
1500000US060871205004,60871205004,"Block Group 4, Census Tract 1205, Santa Cruz County, California",-,**
1500000US060871205005,60871205005,"Block Group 5, Census Tract 1205, Santa Cruz County, California",928,83
1500000US060871206001,60871206001,"Block Group 1, Census Tract 1206, Santa Cruz County, California",-,**
1500000US060871206002,60871206002,"Block Group 2, Census Tract 1206, Santa Cruz County, California",787,517
1500000US060871206003,60871206003,"Block Group 3, Census Tract 1206, Santa Cruz County, California",1306,424
1500000US060871206004,60871206004,"Block Group 4, Census Tract 1206, Santa Cruz County, California",697,1856
1500000US060871206005,60871206005,"Block Group 5, Census Tract 1206, Santa Cruz County, California",1394,165
1500000US060871207001,60871207001,"Block Group 1, Census Tract 1207, Santa Cruz County, California",1026,737
1500000US060871207002,60871207002,"Block Group 2, Census Tract 1207, Santa Cruz County, California",1030,391
1500000US060871207003,60871207003,"Block Group 3, Census Tract 1207, Santa Cruz County, California",1017,704
1500000US060871208001,60871208001,"Block Group 1, Census Tract 1208, Santa Cruz County, California","2,000+",***
1500000US060871208002,60871208002,"Block Group 2, Census Tract 1208, Santa Cruz County, California",1729,165
1500000US060871208003,60871208003,"Block Group 3, Census Tract 1208, Santa Cruz County, California",-,**
1500000US060871209001,60871209001,"Block Group 1, Census Tract 1209, Santa Cruz County, California",1483,457
1500000US060871209002,60871209002,"Block Group 2, Census Tract 1209, Santa Cruz County, California",958,312
1500000US060871209003,60871209003,"Block Group 3, Census Tract 1209, Santa Cruz County, California",1444,247
1500000US060871209004,60871209004,"Block Group 4, Census Tract 1209, Santa Cruz County, California",1766,242
1500000US060871210001,60871210001,"Block Group 1, Census Tract 1210, Santa Cruz County, California","2,000+",***
1500000US060871210002,60871210002,"Block Group 2, Census Tract 1210, Santa Cruz County, California",952,195
1500000US060871210003,60871210003,"Block Group 3, Census Tract 1210, Santa Cruz County, California",973,778
1500000US060871211001,60871211001,"Block Group 1, Census Tract 1211, Santa Cruz County, California",1792,811
1500000US060871211002,60871211002,"Block Group 2, Census Tract 1211, Santa Cruz County, California",1375,266
1500000US060871212001,60871212001,"Block Group 1, Census Tract 1212, Santa Cruz County, California",1750,1152
1500000US060871212002,60871212002,"Block Group 2, Census Tract 1212, Santa Cruz County, California","2,000+",***
1500000US060871212003,60871212003,"Block Group 3, Census Tract 1212, Santa Cruz County, California",697,477
1500000US060871212004,60871212004,"Block Group 4, Census Tract 1212, Santa Cruz County, California",1125,1153
1500000US060871212005,60871212005,"Block Group 5, Census Tract 1212, Santa Cruz County, California",1683,149
1500000US060871213001,60871213001,"Block Group 1, Census Tract 1213, Santa Cruz County, California",1619,438
1500000US060871213002,60871213002,"Block Group 2, Census Tract 1213, Santa Cruz County, California",-,**
1500000US060871213003,60871213003,"Block Group 3, Census Tract 1213, Santa Cruz County, California",1713,227
1500000US060871213004,60871213004,"Block Group 4, Census Tract 1213, Santa Cruz County, California",1713,147
1500000US060871214011,60871214011,"Block Group 1, Census Tract 1214.01, Santa Cruz County, California",1038,259
1500000US060871214012,60871214012,"Block Group 2, Census Tract 1214.01, Santa Cruz County, California",1315,146
1500000US060871214021,60871214021,"Block Group 1, Census Tract 1214.02, Santa Cruz County, California",1374,163
1500000US060871214022,60871214022,"Block Group 2, Census Tract 1214.02, Santa Cruz County, California",1305,297
1500000US060871214023,60871214023,"Block Group 3, Census Tract 1214.02, Santa Cruz County, California",1733,850
1500000US060871214031,60871214031,"Block Group 1, Census Tract 1214.03, Santa Cruz County, California",1133,1296
1500000US060871214032,60871214032,"Block Group 2, Census Tract 1214.03, Santa Cruz County, California",1193,538
1500000US060871214033,60871214033,"Block Group 3, Census Tract 1214.03, Santa Cruz County, California",1614,387
1500000US060871215001,60871215001,"Block Group 1, Census Tract 1215, Santa Cruz County, California",1779,766
1500000US060871215002,60871215002,"Block Group 2, Census Tract 1215, Santa Cruz County, California",1221,338
1500000US060871215003,60871215003,"Block Group 3, Census Tract 1215, Santa Cruz County, California",1407,174
1500000US060871215004,60871215004,"Block Group 4, Census Tract 1215, Santa Cruz County, California",1241,218
1500000US060871215005,60871215005,"Block Group 5, Census Tract 1215, Santa Cruz County, California",1319,133
1500000US060871216001,60871216001,"Block Group 1, Census Tract 1216, Santa Cruz County, California",1288,452
1500000US060871216002,60871216002,"Block Group 2, Census Tract 1216, Santa Cruz County, California",1905,723
1500000US060871216003,60871216003,"Block Group 3, Census Tract 1216, Santa Cruz County, California",1214,374
1500000US060871216004,60871216004,"Block Group 4, Census Tract 1216, Santa Cruz County, California",1829,559
1500000US060871216005,60871216005,"Block Group 5, Census Tract 1216, Santa Cruz County, California",861,121
1500000US060871217001,60871217001,"Block Group 1, Census Tract 1217, Santa Cruz County, California",1483,123
1500000US060871217002,60871217002,"Block Group 2, Census Tract 1217, Santa Cruz County, California",1292,1737
1500000US060871217003,60871217003,"Block Group 3, Census Tract 1217, Santa Cruz County, California","2,000+",***
1500000US060871217004,60871217004,"Block Group 4, Census Tract 1217, Santa Cruz County, California",1552,197
1500000US060871217005,60871217005,"Block Group 5, Census Tract 1217, Santa Cruz County, California",1678,110
1500000US060871217006,60871217006,"Block Group 6, Census Tract 1217, Santa Cruz County, California",1321,273
1500000US060871218001,60871218001,"Block Group 1, Census Tract 1218, Santa Cruz County, California",1858,445
1500000US060871218002,60871218002,"Block Group 2, Census Tract 1218, Santa Cruz County, California",1312,86
1500000US060871218003,60871218003,"Block Group 3, Census Tract 1218, Santa Cruz County, California",1641,318
1500000US060871218004,60871218004,"Block Group 4, Census Tract 1218, Santa Cruz County, California","2,000+",***
1500000US060871220011,60871220011,"Block Group 1, Census Tract 1220.01, Santa Cruz County, California",1375,579
1500000US060871220012,60871220012,"Block Group 2, Census Tract 1220.01, Santa Cruz County, California",-,**
1500000US060871220013,60871220013,"Block Group 3, Census Tract 1220.01, Santa Cruz County, California",1743,296
1500000US060871220014,60871220014,"Block Group 4, Census Tract 1220.01, Santa Cruz County, California",1830,328
1500000US060871220015,60871220015,"Block Group 5, Census Tract 1220.01, Santa Cruz County, California","2,000+",***
1500000US060871220021,60871220021,"Block Group 1, Census Tract 1220.02, Santa Cruz County, California",1250,193
1500000US060871220022,60871220022,"Block Group 2, Census Tract 1220.02, Santa Cruz County, California",1906,362
1500000US060871220031,60871220031,"Block Group 1, Census Tract 1220.03, Santa Cruz County, California",1417,1065
1500000US060871220032,60871220032,"Block Group 2, Census Tract 1220.03, Santa Cruz County, California",1468,153
1500000US060871220033,60871220033,"Block Group 3, Census Tract 1220.03, Santa Cruz County, California",1260,230
1500000US060871220034,60871220034,"Block Group 4, Census Tract 1220.03, Santa Cruz County, California",1604,555
1500000US060871220035,60871220035,"Block Group 5, Census Tract 1220.03, Santa Cruz County, California",778,666
1500000US060871221001,60871221001,"Block Group 1, Census Tract 1221, Santa Cruz County, California",1385,470
1500000US060871221002,60871221002,"Block Group 2, Census Tract 1221, Santa Cruz County, California",1766,207
1500000US060871221003,60871221003,"Block Group 3, Census Tract 1221, Santa Cruz County, California",1295,166
1500000US060871222011,60871222011,"Block Group 1, Census Tract 1222.01, Santa Cruz County, California",-,**
1500000US060871222012,60871222012,"Block Group 2, Census Tract 1222.01, Santa Cruz County, California",1881,282
1500000US060871222013,60871222013,"Block Group 3, Census Tract 1222.01, Santa Cruz County, California",-,**
1500000US060871222014,60871222014,"Block Group 4, Census Tract 1222.01, Santa Cruz County, California",689,873
1500000US060871222015,60871222015,"Block Group 5, Census Tract 1222.01, Santa Cruz County, California",1760,475
1500000US060871222016,60871222016,"Block Group 6, Census Tract 1222.01, Santa Cruz County, California",981,805
1500000US060871222017,60871222017,"Block Group 7, Census Tract 1222.01, Santa Cruz County, California",1538,255
1500000US060871222021,60871222021,"Block Group 1, Census Tract 1222.02, Santa Cruz County, California","2,000+",***
1500000US060871222031,60871222031,"Block Group 1, Census Tract 1222.03, Santa Cruz County, California",1741,208
1500000US060871222032,60871222032,"Block Group 2, Census Tract 1222.03, Santa Cruz County, California",1599,928
1500000US060871223001,60871223001,"Block Group 1, Census Tract 1223, Santa Cruz County, California",478,397
1500000US060871223002,60871223002,"Block Group 2, Census Tract 1223, Santa Cruz County, California",606,266
1500000US060871223003,60871223003,"Block Group 3, Census Tract 1223, Santa Cruz County, California",1670,819
1500000US060871224001,60871224001,"Block Group 1, Census Tract 1224, Santa Cruz County, California",1578,771
1500000US060871224002,60871224002,"Block Group 2, Census Tract 1224, Santa Cruz County, California",1652,659
1500000US060871224003,60871224003,"Block Group 3, Census Tract 1224, Santa Cruz County, California",1331,618
1500000US060871224004,60871224004,"Block Group 4, Census Tract 1224, Santa Cruz County, California",-,**
1500000US060871224005,60871224005,"Block Group 5, Census Tract 1224, Santa Cruz County, California",-,**
1500000US060871224006,60871224006,"Block Group 6, Census Tract 1224, Santa Cruz County, California",-,**
1500000US060871225001,60871225001,"Block Group 1, Census Tract 1225, Santa Cruz County, California",1307,344
1500000US060871225002,60871225002,"Block Group 2, Census Tract 1225, Santa Cruz County, California",1570,624
1500000US060871225003,60871225003,"Block Group 3, Census Tract 1225, Santa Cruz County, California",1421,441
1500000US060871225004,60871225004,"Block Group 4, Census Tract 1225, Santa Cruz County, California",1375,640
1500000US060871231001,60871231001,"Block Group 1, Census Tract 1231, Santa Cruz County, California",972,431
1500000US060871231002,60871231002,"Block Group 2, Census Tract 1231, Santa Cruz County, California",1042,272
1500000US060871233001,60871233001,"Block Group 1, Census Tract 1233, Santa Cruz County, California",879,79
1500000US060879901000,60879901000,"Block Group 0, Census Tract 9901, Santa Cruz County, California",-,**