Id,Id2,Geography,total,moe
1500000US060871001001,60871001001,"Block Group 1, Census Tract 1001, Santa Cruz County, California",644100,36940
1500000US060871001002,60871001002,"Block Group 2, Census Tract 1001, Santa Cruz County, California",645700,48856
1500000US060871002001,60871002001,"Block Group 1, Census Tract 1002, Santa Cruz County, California",495100,157419
1500000US060871002002,60871002002,"Block Group 2, Census Tract 1002, Santa Cruz County, California",588600,123891
1500000US060871002003,60871002003,"Block Group 3, Census Tract 1002, Santa Cruz County, California",591500,33042
1500000US060871002004,60871002004,"Block Group 4, Census Tract 1002, Santa Cruz County, California",604400,79385
1500000US060871002005,60871002005,"Block Group 5, Census Tract 1002, Santa Cruz County, California",579200,121139
1500000US060871002006,60871002006,"Block Group 6, Census Tract 1002, Santa Cruz County, California",-,**
1500000US060871002007,60871002007,"Block Group 7, Census Tract 1002, Santa Cruz County, California",648400,50638
1500000US060871003001,60871003001,"Block Group 1, Census Tract 1003, Santa Cruz County, California",775200,125879
1500000US060871003002,60871003002,"Block Group 2, Census Tract 1003, Santa Cruz County, California",733400,72092
1500000US060871004001,60871004001,"Block Group 1, Census Tract 1004, Santa Cruz County, California",316700,60875
1500000US060871004002,60871004002,"Block Group 2, Census Tract 1004, Santa Cruz County, California",-,**
1500000US060871004003,60871004003,"Block Group 3, Census Tract 1004, Santa Cruz County, California",-,**
1500000US060871005001,60871005001,"Block Group 1, Census Tract 1005, Santa Cruz County, California",621000,277668
1500000US060871005002,60871005002,"Block Group 2, Census Tract 1005, Santa Cruz County, California",556500,127264
1500000US060871005003,60871005003,"Block Group 3, Census Tract 1005, Santa Cruz County, California",824200,109536
1500000US060871006001,60871006001,"Block Group 1, Census Tract 1006, Santa Cruz County, California",717900,85625
1500000US060871006002,60871006002,"Block Group 2, Census Tract 1006, Santa Cruz County, California",623600,41561
1500000US060871006003,60871006003,"Block Group 3, Census Tract 1006, Santa Cruz County, California",670100,80189
1500000US060871007001,60871007001,"Block Group 1, Census Tract 1007, Santa Cruz County, California",277900,163104
1500000US060871007002,60871007002,"Block Group 2, Census Tract 1007, Santa Cruz County, California",884600,321916
1500000US060871008001,60871008001,"Block Group 1, Census Tract 1008, Santa Cruz County, California",612500,376111
1500000US060871008002,60871008002,"Block Group 2, Census Tract 1008, Santa Cruz County, California",666200,80899
1500000US060871008003,60871008003,"Block Group 3, Census Tract 1008, Santa Cruz County, California",529500,304948
1500000US060871008004,60871008004,"Block Group 4, Census Tract 1008, Santa Cruz County, California",423300,193679
1500000US060871008005,60871008005,"Block Group 5, Census Tract 1008, Santa Cruz County, California",698300,90783
1500000US060871008006,60871008006,"Block Group 6, Census Tract 1008, Santa Cruz County, California",584500,191670
1500000US060871009001,60871009001,"Block Group 1, Census Tract 1009, Santa Cruz County, California",685200,50928
1500000US060871009002,60871009002,"Block Group 2, Census Tract 1009, Santa Cruz County, California",638300,91671
1500000US060871009003,60871009003,"Block Group 3, Census Tract 1009, Santa Cruz County, California",730800,384843
1500000US060871009004,60871009004,"Block Group 4, Census Tract 1009, Santa Cruz County, California",808800,298621
1500000US060871009005,60871009005,"Block Group 5, Census Tract 1009, Santa Cruz County, California",-,**
1500000US060871010001,60871010001,"Block Group 1, Census Tract 1010, Santa Cruz County, California",-,**
1500000US060871010002,60871010002,"Block Group 2, Census Tract 1010, Santa Cruz County, California",-,**
1500000US060871010003,60871010003,"Block Group 3, Census Tract 1010, Santa Cruz County, California",604200,83417
1500000US060871010004,60871010004,"Block Group 4, Census Tract 1010, Santa Cruz County, California",-,**
1500000US060871010005,60871010005,"Block Group 5, Census Tract 1010, Santa Cruz County, California",601700,104625
1500000US060871010006,60871010006,"Block Group 6, Census Tract 1010, Santa Cruz County, California",455400,53895
1500000US060871010007,60871010007,"Block Group 7, Census Tract 1010, Santa Cruz County, California",710200,175588
1500000US060871011001,60871011001,"Block Group 1, Census Tract 1011, Santa Cruz County, California",674500,91939
1500000US060871011002,60871011002,"Block Group 2, Census Tract 1011, Santa Cruz County, California",644900,150165
1500000US060871011003,60871011003,"Block Group 3, Census Tract 1011, Santa Cruz County, California",484400,135070
1500000US060871011004,60871011004,"Block Group 4, Census Tract 1011, Santa Cruz County, California",952100,190252
1500000US060871011005,60871011005,"Block Group 5, Census Tract 1011, Santa Cruz County, California",493300,198616
1500000US060871012001,60871012001,"Block Group 1, Census Tract 1012, Santa Cruz County, California",484100,160971
1500000US060871012002,60871012002,"Block Group 2, Census Tract 1012, Santa Cruz County, California",730300,80569
1500000US060871012003,60871012003,"Block Group 3, Census Tract 1012, Santa Cruz County, California",623100,156559
1500000US060871101001,60871101001,"Block Group 1, Census Tract 1101, Santa Cruz County, California",276400,18879
1500000US060871101002,60871101002,"Block Group 2, Census Tract 1101, Santa Cruz County, California",298100,79989
1500000US060871101003,60871101003,"Block Group 3, Census Tract 1101, Santa Cruz County, California",318800,88256
1500000US060871101004,60871101004,"Block Group 4, Census Tract 1101, Santa Cruz County, California",316600,31734
1500000US060871102001,60871102001,"Block Group 1, Census Tract 1102, Santa Cruz County, California",402900,147661
1500000US060871102002,60871102002,"Block Group 2, Census Tract 1102, Santa Cruz County, California",369800,42574
1500000US060871102003,60871102003,"Block Group 3, Census Tract 1102, Santa Cruz County, California",371700,70894
1500000US060871102004,60871102004,"Block Group 4, Census Tract 1102, Santa Cruz County, California",336200,134955
1500000US060871102005,60871102005,"Block Group 5, Census Tract 1102, Santa Cruz County, California",411200,38193
1500000US060871103001,60871103001,"Block Group 1, Census Tract 1103, Santa Cruz County, California",242100,47706
1500000US060871103002,60871103002,"Block Group 2, Census Tract 1103, Santa Cruz County, California",371400,131873
1500000US060871103003,60871103003,"Block Group 3, Census Tract 1103, Santa Cruz County, California",-,**
1500000US060871103004,60871103004,"Block Group 4, Census Tract 1103, Santa Cruz County, California",240900,70617
1500000US060871104001,60871104001,"Block Group 1, Census Tract 1104, Santa Cruz County, California","1,000,000+",***
1500000US060871104002,60871104002,"Block Group 2, Census Tract 1104, Santa Cruz County, California",234100,133221
1500000US060871104003,60871104003,"Block Group 3, Census Tract 1104, Santa Cruz County, California",225000,58144
1500000US060871104004,60871104004,"Block Group 4, Census Tract 1104, Santa Cruz County, California",360800,29622
1500000US060871105011,60871105011,"Block Group 1, Census Tract 1105.01, Santa Cruz County, California",314400,105447
1500000US060871105012,60871105012,"Block Group 2, Census Tract 1105.01, Santa Cruz County, California",303300,53430
1500000US060871105013,60871105013,"Block Group 3, Census Tract 1105.01, Santa Cruz County, California",213200,87655
1500000US060871105014,60871105014,"Block Group 4, Census Tract 1105.01, Santa Cruz County, California",302800,292002
1500000US060871105021,60871105021,"Block Group 1, Census Tract 1105.02, Santa Cruz County, California",212900,29908
1500000US060871105022,60871105022,"Block Group 2, Census Tract 1105.02, Santa Cruz County, California",295200,66686
1500000US060871105023,60871105023,"Block Group 3, Census Tract 1105.02, Santa Cruz County, California",338300,16500
1500000US060871106001,60871106001,"Block Group 1, Census Tract 1106, Santa Cruz County, California",264100,124396
1500000US060871106002,60871106002,"Block Group 2, Census Tract 1106, Santa Cruz County, California",351900,73320
1500000US060871106003,60871106003,"Block Group 3, Census Tract 1106, Santa Cruz County, California",285000,87267
1500000US060871106004,60871106004,"Block Group 4, Census Tract 1106, Santa Cruz County, California",239200,121172
1500000US060871106005,60871106005,"Block Group 5, Census Tract 1106, Santa Cruz County, California",246200,137068
1500000US060871107001,60871107001,"Block Group 1, Census Tract 1107, Santa Cruz County, California",368000,107570
1500000US060871107002,60871107002,"Block Group 2, Census Tract 1107, Santa Cruz County, California",393100,61039
1500000US060871107003,60871107003,"Block Group 3, Census Tract 1107, Santa Cruz County, California",411900,58774
1500000US060871202001,60871202001,"Block Group 1, Census Tract 1202, Santa Cruz County, California",655500,32477
1500000US060871202002,60871202002,"Block Group 2, Census Tract 1202, Santa Cruz County, California",630600,35218
1500000US060871203011,60871203011,"Block Group 1, Census Tract 1203.01, Santa Cruz County, California",493800,94114
1500000US060871203012,60871203012,"Block Group 2, Census Tract 1203.01, Santa Cruz County, California",550000,61964
1500000US060871203013,60871203013,"Block Group 3, Census Tract 1203.01, Santa Cruz County, California",452200,34427
1500000US060871203021,60871203021,"Block Group 1, Census Tract 1203.02, Santa Cruz County, California",426300,66223
1500000US060871203022,60871203022,"Block Group 2, Census Tract 1203.02, Santa Cruz County, California",561500,81776
1500000US060871203023,60871203023,"Block Group 3, Census Tract 1203.02, Santa Cruz County, California",633500,161850
1500000US060871204001,60871204001,"Block Group 1, Census Tract 1204, Santa Cruz County, California",373200,48210
1500000US060871204002,60871204002,"Block Group 2, Census Tract 1204, Santa Cruz County, California",547300,91469
1500000US060871204003,60871204003,"Block Group 3, Census Tract 1204, Santa Cruz County, California",562000,89208
1500000US060871204004,60871204004,"Block Group 4, Census Tract 1204, Santa Cruz County, California",426700,48821
1500000US060871205001,60871205001,"Block Group 1, Census Tract 1205, Santa Cruz County, California",926000,58157
1500000US060871205002,60871205002,"Block Group 2, Census Tract 1205, Santa Cruz County, California",904900,63528
1500000US060871205003,60871205003,"Block Group 3, Census Tract 1205, Santa Cruz County, California",383300,101018
1500000US060871205004,60871205004,"Block Group 4, Census Tract 1205, Santa Cruz County, California",385300,61238
1500000US060871205005,60871205005,"Block Group 5, Census Tract 1205, Santa Cruz County, California",599100,70784
1500000US060871206001,60871206001,"Block Group 1, Census Tract 1206, Santa Cruz County, California",261500,51869
1500000US060871206002,60871206002,"Block Group 2, Census Tract 1206, Santa Cruz County, California",423800,115031
1500000US060871206003,60871206003,"Block Group 3, Census Tract 1206, Santa Cruz County, California",506500,97108
1500000US060871206004,60871206004,"Block Group 4, Census Tract 1206, Santa Cruz County, California",527700,62244
1500000US060871206005,60871206005,"Block Group 5, Census Tract 1206, Santa Cruz County, California",617100,162764
1500000US060871207001,60871207001,"Block Group 1, Census Tract 1207, Santa Cruz County, California",545400,69765
1500000US060871207002,60871207002,"Block Group 2, Census Tract 1207, Santa Cruz County, California",475300,29908
1500000US060871207003,60871207003,"Block Group 3, Census Tract 1207, Santa Cruz County, California",501200,147464
1500000US060871208001,60871208001,"Block Group 1, Census Tract 1208, Santa Cruz County, California",466900,103661
1500000US060871208002,60871208002,"Block Group 2, Census Tract 1208, Santa Cruz County, California",749000,68865
1500000US060871208003,60871208003,"Block Group 3, Census Tract 1208, Santa Cruz County, California",864100,67574
1500000US060871209001,60871209001,"Block Group 1, Census Tract 1209, Santa Cruz County, California",806500,51067
1500000US060871209002,60871209002,"Block Group 2, Census Tract 1209, Santa Cruz County, California",842600,354271
1500000US060871209003,60871209003,"Block Group 3, Census Tract 1209, Santa Cruz County, California",615000,61551
1500000US060871209004,60871209004,"Block Group 4, Census Tract 1209, Santa Cruz County, California",465000,47831
1500000US060871210001,60871210001,"Block Group 1, Census Tract 1210, Santa Cruz County, California",802600,81238
1500000US060871210002,60871210002,"Block Group 2, Census Tract 1210, Santa Cruz County, California",792100,120454
1500000US060871210003,60871210003,"Block Group 3, Census Tract 1210, Santa Cruz County, California",766200,120307
1500000US060871211001,60871211001,"Block Group 1, Census Tract 1211, Santa Cruz County, California",878000,68825
1500000US060871211002,60871211002,"Block Group 2, Census Tract 1211, Santa Cruz County, California",535200,98946
1500000US060871212001,60871212001,"Block Group 1, Census Tract 1212, Santa Cruz County, California",768900,146040
1500000US060871212002,60871212002,"Block Group 2, Census Tract 1212, Santa Cruz County, California",743100,114923
1500000US060871212003,60871212003,"Block Group 3, Census Tract 1212, Santa Cruz County, California",659000,56814
1500000US060871212004,60871212004,"Block Group 4, Census Tract 1212, Santa Cruz County, California",940700,181266
1500000US060871212005,60871212005,"Block Group 5, Census Tract 1212, Santa Cruz County, California",871400,57855
1500000US060871213001,60871213001,"Block Group 1, Census Tract 1213, Santa Cruz County, California",650100,36569
1500000US060871213002,60871213002,"Block Group 2, Census Tract 1213, Santa Cruz County, California",628700,24117
1500000US060871213003,60871213003,"Block Group 3, Census Tract 1213, Santa Cruz County, California",568900,36211
1500000US060871213004,60871213004,"Block Group 4, Census Tract 1213, Santa Cruz County, California",551100,222909
1500000US060871214011,60871214011,"Block Group 1, Census Tract 1214.01, Santa Cruz County, California",430700,72785
1500000US060871214012,60871214012,"Block Group 2, Census Tract 1214.01, Santa Cruz County, California",595300,34698
1500000US060871214021,60871214021,"Block Group 1, Census Tract 1214.02, Santa Cruz County, California",537000,102564
1500000US060871214022,60871214022,"Block Group 2, Census Tract 1214.02, Santa Cruz County, California",464500,116441
1500000US060871214023,60871214023,"Block Group 3, Census Tract 1214.02, Santa Cruz County, California",538000,59561
1500000US060871214031,60871214031,"Block Group 1, Census Tract 1214.03, Santa Cruz County, California",365100,67000
1500000US060871214032,60871214032,"Block Group 2, Census Tract 1214.03, Santa Cruz County, California",444200,100499
1500000US060871214033,60871214033,"Block Group 3, Census Tract 1214.03, Santa Cruz County, California",399000,349854
1500000US060871215001,60871215001,"Block Group 1, Census Tract 1215, Santa Cruz County, California",669600,500286
1500000US060871215002,60871215002,"Block Group 2, Census Tract 1215, Santa Cruz County, California",552600,207098
1500000US060871215003,60871215003,"Block Group 3, Census Tract 1215, Santa Cruz County, California",160600,43141
1500000US060871215004,60871215004,"Block Group 4, Census Tract 1215, Santa Cruz County, California",728700,146182
1500000US060871215005,60871215005,"Block Group 5, Census Tract 1215, Santa Cruz County, California",555000,118061
1500000US060871216001,60871216001,"Block Group 1, Census Tract 1216, Santa Cruz County, California",243100,46076
1500000US060871216002,60871216002,"Block Group 2, Census Tract 1216, Santa Cruz County, California",909400,92915
1500000US060871216003,60871216003,"Block Group 3, Census Tract 1216, Santa Cruz County, California",482200,117051
1500000US060871216004,60871216004,"Block Group 4, Census Tract 1216, Santa Cruz County, California",650000,123653
1500000US060871216005,60871216005,"Block Group 5, Census Tract 1216, Santa Cruz County, California",158000,75013
1500000US060871217001,60871217001,"Block Group 1, Census Tract 1217, Santa Cruz County, California",515200,112122
1500000US060871217002,60871217002,"Block Group 2, Census Tract 1217, Santa Cruz County, California",552100,126214
1500000US060871217003,60871217003,"Block Group 3, Census Tract 1217, Santa Cruz County, California",378400,241556
1500000US060871217004,60871217004,"Block Group 4, Census Tract 1217, Santa Cruz County, California",293800,53817
1500000US060871217005,60871217005,"Block Group 5, Census Tract 1217, Santa Cruz County, California",575300,104606
1500000US060871217006,60871217006,"Block Group 6, Census Tract 1217, Santa Cruz County, California",398500,164603
1500000US060871218001,60871218001,"Block Group 1, Census Tract 1218, Santa Cruz County, California",648800,60653
1500000US060871218002,60871218002,"Block Group 2, Census Tract 1218, Santa Cruz County, California",351800,43026
1500000US060871218003,60871218003,"Block Group 3, Census Tract 1218, Santa Cruz County, California",618300,45145
1500000US060871218004,60871218004,"Block Group 4, Census Tract 1218, Santa Cruz County, California",446700,328312
1500000US060871220011,60871220011,"Block Group 1, Census Tract 1220.01, Santa Cruz County, California",845900,100469
1500000US060871220012,60871220012,"Block Group 2, Census Tract 1220.01, Santa Cruz County, California",551800,89081
1500000US060871220013,60871220013,"Block Group 3, Census Tract 1220.01, Santa Cruz County, California",913800,64666
1500000US060871220014,60871220014,"Block Group 4, Census Tract 1220.01, Santa Cruz County, California",230600,111471
1500000US060871220015,60871220015,"Block Group 5, Census Tract 1220.01, Santa Cruz County, California",747100,64311
1500000US060871220021,60871220021,"Block Group 1, Census Tract 1220.02, Santa Cruz County, California",833300,67367
1500000US060871220022,60871220022,"Block Group 2, Census Tract 1220.02, Santa Cruz County, California",747600,114840
1500000US060871220031,60871220031,"Block Group 1, Census Tract 1220.03, Santa Cruz County, California",658900,55800
1500000US060871220032,60871220032,"Block Group 2, Census Tract 1220.03, Santa Cruz County, California",400000,124697
1500000US060871220033,60871220033,"Block Group 3, Census Tract 1220.03, Santa Cruz County, California",416300,38016
1500000US060871220034,60871220034,"Block Group 4, Census Tract 1220.03, Santa Cruz County, California",659400,239014
1500000US060871220035,60871220035,"Block Group 5, Census Tract 1220.03, Santa Cruz County, California",95300,161358
1500000US060871221001,60871221001,"Block Group 1, Census Tract 1221, Santa Cruz County, California",624100,53125
1500000US060871221002,60871221002,"Block Group 2, Census Tract 1221, Santa Cruz County, California",599300,63047
1500000US060871221003,60871221003,"Block Group 3, Census Tract 1221, Santa Cruz County, California",356100,145836
1500000US060871222011,60871222011,"Block Group 1, Census Tract 1222.01, Santa Cruz County, California",647000,48089
1500000US060871222012,60871222012,"Block Group 2, Census Tract 1222.01, Santa Cruz County, California",756000,268397
1500000US060871222013,60871222013,"Block Group 3, Census Tract 1222.01, Santa Cruz County, California",681500,49253
1500000US060871222014,60871222014,"Block Group 4, Census Tract 1222.01, Santa Cruz County, California",701700,108428
1500000US060871222015,60871222015,"Block Group 5, Census Tract 1222.01, Santa Cruz County, California",622700,84497
1500000US060871222016,60871222016,"Block Group 6, Census Tract 1222.01, Santa Cruz County, California",653000,58700
1500000US060871222017,60871222017,"Block Group 7, Census Tract 1222.01, Santa Cruz County, California",601200,233351
1500000US060871222021,60871222021,"Block Group 1, Census Tract 1222.02, Santa Cruz County, California",697300,44757
1500000US060871222031,60871222031,"Block Group 1, Census Tract 1222.03, Santa Cruz County, California",735500,64779
1500000US060871222032,60871222032,"Block Group 2, Census Tract 1222.03, Santa Cruz County, California",692800,92796
1500000US060871223001,60871223001,"Block Group 1, Census Tract 1223, Santa Cruz County, California",740400,262500
1500000US060871223002,60871223002,"Block Group 2, Census Tract 1223, Santa Cruz County, California",947300,89014
1500000US060871223003,60871223003,"Block Group 3, Census Tract 1223, Santa Cruz County, California",801600,69168
1500000US060871224001,60871224001,"Block Group 1, Census Tract 1224, Santa Cruz County, California",544100,186600
1500000US060871224002,60871224002,"Block Group 2, Census Tract 1224, Santa Cruz County, California",669500,257870
1500000US060871224003,60871224003,"Block Group 3, Census Tract 1224, Santa Cruz County, California",753800,215695
1500000US060871224004,60871224004,"Block Group 4, Census Tract 1224, Santa Cruz County, California",595000,188552
1500000US060871224005,60871224005,"Block Group 5, Census Tract 1224, Santa Cruz County, California",623500,110615
1500000US060871224006,60871224006,"Block Group 6, Census Tract 1224, Santa Cruz County, California",519900,377544
1500000US060871225001,60871225001,"Block Group 1, Census Tract 1225, Santa Cruz County, California",285800,26397
1500000US060871225002,60871225002,"Block Group 2, Census Tract 1225, Santa Cruz County, California",308900,35836
1500000US060871225003,60871225003,"Block Group 3, Census Tract 1225, Santa Cruz County, California",366700,74181
1500000US060871225004,60871225004,"Block Group 4, Census Tract 1225, Santa Cruz County, California",353900,17728
1500000US060871231001,60871231001,"Block Group 1, Census Tract 1231, Santa Cruz County, California",391300,54405
1500000US060871231002,60871231002,"Block Group 2, Census Tract 1231, Santa Cruz County, California",301500,261497
1500000US060871233001,60871233001,"Block Group 1, Census Tract 1233, Santa Cruz County, California",631800,111467
1500000US060879901000,60879901000,"Block Group 0, Census Tract 9901, Santa Cruz County, California",-,**