Id,Id2,Geography,total,moe
1500000US060871001001,60871001001,"Block Group 1, Census Tract 1001, Santa Cruz County, California",666100,39795
1500000US060871001002,60871001002,"Block Group 2, Census Tract 1001, Santa Cruz County, California",640200,30768
1500000US060871002001,60871002001,"Block Group 1, Census Tract 1002, Santa Cruz County, California",497300,161624
1500000US060871002002,60871002002,"Block Group 2, Census Tract 1002, Santa Cruz County, California",662500,180449
1500000US060871002003,60871002003,"Block Group 3, Census Tract 1002, Santa Cruz County, California",595600,38111
1500000US060871002004,60871002004,"Block Group 4, Census Tract 1002, Santa Cruz County, California",569400,165671
1500000US060871002005,60871002005,"Block Group 5, Census Tract 1002, Santa Cruz County, California",487200,119430
1500000US060871002006,60871002006,"Block Group 6, Census Tract 1002, Santa Cruz County, California",446200,248271
1500000US060871002007,60871002007,"Block Group 7, Census Tract 1002, Santa Cruz County, California",-,**
1500000US060871003001,60871003001,"Block Group 1, Census Tract 1003, Santa Cruz County, California",741800,101403
1500000US060871003002,60871003002,"Block Group 2, Census Tract 1003, Santa Cruz County, California",828900,78540
1500000US060871004001,60871004001,"Block Group 1, Census Tract 1004, Santa Cruz County, California",366700,53110
1500000US060871004002,60871004002,"Block Group 2, Census Tract 1004, Santa Cruz County, California",-,**
1500000US060871004003,60871004003,"Block Group 3, Census Tract 1004, Santa Cruz County, California",-,**
1500000US060871005001,60871005001,"Block Group 1, Census Tract 1005, Santa Cruz County, California",619200,164007
1500000US060871005002,60871005002,"Block Group 2, Census Tract 1005, Santa Cruz County, California",546000,90391
1500000US060871005003,60871005003,"Block Group 3, Census Tract 1005, Santa Cruz County, California",853100,128294
1500000US060871006001,60871006001,"Block Group 1, Census Tract 1006, Santa Cruz County, California",711200,72289
1500000US060871006002,60871006002,"Block Group 2, Census Tract 1006, Santa Cruz County, California",642400,54007
1500000US060871006003,60871006003,"Block Group 3, Census Tract 1006, Santa Cruz County, California",699000,82250
1500000US060871007001,60871007001,"Block Group 1, Census Tract 1007, Santa Cruz County, California",273100,56525
1500000US060871007002,60871007002,"Block Group 2, Census Tract 1007, Santa Cruz County, California",846200,322132
1500000US060871008001,60871008001,"Block Group 1, Census Tract 1008, Santa Cruz County, California",555600,433166
1500000US060871008002,60871008002,"Block Group 2, Census Tract 1008, Santa Cruz County, California",703100,187338
1500000US060871008003,60871008003,"Block Group 3, Census Tract 1008, Santa Cruz County, California",557000,243813
1500000US060871008004,60871008004,"Block Group 4, Census Tract 1008, Santa Cruz County, California",396900,96808
1500000US060871008005,60871008005,"Block Group 5, Census Tract 1008, Santa Cruz County, California",686000,83003
1500000US060871008006,60871008006,"Block Group 6, Census Tract 1008, Santa Cruz County, California",560000,152393
1500000US060871009001,60871009001,"Block Group 1, Census Tract 1009, Santa Cruz County, California",698800,64495
1500000US060871009002,60871009002,"Block Group 2, Census Tract 1009, Santa Cruz County, California",624200,75491
1500000US060871009003,60871009003,"Block Group 3, Census Tract 1009, Santa Cruz County, California",397000,1076748
1500000US060871009004,60871009004,"Block Group 4, Census Tract 1009, Santa Cruz County, California",795800,149632
1500000US060871009005,60871009005,"Block Group 5, Census Tract 1009, Santa Cruz County, California",-,**
1500000US060871010001,60871010001,"Block Group 1, Census Tract 1010, Santa Cruz County, California",-,**
1500000US060871010002,60871010002,"Block Group 2, Census Tract 1010, Santa Cruz County, California",685000,142337
1500000US060871010003,60871010003,"Block Group 3, Census Tract 1010, Santa Cruz County, California",588900,110020
1500000US060871010004,60871010004,"Block Group 4, Census Tract 1010, Santa Cruz County, California",-,**
1500000US060871010005,60871010005,"Block Group 5, Census Tract 1010, Santa Cruz County, California",626300,54133
1500000US060871010006,60871010006,"Block Group 6, Census Tract 1010, Santa Cruz County, California",437100,60073
1500000US060871010007,60871010007,"Block Group 7, Census Tract 1010, Santa Cruz County, California",723500,224276
1500000US060871011001,60871011001,"Block Group 1, Census Tract 1011, Santa Cruz County, California",658800,57500
1500000US060871011002,60871011002,"Block Group 2, Census Tract 1011, Santa Cruz County, California",605800,87985
1500000US060871011003,60871011003,"Block Group 3, Census Tract 1011, Santa Cruz County, California",540100,100173
1500000US060871011004,60871011004,"Block Group 4, Census Tract 1011, Santa Cruz County, California",959300,163366
1500000US060871011005,60871011005,"Block Group 5, Census Tract 1011, Santa Cruz County, California",529900,179941
1500000US060871012001,60871012001,"Block Group 1, Census Tract 1012, Santa Cruz County, California",500000,278147
1500000US060871012002,60871012002,"Block Group 2, Census Tract 1012, Santa Cruz County, California",738600,83947
1500000US060871012003,60871012003,"Block Group 3, Census Tract 1012, Santa Cruz County, California",654900,128482
1500000US060871101001,60871101001,"Block Group 1, Census Tract 1101, Santa Cruz County, California",327100,79097
1500000US060871101002,60871101002,"Block Group 2, Census Tract 1101, Santa Cruz County, California",323100,50537
1500000US060871101003,60871101003,"Block Group 3, Census Tract 1101, Santa Cruz County, California",381700,161499
1500000US060871101004,60871101004,"Block Group 4, Census Tract 1101, Santa Cruz County, California",306600,26968
1500000US060871102001,60871102001,"Block Group 1, Census Tract 1102, Santa Cruz County, California",323100,232591
1500000US060871102002,60871102002,"Block Group 2, Census Tract 1102, Santa Cruz County, California",369400,45065
1500000US060871102003,60871102003,"Block Group 3, Census Tract 1102, Santa Cruz County, California",390300,154907
1500000US060871102004,60871102004,"Block Group 4, Census Tract 1102, Santa Cruz County, California",280000,148030
1500000US060871102005,60871102005,"Block Group 5, Census Tract 1102, Santa Cruz County, California",418800,39600
1500000US060871103001,60871103001,"Block Group 1, Census Tract 1103, Santa Cruz County, California",263200,71806
1500000US060871103002,60871103002,"Block Group 2, Census Tract 1103, Santa Cruz County, California",393800,171853
1500000US060871103003,60871103003,"Block Group 3, Census Tract 1103, Santa Cruz County, California",-,**
1500000US060871103004,60871103004,"Block Group 4, Census Tract 1103, Santa Cruz County, California",245000,49042
1500000US060871104001,60871104001,"Block Group 1, Census Tract 1104, Santa Cruz County, California",-,**
1500000US060871104002,60871104002,"Block Group 2, Census Tract 1104, Santa Cruz County, California",412900,76795
1500000US060871104003,60871104003,"Block Group 3, Census Tract 1104, Santa Cruz County, California",261700,142066
1500000US060871104004,60871104004,"Block Group 4, Census Tract 1104, Santa Cruz County, California",382900,24339
1500000US060871105011,60871105011,"Block Group 1, Census Tract 1105.01, Santa Cruz County, California",318300,120391
1500000US060871105012,60871105012,"Block Group 2, Census Tract 1105.01, Santa Cruz County, California",286800,40617
1500000US060871105013,60871105013,"Block Group 3, Census Tract 1105.01, Santa Cruz County, California",267400,59329
1500000US060871105014,60871105014,"Block Group 4, Census Tract 1105.01, Santa Cruz County, California",244600,289129
1500000US060871105021,60871105021,"Block Group 1, Census Tract 1105.02, Santa Cruz County, California",117000,105127
1500000US060871105022,60871105022,"Block Group 2, Census Tract 1105.02, Santa Cruz County, California",343100,54605
1500000US060871105023,60871105023,"Block Group 3, Census Tract 1105.02, Santa Cruz County, California",336700,19366
1500000US060871106001,60871106001,"Block Group 1, Census Tract 1106, Santa Cruz County, California",267500,117437
1500000US060871106002,60871106002,"Block Group 2, Census Tract 1106, Santa Cruz County, California",401800,126357
1500000US060871106003,60871106003,"Block Group 3, Census Tract 1106, Santa Cruz County, California",354900,118160
1500000US060871106004,60871106004,"Block Group 4, Census Tract 1106, Santa Cruz County, California",224500,82079
1500000US060871106005,60871106005,"Block Group 5, Census Tract 1106, Santa Cruz County, California",120200,166884
1500000US060871107001,60871107001,"Block Group 1, Census Tract 1107, Santa Cruz County, California",375000,60589
1500000US060871107002,60871107002,"Block Group 2, Census Tract 1107, Santa Cruz County, California",383100,40149
1500000US060871107003,60871107003,"Block Group 3, Census Tract 1107, Santa Cruz County, California",381900,63427
1500000US060871202001,60871202001,"Block Group 1, Census Tract 1202, Santa Cruz County, California",648900,41975
1500000US060871202002,60871202002,"Block Group 2, Census Tract 1202, Santa Cruz County, California",639700,40391
1500000US060871203011,60871203011,"Block Group 1, Census Tract 1203.01, Santa Cruz County, California",488300,96477
1500000US060871203012,60871203012,"Block Group 2, Census Tract 1203.01, Santa Cruz County, California",515200,65517
1500000US060871203013,60871203013,"Block Group 3, Census Tract 1203.01, Santa Cruz County, California",455000,55604
1500000US060871203021,60871203021,"Block Group 1, Census Tract 1203.02, Santa Cruz County, California",371200,40536
1500000US060871203022,60871203022,"Block Group 2, Census Tract 1203.02, Santa Cruz County, California",540600,125494
1500000US060871203023,60871203023,"Block Group 3, Census Tract 1203.02, Santa Cruz County, California",594600,136547
1500000US060871204001,60871204001,"Block Group 1, Census Tract 1204, Santa Cruz County, California",386600,54248
1500000US060871204002,60871204002,"Block Group 2, Census Tract 1204, Santa Cruz County, California",526600,72805
1500000US060871204003,60871204003,"Block Group 3, Census Tract 1204, Santa Cruz County, California",597000,57836
1500000US060871204004,60871204004,"Block Group 4, Census Tract 1204, Santa Cruz County, California",435900,62735
1500000US060871205001,60871205001,"Block Group 1, Census Tract 1205, Santa Cruz County, California",938500,54436
1500000US060871205002,60871205002,"Block Group 2, Census Tract 1205, Santa Cruz County, California",925800,74893
1500000US060871205003,60871205003,"Block Group 3, Census Tract 1205, Santa Cruz County, California",371800,76316
1500000US060871205004,60871205004,"Block Group 4, Census Tract 1205, Santa Cruz County, California",376400,49488
1500000US060871205005,60871205005,"Block Group 5, Census Tract 1205, Santa Cruz County, California",594600,104259
1500000US060871206001,60871206001,"Block Group 1, Census Tract 1206, Santa Cruz County, California",237500,31853
1500000US060871206002,60871206002,"Block Group 2, Census Tract 1206, Santa Cruz County, California",353100,65871
1500000US060871206003,60871206003,"Block Group 3, Census Tract 1206, Santa Cruz County, California",559800,65212
1500000US060871206004,60871206004,"Block Group 4, Census Tract 1206, Santa Cruz County, California",483500,57115
1500000US060871206005,60871206005,"Block Group 5, Census Tract 1206, Santa Cruz County, California",534800,130809
1500000US060871207001,60871207001,"Block Group 1, Census Tract 1207, Santa Cruz County, California",546300,80383
1500000US060871207002,60871207002,"Block Group 2, Census Tract 1207, Santa Cruz County, California",482400,39754
1500000US060871207003,60871207003,"Block Group 3, Census Tract 1207, Santa Cruz County, California",441700,78783
1500000US060871208001,60871208001,"Block Group 1, Census Tract 1208, Santa Cruz County, California",497300,89415
1500000US060871208002,60871208002,"Block Group 2, Census Tract 1208, Santa Cruz County, California",763000,56826
1500000US060871208003,60871208003,"Block Group 3, Census Tract 1208, Santa Cruz County, California",894400,78431
1500000US060871209001,60871209001,"Block Group 1, Census Tract 1209, Santa Cruz County, California",779900,73959
1500000US060871209002,60871209002,"Block Group 2, Census Tract 1209, Santa Cruz County, California",710700,248015
1500000US060871209003,60871209003,"Block Group 3, Census Tract 1209, Santa Cruz County, California",609200,61765
1500000US060871209004,60871209004,"Block Group 4, Census Tract 1209, Santa Cruz County, California",469000,45289
1500000US060871210001,60871210001,"Block Group 1, Census Tract 1210, Santa Cruz County, California",890900,96290
1500000US060871210002,60871210002,"Block Group 2, Census Tract 1210, Santa Cruz County, California",829000,150745
1500000US060871210003,60871210003,"Block Group 3, Census Tract 1210, Santa Cruz County, California",811500,143717
1500000US060871211001,60871211001,"Block Group 1, Census Tract 1211, Santa Cruz County, California",891200,88829
1500000US060871211002,60871211002,"Block Group 2, Census Tract 1211, Santa Cruz County, California",528200,141541
1500000US060871212001,60871212001,"Block Group 1, Census Tract 1212, Santa Cruz County, California",851600,94728
1500000US060871212002,60871212002,"Block Group 2, Census Tract 1212, Santa Cruz County, California",809400,121739
1500000US060871212003,60871212003,"Block Group 3, Census Tract 1212, Santa Cruz County, California",665400,45281
1500000US060871212004,60871212004,"Block Group 4, Census Tract 1212, Santa Cruz County, California",858300,146395
1500000US060871212005,60871212005,"Block Group 5, Census Tract 1212, Santa Cruz County, California",877900,54513
1500000US060871213001,60871213001,"Block Group 1, Census Tract 1213, Santa Cruz County, California",628400,49174
1500000US060871213002,60871213002,"Block Group 2, Census Tract 1213, Santa Cruz County, California",625000,23480
1500000US060871213003,60871213003,"Block Group 3, Census Tract 1213, Santa Cruz County, California",559300,37618
1500000US060871213004,60871213004,"Block Group 4, Census Tract 1213, Santa Cruz County, California",529800,398259
1500000US060871214011,60871214011,"Block Group 1, Census Tract 1214.01, Santa Cruz County, California",434900,71413
1500000US060871214012,60871214012,"Block Group 2, Census Tract 1214.01, Santa Cruz County, California",586200,30977
1500000US060871214021,60871214021,"Block Group 1, Census Tract 1214.02, Santa Cruz County, California",483900,92246
1500000US060871214022,60871214022,"Block Group 2, Census Tract 1214.02, Santa Cruz County, California",443500,129922
1500000US060871214023,60871214023,"Block Group 3, Census Tract 1214.02, Santa Cruz County, California",526300,133364
1500000US060871214031,60871214031,"Block Group 1, Census Tract 1214.03, Santa Cruz County, California",361200,44585
1500000US060871214032,60871214032,"Block Group 2, Census Tract 1214.03, Santa Cruz County, California",493900,151033
1500000US060871214033,60871214033,"Block Group 3, Census Tract 1214.03, Santa Cruz County, California",539800,264173
1500000US060871215001,60871215001,"Block Group 1, Census Tract 1215, Santa Cruz County, California",839300,454297
1500000US060871215002,60871215002,"Block Group 2, Census Tract 1215, Santa Cruz County, California",564100,62849
1500000US060871215003,60871215003,"Block Group 3, Census Tract 1215, Santa Cruz County, California",259600,153093
1500000US060871215004,60871215004,"Block Group 4, Census Tract 1215, Santa Cruz County, California",824300,83272
1500000US060871215005,60871215005,"Block Group 5, Census Tract 1215, Santa Cruz County, California",-,**
1500000US060871216001,60871216001,"Block Group 1, Census Tract 1216, Santa Cruz County, California",298300,146908
1500000US060871216002,60871216002,"Block Group 2, Census Tract 1216, Santa Cruz County, California",868100,61183
1500000US060871216003,60871216003,"Block Group 3, Census Tract 1216, Santa Cruz County, California",520800,139375
1500000US060871216004,60871216004,"Block Group 4, Census Tract 1216, Santa Cruz County, California",746700,118036
1500000US060871216005,60871216005,"Block Group 5, Census Tract 1216, Santa Cruz County, California",115200,267621
1500000US060871217001,60871217001,"Block Group 1, Census Tract 1217, Santa Cruz County, California",519300,130572
1500000US060871217002,60871217002,"Block Group 2, Census Tract 1217, Santa Cruz County, California",480400,173653
1500000US060871217003,60871217003,"Block Group 3, Census Tract 1217, Santa Cruz County, California",375600,210502
1500000US060871217004,60871217004,"Block Group 4, Census Tract 1217, Santa Cruz County, California",290400,73312
1500000US060871217005,60871217005,"Block Group 5, Census Tract 1217, Santa Cruz County, California",479800,69158
1500000US060871217006,60871217006,"Block Group 6, Census Tract 1217, Santa Cruz County, California",421000,265628
1500000US060871218001,60871218001,"Block Group 1, Census Tract 1218, Santa Cruz County, California",641300,52113
1500000US060871218002,60871218002,"Block Group 2, Census Tract 1218, Santa Cruz County, California",362500,42430
1500000US060871218003,60871218003,"Block Group 3, Census Tract 1218, Santa Cruz County, California",628000,37290
1500000US060871218004,60871218004,"Block Group 4, Census Tract 1218, Santa Cruz County, California",418800,404070
1500000US060871220011,60871220011,"Block Group 1, Census Tract 1220.01, Santa Cruz County, California",780800,80972
1500000US060871220012,60871220012,"Block Group 2, Census Tract 1220.01, Santa Cruz County, California",573300,68295
1500000US060871220013,60871220013,"Block Group 3, Census Tract 1220.01, Santa Cruz County, California",873700,36181
1500000US060871220014,60871220014,"Block Group 4, Census Tract 1220.01, Santa Cruz County, California",237900,112251
1500000US060871220015,60871220015,"Block Group 5, Census Tract 1220.01, Santa Cruz County, California",697100,42898
1500000US060871220021,60871220021,"Block Group 1, Census Tract 1220.02, Santa Cruz County, California",839300,76977
1500000US060871220022,60871220022,"Block Group 2, Census Tract 1220.02, Santa Cruz County, California",732100,98143
1500000US060871220031,60871220031,"Block Group 1, Census Tract 1220.03, Santa Cruz County, California",660700,41850
1500000US060871220032,60871220032,"Block Group 2, Census Tract 1220.03, Santa Cruz County, California",352500,182861
1500000US060871220033,60871220033,"Block Group 3, Census Tract 1220.03, Santa Cruz County, California",387400,44744
1500000US060871220034,60871220034,"Block Group 4, Census Tract 1220.03, Santa Cruz County, California",665700,241977
1500000US060871220035,60871220035,"Block Group 5, Census Tract 1220.03, Santa Cruz County, California",240000,224299
1500000US060871221001,60871221001,"Block Group 1, Census Tract 1221, Santa Cruz County, California",673200,55447
1500000US060871221002,60871221002,"Block Group 2, Census Tract 1221, Santa Cruz County, California",621400,68243
1500000US060871221003,60871221003,"Block Group 3, Census Tract 1221, Santa Cruz County, California",334600,272754
1500000US060871222011,60871222011,"Block Group 1, Census Tract 1222.01, Santa Cruz County, California",639100,65039
1500000US060871222012,60871222012,"Block Group 2, Census Tract 1222.01, Santa Cruz County, California",746400,155164
1500000US060871222013,60871222013,"Block Group 3, Census Tract 1222.01, Santa Cruz County, California",701300,66163
1500000US060871222014,60871222014,"Block Group 4, Census Tract 1222.01, Santa Cruz County, California",664100,83033
1500000US060871222015,60871222015,"Block Group 5, Census Tract 1222.01, Santa Cruz County, California",625000,345694
1500000US060871222016,60871222016,"Block Group 6, Census Tract 1222.01, Santa Cruz County, California",634100,73373
1500000US060871222017,60871222017,"Block Group 7, Census Tract 1222.01, Santa Cruz County, California",575000,275615
1500000US060871222021,60871222021,"Block Group 1, Census Tract 1222.02, Santa Cruz County, California",671400,37594
1500000US060871222031,60871222031,"Block Group 1, Census Tract 1222.03, Santa Cruz County, California",737000,54475
1500000US060871222032,60871222032,"Block Group 2, Census Tract 1222.03, Santa Cruz County, California",688700,100518
1500000US060871223001,60871223001,"Block Group 1, Census Tract 1223, Santa Cruz County, California",958300,193792
1500000US060871223002,60871223002,"Block Group 2, Census Tract 1223, Santa Cruz County, California",986100,189814
1500000US060871223003,60871223003,"Block Group 3, Census Tract 1223, Santa Cruz County, California",793400,71449
1500000US060871224001,60871224001,"Block Group 1, Census Tract 1224, Santa Cruz County, California",543200,167850
1500000US060871224002,60871224002,"Block Group 2, Census Tract 1224, Santa Cruz County, California",650900,223371
1500000US060871224003,60871224003,"Block Group 3, Census Tract 1224, Santa Cruz County, California",787600,131721
1500000US060871224004,60871224004,"Block Group 4, Census Tract 1224, Santa Cruz County, California",433300,216508
1500000US060871224005,60871224005,"Block Group 5, Census Tract 1224, Santa Cruz County, California",641500,95809
1500000US060871224006,60871224006,"Block Group 6, Census Tract 1224, Santa Cruz County, California",587400,188332
1500000US060871225001,60871225001,"Block Group 1, Census Tract 1225, Santa Cruz County, California",290100,30500
1500000US060871225002,60871225002,"Block Group 2, Census Tract 1225, Santa Cruz County, California",328700,32226
1500000US060871225003,60871225003,"Block Group 3, Census Tract 1225, Santa Cruz County, California",377600,62779
1500000US060871225004,60871225004,"Block Group 4, Census Tract 1225, Santa Cruz County, California",353100,23799
1500000US060871231001,60871231001,"Block Group 1, Census Tract 1231, Santa Cruz County, California",413300,56076
1500000US060871231002,60871231002,"Block Group 2, Census Tract 1231, Santa Cruz County, California",170700,51981
1500000US060871233001,60871233001,"Block Group 1, Census Tract 1233, Santa Cruz County, California",625000,151180
1500000US060879901000,60879901000,"Block Group 0, Census Tract 9901, Santa Cruz County, California",-,**