{"type":"Topology","transform":{"scale":[0.03600354013127738,0.015360536450373554],"translate":[-179.9997584666863,-66.79000091552734]},"objects":{"tec":{"type":"GeometryCollection","geometries":[{"type":"LineString","arcs":[0]},{"type":"LineString","arcs":[1]},{"type":"LineString","arcs":[2]},{"type":"LineString","arcs":[3]},{"type":"LineString","arcs":[4]},{"type":"LineString","arcs":[5]},{"type":"LineString","arcs":[6]},{"type":"LineString","arcs":[7]},{"type":"LineString","arcs":[8]},{"type":"LineString","arcs":[9]},{"type":"LineString","arcs":[10]},{"type":"LineString","arcs":[11]},{"type":"LineString","arcs":[12]},{"type":"LineString","arcs":[13]},{"type":"LineString","arcs":[14]},{"type":"LineString","arcs":[15]},{"type":"LineString","arcs":[16]},{"type":"LineString","arcs":[17]},{"type":"LineString","arcs":[18]},{"type":"LineString","arcs":[19]},{"type":"LineString","arcs":[20]},{"type":"LineString","arcs":[21]},{"type":"LineString","arcs":[22]},{"type":"LineString","arcs":[23]},{"type":"LineString","arcs":[24]},{"type":"LineString","arcs":[25]},{"type":"LineString","arcs":[26]},{"type":"LineString","arcs":[27]},{"type":"LineString","arcs":[28]},{"type":"LineString","arcs":[29]},{"type":"LineString","arcs":[30]},{"type":"LineString","arcs":[31]},{"type":"LineString","arcs":[32]},{"type":"LineString","arcs":[33]},{"type":"LineString","arcs":[34]},{"type":"LineString","arcs":[35]},{"type":"LineString","arcs":[36]},{"type":"LineString","arcs":[37]},{"type":"LineString","arcs":[38]},{"type":"LineString","arcs":[39]},{"type":"LineString","arcs":[40]},{"type":"LineString","arcs":[41]},{"type":"LineString","arcs":[42]},{"type":"LineString","arcs":[43]},{"type":"LineString","arcs":[44]},{"type":"LineString","arcs":[45]},{"type":"LineString","arcs":[46,47]},{"type":"LineString","arcs":[48]},{"type":"LineString","arcs":[49]},{"type":"LineString","arcs":[50]},{"type":"LineString","arcs":[51]},{"type":"LineString","arcs":[52]},{"type":"LineString","arcs":[53]},{"type":"LineString","arcs":[54]},{"type":"LineString","arcs":[55]},{"type":"LineString","arcs":[56]},{"type":"LineString","arcs":[57]},{"type":"LineString","arcs":[58]},{"type":"LineString","arcs":[59]},{"type":"LineString","arcs":[60]},{"type":"LineString","arcs":[61]},{"type":"LineString","arcs":[62]},{"type":"LineString","arcs":[63]},{"type":"LineString","arcs":[64]},{"type":"LineString","arcs":[65]},{"type":"LineString","arcs":[66]},{"type":"LineString","arcs":[67]},{"type":"LineString","arcs":[68]},{"type":"LineString","arcs":[69]},{"type":"LineString","arcs":[70]},{"type":"LineString","arcs":[71]},{"type":"LineString","arcs":[72]},{"type":"LineString","arcs":[73]},{"type":"LineString","arcs":[74]},{"type":"LineString","arcs":[75]},{"type":"LineString","arcs":[76]},{"type":"LineString","arcs":[77]},{"type":"LineString","arcs":[78]},{"type":"LineString","arcs":[79]},{"type":"LineString","arcs":[80]},{"type":"LineString","arcs":[81]},{"type":"LineString","arcs":[82]},{"type":"LineString","arcs":[83]},{"type":"LineString","arcs":[84]},{"type":"LineString","arcs":[85]},{"type":"LineString","arcs":[86]},{"type":"LineString","arcs":[87]},{"type":"LineString","arcs":[88]},{"type":"LineString","arcs":[89,90]},{"type":"LineString","arcs":[91]},{"type":"LineString","arcs":[92]},{"type":"LineString","arcs":[93]},{"type":"MultiLineString","arcs":[[94],[95],[96],[97],[98],[99],[100,101],[102]]},{"type":"LineString","arcs":[103]},{"type":"LineString","arcs":[104]},{"type":"LineString","arcs":[105]},{"type":"LineString","arcs":[106]},{"type":"LineString","arcs":[107]},{"type":"LineString","arcs":[108]},{"type":"LineString","arcs":[109]},{"type":"LineString","arcs":[110]},{"type":"LineString","arcs":[111]},{"type":"LineString","arcs":[112]},{"type":"LineString","arcs":[113]},{"type":"LineString","arcs":[114]},{"type":"LineString","arcs":[115]},{"type":"LineString","arcs":[116]},{"type":"LineString","arcs":[117]},{"type":"LineString","arcs":[118]},{"type":"LineString","arcs":[119]},{"type":"LineString","arcs":[120]},{"type":"LineString","arcs":[121]},{"type":"LineString","arcs":[122]},{"type":"LineString","arcs":[123]},{"type":"LineString","arcs":[124]},{"type":"LineString","arcs":[125]},{"type":"LineString","arcs":[126]},{"type":"LineString","arcs":[127]},{"type":"LineString","arcs":[128]},{"type":"LineString","arcs":[129]},{"type":"LineString","arcs":[130]},{"type":"LineString","arcs":[131]},{"type":"LineString","arcs":[132]},{"type":"LineString","arcs":[133]},{"type":"LineString","arcs":[134]},{"type":"LineString","arcs":[135]},{"type":"LineString","arcs":[136]},{"type":"LineString","arcs":[137]},{"type":"LineString","arcs":[138]},{"type":"LineString","arcs":[139]},{"type":"LineString","arcs":[140]},{"type":"LineString","arcs":[141]},{"type":"LineString","arcs":[142]},{"type":"LineString","arcs":[143]},{"type":"LineString","arcs":[144]},{"type":"LineString","arcs":[145]},{"type":"LineString","arcs":[146]},{"type":"LineString","arcs":[147]},{"type":"LineString","arcs":[148]},{"type":"LineString","arcs":[149]},{"type":"LineString","arcs":[150]},{"type":"LineString","arcs":[151]},{"type":"LineString","arcs":[152]},{"type":"LineString","arcs":[153]},{"type":"LineString","arcs":[154]},{"type":"LineString","arcs":[155]},{"type":"LineString","arcs":[156]},{"type":"LineString","arcs":[157]},{"type":"LineString","arcs":[158]},{"type":"LineString","arcs":[159]},{"type":"LineString","arcs":[160]},{"type":"LineString","arcs":[161]},{"type":"LineString","arcs":[162]},{"type":"LineString","arcs":[163]},{"type":"LineString","arcs":[164]},{"type":"LineString","arcs":[165]},{"type":"LineString","arcs":[166]},{"type":"LineString","arcs":[167]},{"type":"LineString","arcs":[168]},{"type":"LineString","arcs":[169]},{"type":"LineString","arcs":[170]},{"type":"LineString","arcs":[171]},{"type":"LineString","arcs":[172]},{"type":"LineString","arcs":[173]},{"type":"LineString","arcs":[174]},{"type":"LineString","arcs":[175]},{"type":"LineString","arcs":[176]},{"type":"LineString","arcs":[177]},{"type":"LineString","arcs":[178]},{"type":"LineString","arcs":[179]},{"type":"LineString","arcs":[180]},{"type":"LineString","arcs":[181]},{"type":"LineString","arcs":[182]},{"type":"LineString","arcs":[183]},{"type":"LineString","arcs":[184]},{"type":"LineString","arcs":[185]},{"type":"LineString","arcs":[186]},{"type":"LineString","arcs":[187]},{"type":"LineString","arcs":[188]},{"type":"LineString","arcs":[189]},{"type":"LineString","arcs":[190]},{"type":"LineString","arcs":[191]},{"type":"LineString","arcs":[192]},{"type":"LineString","arcs":[193]},{"type":"LineString","arcs":[194]},{"type":"LineString","arcs":[195]},{"type":"LineString","arcs":[196]},{"type":"LineString","arcs":[197]},{"type":"LineString","arcs":[198]},{"type":"LineString","arcs":[199]},{"type":"LineString","arcs":[200]},{"type":"LineString","arcs":[201]},{"type":"LineString","arcs":[202]},{"type":"LineString","arcs":[203]},{"type":"LineString","arcs":[204]},{"type":"LineString","arcs":[205]},{"type":"LineString","arcs":[206]},{"type":"LineString","arcs":[207]},{"type":"LineString","arcs":[208]},{"type":"LineString","arcs":[209]},{"type":"LineString","arcs":[210]},{"type":"LineString","arcs":[211]},{"type":"LineString","arcs":[212]},{"type":"LineString","arcs":[213]},{"type":"LineString","arcs":[214]},{"type":"LineString","arcs":[215]},{"type":"LineString","arcs":[216]},{"type":"LineString","arcs":[217]},{"type":"LineString","arcs":[218]},{"type":"LineString","arcs":[219]},{"type":"LineString","arcs":[220]},{"type":"LineString","arcs":[221]},{"type":"LineString","arcs":[222]},{"type":"LineString","arcs":[223]},{"type":"LineString","arcs":[224]},{"type":"LineString","arcs":[225]},{"type":"LineString","arcs":[226]},{"type":"LineString","arcs":[227]},{"type":"LineString","arcs":[228]},{"type":"LineString","arcs":[229]},{"type":"LineString","arcs":[230]},{"type":"LineString","arcs":[231]},{"type":"LineString","arcs":[232]},{"type":"LineString","arcs":[233]},{"type":"LineString","arcs":[234]},{"type":"LineString","arcs":[235]},{"type":"LineString","arcs":[236]},{"type":"LineString","arcs":[237]},{"type":"LineString","arcs":[238]},{"type":"LineString","arcs":[239]},{"type":"LineString","arcs":[240]},{"type":"LineString","arcs":[241]},{"type":"LineString","arcs":[242]},{"type":"LineString","arcs":[243]},{"type":"LineString","arcs":[244]},{"type":"LineString","arcs":[245]},{"type":"LineString","arcs":[246]},{"type":"LineString","arcs":[247]},{"type":"LineString","arcs":[248]},{"type":"LineString","arcs":[249]},{"type":"LineString","arcs":[250]},{"type":"LineString","arcs":[251]},{"type":"LineString","arcs":[252]},{"type":"LineString","arcs":[253]},{"type":"LineString","arcs":[254]},{"type":"LineString","arcs":[255]},{"type":"LineString","arcs":[256]},{"type":"LineString","arcs":[257]},{"type":"LineString","arcs":[258]},{"type":"LineString","arcs":[259]},{"type":"LineString","arcs":[260]},{"type":"LineString","arcs":[261]},{"type":"LineString","arcs":[262]},{"type":"LineString","arcs":[263]},{"type":"LineString","arcs":[264]},{"type":"LineString","arcs":[265]},{"type":"LineString","arcs":[266]},{"type":"LineString","arcs":[267]},{"type":"LineString","arcs":[268]},{"type":"LineString","arcs":[269]},{"type":"LineString","arcs":[270]},{"type":"LineString","arcs":[271]},{"type":"LineString","arcs":[272]},{"type":"LineString","arcs":[273]},{"type":"LineString","arcs":[274]},{"type":"LineString","arcs":[275]},{"type":"LineString","arcs":[276]},{"type":"LineString","arcs":[277]},{"type":"LineString","arcs":[278,279]},{"type":"LineString","arcs":[280,281]},{"type":"LineString","arcs":[282]},{"type":"LineString","arcs":[283]},{"type":"LineString","arcs":[284]},{"type":"LineString","arcs":[285]},{"type":"LineString","arcs":[286]},{"type":"LineString","arcs":[287]},{"type":"LineString","arcs":[288]},{"type":"LineString","arcs":[289]},{"type":"LineString","arcs":[290]},{"type":"LineString","arcs":[291]},{"type":"LineString","arcs":[292]},{"type":"LineString","arcs":[293]},{"type":"LineString","arcs":[294]},{"type":"LineString","arcs":[295]},{"type":"LineString","arcs":[296]},{"type":"LineString","arcs":[297]},{"type":"LineString","arcs":[298]},{"type":"LineString","arcs":[299]},{"type":"LineString","arcs":[300]},{"type":"LineString","arcs":[301]},{"type":"LineString","arcs":[302]},{"type":"LineString","arcs":[303]},{"type":"LineString","arcs":[304]},{"type":"LineString","arcs":[305,306]},{"type":"LineString","arcs":[307]},{"type":"LineString","arcs":[308]},{"type":"LineString","arcs":[309]},{"type":"LineString","arcs":[310]},{"type":"LineString","arcs":[311]},{"type":"LineString","arcs":[312]},{"type":"LineString","arcs":[313]},{"type":"LineString","arcs":[314]},{"type":"LineString","arcs":[315]},{"type":"LineString","arcs":[316]},{"type":"LineString","arcs":[317]},{"type":"LineString","arcs":[318]},{"type":"LineString","arcs":[319]},{"type":"LineString","arcs":[320]},{"type":"LineString","arcs":[321]},{"type":"LineString","arcs":[322]},{"type":"LineString","arcs":[323]},{"type":"LineString","arcs":[324]},{"type":"LineString","arcs":[325]},{"type":"LineString","arcs":[326]},{"type":"LineString","arcs":[327]},{"type":"LineString","arcs":[328]},{"type":"LineString","arcs":[329]},{"type":"LineString","arcs":[330,331]},{"type":"LineString","arcs":[332]},{"type":"LineString","arcs":[333]},{"type":"LineString","arcs":[334,335]},{"type":"LineString","arcs":[336]},{"type":"LineString","arcs":[337]},{"type":"LineString","arcs":[338]},{"type":"LineString","arcs":[339]},{"type":"LineString","arcs":[340]},{"type":"LineString","arcs":[341]},{"type":"LineString","arcs":[342]},{"type":"LineString","arcs":[343]},{"type":"LineString","arcs":[344]},{"type":"LineString","arcs":[345]},{"type":"LineString","arcs":[346]},{"type":"LineString","arcs":[347]},{"type":"LineString","arcs":[348]},{"type":"LineString","arcs":[349]},{"type":"LineString","arcs":[350]},{"type":"LineString","arcs":[351]},{"type":"LineString","arcs":[352]},{"type":"LineString","arcs":[353]},{"type":"LineString","arcs":[354]},{"type":"LineString","arcs":[355]},{"type":"LineString","arcs":[356]},{"type":"LineString","arcs":[357]},{"type":"LineString","arcs":[358]},{"type":"LineString","arcs":[359]},{"type":"LineString","arcs":[360]},{"type":"LineString","arcs":[361]},{"type":"LineString","arcs":[362]},{"type":"LineString","arcs":[363]},{"type":"LineString","arcs":[364]},{"type":"LineString","arcs":[365]},{"type":"LineString","arcs":[366]},{"type":"LineString","arcs":[367]},{"type":"LineString","arcs":[368]},{"type":"LineString","arcs":[369]},{"type":"LineString","arcs":[370]},{"type":"LineString","arcs":[371]},{"type":"LineString","arcs":[372]},{"type":"LineString","arcs":[373]},{"type":"LineString","arcs":[374]},{"type":"LineString","arcs":[375]},{"type":"LineString","arcs":[376]},{"type":"LineString","arcs":[377]},{"type":"LineString","arcs":[378]},{"type":"LineString","arcs":[379]},{"type":"LineString","arcs":[380]},{"type":"LineString","arcs":[381]},{"type":"LineString","arcs":[382]},{"type":"LineString","arcs":[383]},{"type":"LineString","arcs":[384]},{"type":"LineString","arcs":[385]},{"type":"LineString","arcs":[386]},{"type":"LineString","arcs":[387]},{"type":"LineString","arcs":[388]},{"type":"LineString","arcs":[389]},{"type":"LineString","arcs":[390]},{"type":"LineString","arcs":[391]},{"type":"LineString","arcs":[392]},{"type":"LineString","arcs":[393]},{"type":"LineString","arcs":[394]},{"type":"LineString","arcs":[395]},{"type":"LineString","arcs":[396]},{"type":"LineString","arcs":[397]},{"type":"LineString","arcs":[398]},{"type":"LineString","arcs":[399]},{"type":"LineString","arcs":[400]},{"type":"LineString","arcs":[401]},{"type":"LineString","arcs":[402]},{"type":"LineString","arcs":[403]},{"type":"LineString","arcs":[404]},{"type":"LineString","arcs":[405]},{"type":"LineString","arcs":[406]},{"type":"LineString","arcs":[407]},{"type":"LineString","arcs":[408]},{"type":"LineString","arcs":[409]},{"type":"LineString","arcs":[410]},{"type":"LineString","arcs":[411]},{"type":"LineString","arcs":[412]},{"type":"LineString","arcs":[413]},{"type":"LineString","arcs":[414]},{"type":"LineString","arcs":[415]},{"type":"LineString","arcs":[416]},{"type":"LineString","arcs":[417]},{"type":"LineString","arcs":[418]},{"type":"LineString","arcs":[419]},{"type":"LineString","arcs":[420]},{"type":"LineString","arcs":[421]},{"type":"LineString","arcs":[422]},{"type":"LineString","arcs":[423]},{"type":"LineString","arcs":[424]},{"type":"LineString","arcs":[425]},{"type":"LineString","arcs":[426]},{"type":"LineString","arcs":[427]},{"type":"LineString","arcs":[428]},{"type":"LineString","arcs":[429]},{"type":"LineString","arcs":[430]},{"type":"LineString","arcs":[431]},{"type":"LineString","arcs":[432]},{"type":"LineString","arcs":[433]},{"type":"LineString","arcs":[434]},{"type":"LineString","arcs":[435]},{"type":"LineString","arcs":[436]},{"type":"LineString","arcs":[437]},{"type":"LineString","arcs":[438]},{"type":"LineString","arcs":[439]},{"type":"LineString","arcs":[440]},{"type":"LineString","arcs":[441]},{"type":"LineString","arcs":[442]},{"type":"LineString","arcs":[443]},{"type":"LineString","arcs":[444]},{"type":"LineString","arcs":[445]},{"type":"LineString","arcs":[446]},{"type":"LineString","arcs":[447]},{"type":"LineString","arcs":[448]},{"type":"LineString","arcs":[449]},{"type":"LineString","arcs":[450]},{"type":"LineString","arcs":[451]},{"type":"LineString","arcs":[452]},{"type":"LineString","arcs":[453]},{"type":"LineString","arcs":[454]},{"type":"LineString","arcs":[455]},{"type":"LineString","arcs":[456]},{"type":"LineString","arcs":[457]},{"type":"LineString","arcs":[458]},{"type":"LineString","arcs":[459]},{"type":"LineString","arcs":[460]},{"type":"LineString","arcs":[461]},{"type":"LineString","arcs":[462]},{"type":"LineString","arcs":[463]},{"type":"LineString","arcs":[464]},{"type":"LineString","arcs":[465]},{"type":"LineString","arcs":[466]},{"type":"LineString","arcs":[467]},{"type":"LineString","arcs":[468]},{"type":"LineString","arcs":[469]},{"type":"LineString","arcs":[470]},{"type":"LineString","arcs":[471]},{"type":"LineString","arcs":[472]},{"type":"LineString","arcs":[473]},{"type":"LineString","arcs":[474]},{"type":"LineString","arcs":[475]},{"type":"LineString","arcs":[476]},{"type":"LineString","arcs":[477]},{"type":"LineString","arcs":[478]},{"type":"LineString","arcs":[479]},{"type":"LineString","arcs":[480]},{"type":"LineString","arcs":[481]},{"type":"LineString","arcs":[482]},{"type":"LineString","arcs":[483]},{"type":"LineString","arcs":[484]},{"type":"LineString","arcs":[485]},{"type":"LineString","arcs":[486]},{"type":"LineString","arcs":[487]},{"type":"LineString","arcs":[488]},{"type":"LineString","arcs":[489]},{"type":"LineString","arcs":[490]},{"type":"LineString","arcs":[491]},{"type":"LineString","arcs":[492]},{"type":"LineString","arcs":[493]},{"type":"LineString","arcs":[494]},{"type":"LineString","arcs":[495]},{"type":"LineString","arcs":[496]},{"type":"LineString","arcs":[497]},{"type":"LineString","arcs":[498]},{"type":"LineString","arcs":[499]},{"type":"LineString","arcs":[500]},{"type":"LineString","arcs":[501]},{"type":"LineString","arcs":[502]},{"type":"LineString","arcs":[503]},{"type":"LineString","arcs":[504]},{"type":"LineString","arcs":[505]},{"type":"LineString","arcs":[506]},{"type":"LineString","arcs":[507]},{"type":"LineString","arcs":[508]},{"type":"LineString","arcs":[509]},{"type":"LineString","arcs":[510]},{"type":"LineString","arcs":[511]},{"type":"LineString","arcs":[512]},{"type":"LineString","arcs":[512,513]},{"type":"LineString","arcs":[514]},{"type":"LineString","arcs":[515]},{"type":"LineString","arcs":[516]},{"type":"LineString","arcs":[517]},{"type":"LineString","arcs":[518]},{"type":"LineString","arcs":[519]},{"type":"LineString","arcs":[520]},{"type":"LineString","arcs":[521]},{"type":"LineString","arcs":[522]},{"type":"LineString","arcs":[523]},{"type":"LineString","arcs":[524]},{"type":"LineString","arcs":[525]},{"type":"LineString","arcs":[526]},{"type":"LineString","arcs":[527]},{"type":"LineString","arcs":[528]},{"type":"LineString","arcs":[529]},{"type":"LineString","arcs":[530]},{"type":"LineString","arcs":[531]},{"type":"LineString","arcs":[532]},{"type":"LineString","arcs":[533]},{"type":"LineString","arcs":[534]},{"type":"LineString","arcs":[535]},{"type":"LineString","arcs":[536]},{"type":"LineString","arcs":[537]},{"type":"LineString","arcs":[538]},{"type":"LineString","arcs":[539]},{"type":"LineString","arcs":[540]},{"type":"LineString","arcs":[541]},{"type":"LineString","arcs":[542]},{"type":"LineString","arcs":[543]},{"type":"LineString","arcs":[544]},{"type":"LineString","arcs":[545]},{"type":"LineString","arcs":[546]},{"type":"LineString","arcs":[547]},{"type":"LineString","arcs":[548]},{"type":"LineString","arcs":[549]},{"type":"LineString","arcs":[550]},{"type":"LineString","arcs":[551]},{"type":"LineString","arcs":[552]},{"type":"LineString","arcs":[553]},{"type":"LineString","arcs":[554]},{"type":"LineString","arcs":[555]},{"type":"LineString","arcs":[556]},{"type":"LineString","arcs":[557]},{"type":"LineString","arcs":[558]},{"type":"LineString","arcs":[559]},{"type":"LineString","arcs":[560]},{"type":"LineString","arcs":[561]},{"type":"LineString","arcs":[562]},{"type":"LineString","arcs":[563]},{"type":"LineString","arcs":[564]},{"type":"LineString","arcs":[565]},{"type":"LineString","arcs":[566]},{"type":"LineString","arcs":[567]},{"type":"LineString","arcs":[568]},{"type":"LineString","arcs":[569]},{"type":"LineString","arcs":[570]},{"type":"LineString","arcs":[571]},{"type":"LineString","arcs":[572]},{"type":"LineString","arcs":[573]},{"type":"LineString","arcs":[574]},{"type":"LineString","arcs":[575]},{"type":"LineString","arcs":[576]},{"type":"LineString","arcs":[577]},{"type":"LineString","arcs":[578]},{"type":"LineString","arcs":[579]},{"type":"LineString","arcs":[580]},{"type":"LineString","arcs":[581]},{"type":"LineString","arcs":[582]},{"type":"LineString","arcs":[583]},{"type":"LineString","arcs":[584]},{"type":"LineString","arcs":[585]},{"type":"LineString","arcs":[586]},{"type":"LineString","arcs":[587]},{"type":"LineString","arcs":[588]},{"type":"LineString","arcs":[589]},{"type":"LineString","arcs":[590]},{"type":"LineString","arcs":[591]},{"type":"LineString","arcs":[592]},{"type":"LineString","arcs":[593]},{"type":"LineString","arcs":[594]},{"type":"LineString","arcs":[595]},{"type":"LineString","arcs":[596]},{"type":"LineString","arcs":[597]},{"type":"LineString","arcs":[598]},{"type":"LineString","arcs":[599]},{"type":"LineString","arcs":[600]},{"type":"LineString","arcs":[601]},{"type":"LineString","arcs":[602]},{"type":"LineString","arcs":[603]},{"type":"LineString","arcs":[604]},{"type":"LineString","arcs":[605]},{"type":"LineString","arcs":[606]},{"type":"LineString","arcs":[607]},{"type":"LineString","arcs":[608]},{"type":"LineString","arcs":[609]},{"type":"LineString","arcs":[610]},{"type":"LineString","arcs":[611]},{"type":"LineString","arcs":[612]},{"type":"LineString","arcs":[613]},{"type":"LineString","arcs":[614]},{"type":"LineString","arcs":[615]},{"type":"LineString","arcs":[616]},{"type":"LineString","arcs":[617]},{"type":"LineString","arcs":[618]},{"type":"LineString","arcs":[619]},{"type":"LineString","arcs":[620]},{"type":"LineString","arcs":[621]},{"type":"LineString","arcs":[622]},{"type":"LineString","arcs":[623]},{"type":"LineString","arcs":[624]},{"type":"LineString","arcs":[625]},{"type":"LineString","arcs":[626]},{"type":"LineString","arcs":[627]},{"type":"LineString","arcs":[628]},{"type":"LineString","arcs":[629]},{"type":"LineString","arcs":[630]},{"type":"LineString","arcs":[631]},{"type":"LineString","arcs":[632]},{"type":"LineString","arcs":[633]},{"type":"LineString","arcs":[634]},{"type":"LineString","arcs":[635]},{"type":"LineString","arcs":[636]},{"type":"LineString","arcs":[637]},{"type":"LineString","arcs":[638]},{"type":"LineString","arcs":[639]},{"type":"LineString","arcs":[640]},{"type":"LineString","arcs":[641]},{"type":"LineString","arcs":[642]},{"type":"LineString","arcs":[643]},{"type":"LineString","arcs":[644]},{"type":"LineString","arcs":[645]},{"type":"LineString","arcs":[646]},{"type":"LineString","arcs":[647]},{"type":"LineString","arcs":[648]},{"type":"LineString","arcs":[649]},{"type":"LineString","arcs":[650]},{"type":"LineString","arcs":[651]},{"type":"LineString","arcs":[652]},{"type":"LineString","arcs":[653]},{"type":"LineString","arcs":[654]},{"type":"LineString","arcs":[655]},{"type":"LineString","arcs":[656]},{"type":"LineString","arcs":[657]},{"type":"LineString","arcs":[658]},{"type":"LineString","arcs":[659]},{"type":"LineString","arcs":[660]},{"type":"LineString","arcs":[661]},{"type":"LineString","arcs":[662]},{"type":"LineString","arcs":[663]},{"type":"LineString","arcs":[664]},{"type":"LineString","arcs":[665]},{"type":"LineString","arcs":[666]},{"type":"LineString","arcs":[667]},{"type":"LineString","arcs":[668]},{"type":"LineString","arcs":[669]},{"type":"LineString","arcs":[670]},{"type":"LineString","arcs":[671]},{"type":"LineString","arcs":[672]},{"type":"LineString","arcs":[673]},{"type":"LineString","arcs":[674]},{"type":"LineString","arcs":[675]},{"type":"LineString","arcs":[676]},{"type":"LineString","arcs":[677]},{"type":"LineString","arcs":[678]},{"type":"LineString","arcs":[679]},{"type":"LineString","arcs":[680]},{"type":"LineString","arcs":[681]},{"type":"LineString","arcs":[682]},{"type":"LineString","arcs":[683]},{"type":"LineString","arcs":[684]},{"type":"LineString","arcs":[685]},{"type":"LineString","arcs":[686]},{"type":"LineString","arcs":[687]},{"type":"LineString","arcs":[688]},{"type":"LineString","arcs":[689]},{"type":"LineString","arcs":[690]},{"type":"LineString","arcs":[691]},{"type":"LineString","arcs":[692]},{"type":"LineString","arcs":[693]},{"type":"LineString","arcs":[694]},{"type":"LineString","arcs":[695]},{"type":"LineString","arcs":[696]},{"type":"LineString","arcs":[697]},{"type":"LineString","arcs":[698]},{"type":"LineString","arcs":[699]},{"type":"LineString","arcs":[700]},{"type":"LineString","arcs":[701]},{"type":"LineString","arcs":[702]},{"type":"LineString","arcs":[703]},{"type":"LineString","arcs":[704]},{"type":"LineString","arcs":[705]},{"type":"LineString","arcs":[706]},{"type":"LineString","arcs":[707]},{"type":"LineString","arcs":[708]},{"type":"LineString","arcs":[709,710]},{"type":"LineString","arcs":[711]},{"type":"LineString","arcs":[712]},{"type":"LineString","arcs":[713]},{"type":"LineString","arcs":[714]},{"type":"LineString","arcs":[715]},{"type":"LineString","arcs":[716]},{"type":"LineString","arcs":[717]},{"type":"LineString","arcs":[718]},{"type":"LineString","arcs":[719]},{"type":"LineString","arcs":[-711]},{"type":"LineString","arcs":[720,721]},{"type":"LineString","arcs":[722]},{"type":"LineString","arcs":[723]},{"type":"LineString","arcs":[724]},{"type":"LineString","arcs":[725]},{"type":"LineString","arcs":[726]},{"type":"LineString","arcs":[727]},{"type":"LineString","arcs":[728]},{"type":"LineString","arcs":[729]},{"type":"LineString","arcs":[730]},{"type":"LineString","arcs":[731]},{"type":"LineString","arcs":[732]},{"type":"LineString","arcs":[733]},{"type":"LineString","arcs":[734]},{"type":"LineString","arcs":[735]},{"type":"LineString","arcs":[736]},{"type":"LineString","arcs":[737]},{"type":"LineString","arcs":[738]},{"type":"LineString","arcs":[739]},{"type":"LineString","arcs":[740]},{"type":"LineString","arcs":[741]},{"type":"LineString","arcs":[742]},{"type":"LineString","arcs":[743]},{"type":"LineString","arcs":[744]},{"type":"LineString","arcs":[745,746]},{"type":"LineString","arcs":[747]},{"type":"LineString","arcs":[748]},{"type":"LineString","arcs":[749]},{"type":"LineString","arcs":[750]}]}},"arcs":[[[6916,2661],[1,-6],[1,-9]],[[6907,2652],[1,-10],[1,-4]],[[6896,2639],[-6,-10],[-8,-13],[-8,-13],[-1,-1]],[[6862,2600],[0,-10],[0,-4]],[[6814,2559],[0,-8],[0,-13],[0,-5]],[[6766,2531],[0,-6]],[[6752,2521],[-1,-3]],[[6717,2513],[0,-1],[0,-13],[0,-13],[0,-6]],[[6692,2477],[0,-4],[1,-13],[0,-13],[0,-13],[0,-13],[0,-13],[0,-13],[0,-13],[0,-13]],[[6663,2367],[0,-11]],[[6636,2352],[0,-9],[0,-14],[0,-13],[0,-2]],[[6620,2312],[0,-9],[-1,-13],[-1,-13],[0,-3]],[[6584,2273],[0,-9],[-1,-13],[0,-13],[0,-13],[-1,-13],[0,-13],[0,-13],[0,-13],[-1,-13],[0,-11]],[[6542,2147],[0,-13],[0,-13]],[[6525,2117],[0,-9],[0,-13],[0,-9]],[[6499,2084],[0,-2],[0,-13],[0,-13],[-1,-13],[0,-2]],[[6477,2042],[0,-12],[0,-13],[-1,-13],[0,-7]],[[6447,1989],[-1,-11],[-1,-13],[0,-13],[-1,-13],[-1,-13],[-1,-13],[0,-3]],[[6409,1913],[-1,-13],[0,-3]],[[6384,1899],[-1,-12],[-1,-3]],[[6354,1884],[0,-10],[0,-3]],[[6340,1870],[0,-9],[-1,-2]],[[6327,1857],[-1,-9],[-1,-5]],[[6305,1843],[0,-8],[-1,-13]],[[6279,1820],[-1,-11],[-1,-13],[-1,-13],[-2,-13],[-1,-13],[-1,-13],[-1,-11]],[[6225,1733],[0,-2],[-1,-13],[-1,-6]],[[6204,1711],[-1,-6],[0,-6]],[[6184,1695],[0,-4],[-1,-13],[-2,-13],[-1,-13],[-1,-13],[-1,-13],[-2,-13],[-1,-13],[-1,-13],[-2,-13],[0,-6]],[[6153,1568],[-1,-7],[-2,-13]],[[6129,1549],[0,-1],[-3,-13],[-2,-13]],[[6093,1531],[-2,-9],[-3,-13],[-3,-13],[-3,-13],[-1,0]],[[6061,1488],[-1,-5],[-2,-13],[-2,-7]],[[6040,1467],[-2,-10],[-3,-13],[-1,-3]],[[6018,1445],[-1,-1],[-2,-9]],[[5984,1445],[0,-1],[-3,-13],[-3,-13],[-3,-13],[-2,-13],[-3,-13],[-3,-13],[-3,-13],[-2,-13],[-3,-13],[-3,-13],[-3,-13],[-2,-13],[-3,-13],[-1,-3]],[[5893,1299],[-2,-11],[-2,-13],[0,-4],[-3,-9],[-3,-13],[-4,-13],[-3,-13],[-4,-13],[-3,-13],[-1,-5],[-3,-8],[-4,-13],[-4,-13],[-4,-13],[-4,-13],[-4,-14],[-4,-13],[-4,-13],[-3,-9],[-1,-4],[-4,-13],[-4,-13],[-4,-13],[0,-1],[-4,-12],[-5,-13],[-5,-13],[-4,-13],[-5,-13],[-5,-13],[-4,-13],[-5,-13],[-5,-13],[-4,-13],[-3,-8],[-2,-5],[-6,-13],[-6,-13],[-6,-13],[-6,-13],[-3,-7],[-3,-6],[-6,-13]],[[5625,896],[-4,-12],[-2,-3]],[[5576,914],[-1,-4],[-6,-13]],[[5538,922],[-5,-12],[-5,-12]],[[5486,925],[0,-2],[-3,-7]],[[5442,947],[-5,-11],[-5,-11]],[[5395,955],[-2,-5],[-7,-14],[-6,-14],[-1,-3]],[[5356,940],[-1,-3],[-7,-14],[-6,-13],[-6,-13],[-6,-13],[-6,-14],[-4,-8]],[[5282,901],[-2,-3],[-8,-14],[-7,-13],[-8,-13],[-8,-13],[-8,-14],[-8,-13],[-7,-13],[-2,-2]],[[5192,845],[-7,-13],[-8,-13],[-8,-14],[-8,-13],[-8,-13],[-1,-2]],[[5123,815],[-8,-9],[-11,-14],[-3,-3]],[[5069,833],[-1,0]],[[5068,833],[-11,-14],[-10,-13],[-11,-14],[-10,-11]],[[4996,806],[-15,-9]],[[6940,2707],[8,13],[4,7]],[[6910,2863],[9,12]],[[6905,2912],[6,3],[19,13]],[[6900,3034],[-1,-1],[-11,-13],[-10,-13],[-7,-8]],[[6850,3066],[-7,-7],[-8,-10]],[[6797,3163],[9,13],[9,13],[9,13],[9,13],[8,13],[9,13],[9,13],[9,13],[8,13],[9,13],[3,5]],[[6834,3434],[1,2],[8,13],[8,13],[7,13]],[[6815,3586],[3,6],[8,13],[7,14],[7,13],[7,13],[2,3]],[[6829,3691],[3,6],[8,13],[8,13],[8,13],[7,13],[8,13],[8,13],[8,13],[3,5]],[[6874,3862],[3,4],[8,13],[3,3]],[[6876,3934],[5,10],[6,13],[6,13],[3,7]],[[6886,4025],[4,10],[6,13],[6,13],[6,13],[5,11]],[[6879,4182],[4,9],[5,13]],[[6865,4271],[6,12],[5,9]],[[6849,4385],[2,2],[9,13],[2,2]],[[6840,4479],[0,-1],[-6,-13],[-5,-13],[-6,-13],[-3,-9]],[[6765,4591],[-4,-9],[-5,-13],[-3,-8]],[[6579,5016],[2,9],[3,13],[3,13],[3,13],[3,13],[4,13],[3,13],[3,13],[3,13],[3,13],[3,13],[4,13],[3,12]],[[6598,5222],[1,11],[1,2]],[[6578,5268],[2,4],[0,1]],[[6555,5307],[-1,-7],[0,-2]],[[6541,5303],[-2,-5],[0,-2]],[[6528,5303],[-1,-5],[-1,-4]],[[6511,5307],[-1,-9],[-1,-2]],[[6496,5301],[-1,-3],[-1,-10]],[[6474,5303],[0,-5],[-1,-7]],[[6459,5302],[-1,-4],[-2,-13],[0,-1]],[[6441,5293],[-2,-8],[-2,-13],[-3,-13],[-2,-13],[-3,-13],[-2,-13],[-3,-12]],[[6402,5226],[-1,-5],[-2,-10],[0,-3]],[[6384,5224],[-1,-4],[-2,-13],[-3,-13],[-3,-13],[-2,-10]],[[6361,5179],[-3,-11],[-3,-13]],[[6339,5161],[-2,-5]],[[6316,5156],[0,-1],[-1,-5]],[[6302,5148],[-2,-6],[0,-2]],[[6277,5143],[0,-1],[-1,-4]],[[6265,5139],[-3,-9],[-1,-3]],[[6252,5133],[-1,-3],[-1,-2]],[[6197,5110],[0,4],[1,2]],[[3872,4984],[-2,2],[-2,1]],[[3865,5028],[-64,10],[-10,1]],[[3790,5107],[-18,9]],[[3772,5116],[5,-3]],[[3776,5149],[-11,6],[-7,3]],[[3752,5279],[-3,2]],[[3752,5315],[-26,9],[0,1],[-22,7]],[[3709,5406],[-1,1]],[[3712,5476],[-2,1]],[[3712,5527],[3,2]],[[3717,5561],[2,0]],[[3724,5616],[1,0]],[[3731,5675],[1,1],[3,2]],[[3740,5714],[-1,1]],[[3739,5715],[0,1]],[[3741,5749],[1,1]],[[3755,5871],[-33,13],[-9,4]],[[3718,5925],[2,3]],[[3727,5956],[3,-1]],[[3734,5969],[4,1]],[[3746,6017],[2,-2]],[[3753,6040],[3,0]],[[3764,6098],[4,3]],[[3781,6162],[1,0]],[[3792,6204],[3,1]],[[3816,6288],[16,-7]],[[3851,6368],[6,-2],[1,-1]],[[3870,6403],[4,0]],[[3898,6487],[3,4]],[[3908,6536],[4,-1],[35,-13],[3,-1]],[[3952,6526],[3,1]],[[3963,6554],[1,0]],[[3971,6580],[3,1]],[[3977,6591],[4,2]],[[3989,6624],[34,-11],[5,-1]],[[4036,6643],[8,4]],[[4049,6677],[3,-3]],[[4066,6715],[5,-3]],[[4077,6734],[4,1]],[[4083,6745],[4,-2],[3,0]],[[4092,6751],[3,-8],[2,-2]],[[4103,6773],[4,-2]],[[4975,815],[-7,-2]],[[4957,850],[-9,-4]],[[4939,878],[-14,-7],[-10,-4]],[[4904,895],[-17,-8]],[[4864,981],[-9,-5]],[[4842,1044],[-9,0]],[[4821,1100],[-13,-7],[-16,-9]],[[4785,1120],[-2,-1],[-5,-3]],[[4768,1160],[-5,-2],[-26,-13]],[[4713,1268],[-12,-6],[-13,-8]],[[4681,1280],[-10,-5],[-27,-13],[-16,-8]],[[4600,1410],[-16,-5],[-19,-6]],[[4513,2051],[20,5],[36,10]],[[4563,2145],[7,2],[35,13],[2,1]],[[4597,2245],[15,6],[20,9]],[[4613,2465],[27,8],[4,1]],[[4615,2849],[3,1],[27,11]],[[4641,2938],[7,3],[27,13],[10,5]],[[4670,3085],[-15,-9]],[[4645,3174],[-19,-9]],[[4612,3304],[4,2],[16,8]],[[4622,3446],[-15,-10],[-10,-6]],[[4583,3604],[4,1],[26,14],[20,9]],[[4614,3860],[10,6],[20,13],[20,13],[13,8]],[[4629,4296],[-18,-13],[-18,-13],[-18,-13],[-7,-6]],[[4560,4322],[-1,0],[-19,-13],[-10,-7]],[[4525,4360],[-31,-12],[-32,-13],[-33,-13],[-32,-13],[-32,-13],[-33,-13],[-25,-11]],[[4302,4395],[-39,-8],[-26,-6]],[[4235,4429],[-17,-3],[-68,-13]],[[4148,4453],[-16,-1]],[[4128,4618],[-43,-4]],[[4082,4727],[-12,3]],[[4068,4834],[-80,8],[-31,4]],[[3956,4881],[-1,0],[-1,0],[-1,0],[-5,0],[-68,6]],[[9344,240],[-3,6],[-6,13],[-6,13],[-2,4],[-4,9],[-5,13],[-6,13],[-5,13],[-6,13],[-5,13],[-6,13],[-5,13],[-6,13],[-2,4]],[[9241,382],[-2,7],[-3,13],[-4,14],[-4,13],[-3,13],[-4,13],[-3,13],[-4,13],[-3,13],[-1,2]],[[9138,470],[-3,11],[-3,13],[-4,13],[-2,9],[-1,4],[-3,13],[-3,13],[-3,13],[-3,13],[-3,13],[-3,11],[0,2],[-4,13],[-4,13],[-5,13],[-4,13],[-4,13],[-1,2],[-1,11],[-2,13],[-2,13],[-1,13],[-2,13],[-1,3],[-1,10],[-2,13],[-1,13],[-2,13],[-1,7]],[[9028,783],[0,10],[-1,13],[0,13],[0,13],[0,9]],[[8947,828],[0,4],[-1,13],[0,13],[0,13],[0,5],[-2,8],[-1,13],[-1,4],[-1,9],[0,13],[-1,13],[-1,12]],[[8878,940],[-1,9],[-1,13],[0,13],[-1,13],[-1,13],[-1,13],[0,13],[-1,13],[-1,13],[-1,14],[-1,12]],[[8559,1069],[1,11],[2,13],[1,13],[1,12]],[[8374,1141],[0,-9],[-1,-13],[-1,-13],[0,-4]],[[8316,1114],[1,5],[1,4]],[[8266,1142],[-2,-10],[-3,-13],[-2,-13],[-3,-13],[-1,-8]],[[8206,1103],[-2,-10],[-3,-13],[-3,-13],[-1,-2]],[[7977,1160],[0,-2],[-1,-3]],[[7793,1292],[-1,-4],[-4,-13],[-5,-13],[-4,-13]],[[7660,1352],[0,1],[4,13],[3,9]],[[7455,1650],[-4,-11],[-5,-13],[-6,-13],[-5,-13],[-4,-10]],[[7365,1670],[-2,-5],[-5,-13],[-3,-10],[-1,-3],[-6,-13],[-5,-13],[-5,-13],[-4,-9],[-2,-4],[-5,-13],[-2,-4]],[[7261,1695],[-3,-4],[-7,-13],[-8,-13],[-2,-3]],[[7223,1699],[-4,-8],[-8,-13],[-8,-13],[-1,-2]],[[7114,1828],[4,7],[5,8],[2,5],[7,13],[7,13],[6,13],[7,13],[6,12],[1,1],[6,13],[7,13],[6,13],[7,13],[4,9],[2,4],[8,12]],[[7174,2036],[3,7],[7,13],[6,13],[3,5]],[[7148,2173],[7,13],[7,13],[5,10]],[[7090,2372],[5,10],[8,13],[5,9]],[[7060,2494],[3,5],[7,13]],[[7032,2592],[-1,-2],[-5,-13],[0,-1]],[[7014,2606],[-1,-3],[-2,-3]],[[6993,2637],[4,2]],[[6991,2652],[-4,-7]],[[6978,2664],[-7,-9],[-6,-8]],[[4967,762],[-13,-1]],[[4950,718],[-23,-3],[-32,0],[-25,1]],[[4864,665],[-28,1]],[[4827,607],[-32,2]],[[4789,564],[-22,3],[-39,-8],[-45,5],[-11,3],[-81,-4],[-33,-2]],[[4546,503],[-56,2]],[[4478,440],[-15,2],[-15,1],[-59,-1],[-29,-1],[-27,1]],[[4325,389],[-13,0],[-26,2]],[[7697,6181],[5,-4],[0,-6],[1,-7],[0,-7],[0,-11],[0,-2],[-1,-13],[-2,-13],[-2,-12],[0,-1],[-3,-13],[-2,-12],[0,-1],[-4,-13],[-4,-13],[-1,-4],[-1,-9],[-3,-13],[0,-4],[-2,-9],[-3,-13],[-1,-2],[-1,-11],[-3,-13],[-1,-7],[0,-6],[-2,-13],[-1,-7],[-1,-6],[-1,-13],[-2,-13],[0,-13],[-1,-8],[0,-5],[-1,-13],[0,-6],[0,-7],[0,-13],[0,-3],[0,-10],[0,-13],[0,-2],[1,-11],[0,-13],[0,-4],[0,-9],[-1,-13],[0,-9],[-1,-4],[0,-13],[0,-8],[0,-5],[1,-13],[0,-13],[0,-2],[1,-11],[2,-13],[0,-2],[1,-11],[0,-13],[1,-8],[1,-5],[1,-13],[1,-7],[1,-6],[1,-8],[0,-5],[1,-13],[0,-3],[0,-10],[1,-13],[1,-4],[0,-9],[1,-13],[0,-3],[0,-11],[0,-13],[1,-13],[1,-12],[0,-1],[1,-13],[0,-5],[0,-8],[0,-13],[0,-6],[-1,-7],[0,-13],[0,-7],[0,-6],[0,-13],[0,-1],[0,-12],[-1,-9],[0,-4],[1,-13],[0,-9],[0,-4],[-1,-13],[0,-6],[0,-7],[1,-13],[0,-1],[0,-12],[0,-1],[1,-12],[0,-2]],[[7641,5225],[0,-5],[0,-13],[0,-7],[0,-6],[0,-6],[1,-7],[0,-11],[1,-2],[1,-13],[1,-7],[1,-6],[1,-11],[0,-2],[1,-12],[0,-1],[0,-13],[0,-3],[1,-10],[1,-10]],[[7608,5011],[2,-12],[0,3],[0,-3],[2,-13],[1,-5],[1,-8],[2,-10],[1,-3],[1,-7]],[[7608,4937],[1,-3],[1,-8],[1,-5],[3,-13],[0,-1],[2,-8],[2,-4],[2,-7],[2,-7],[1,-5],[3,-8],[2,-6]],[[7621,4845],[0,-3],[4,-12],[0,-1],[5,-13],[1,-3]],[[7622,4795],[0,-5],[4,-13],[1,-6],[3,-7],[4,-8],[1,-5],[5,-13],[1,-2],[4,-11],[3,-8],[1,-5],[5,-12],[1,-1],[6,-13],[6,-13],[4,-10],[2,-3],[5,-7],[3,-6],[3,-6],[5,-7],[2,-2],[5,-11],[1,-1],[4,-12],[0,-2],[4,-11],[1,-2],[6,-8],[1,-3],[5,-9],[1,-4],[4,-8],[2,-5],[2,-8],[3,-5],[1,-4],[4,-9],[2,-6],[3,-7],[2,-5],[3,-8],[4,-11],[1,-2],[5,-13],[0,-1],[6,-12],[0,-2],[4,-11],[2,-5],[3,-8],[4,-13],[0,-2],[4,-11],[0,-2],[5,-11],[0,-2],[3,-11],[1,-3],[3,-10],[1,-1],[3,-12],[1,-4],[2,-9],[1,-1],[3,-12],[2,-11],[2,-2],[3,-8],[2,-5],[1,-6],[2,-7],[2,-6],[2,-7],[2,-7],[2,-6],[3,-7],[2,-6],[2,-8],[3,-6],[3,-6],[1,-7],[1,-5],[3,-8],[2,-7],[2,-6],[3,-7],[1,-6],[2,-9],[1,-4],[2,-6],[2,-7],[2,-7],[2,-6],[1,-5],[2,-8],[3,-11],[0,-2],[3,-10],[1,-3],[2,-6],[3,-7],[0,-1],[4,-12],[1,-4],[4,-9],[0,-2],[3,-11],[1,-3],[5,-10],[0,-1],[4,-12],[1,-1],[3,-12],[1,-3],[2,-10],[1,-2],[2,-11],[1,-5],[2,-8],[0,-1],[2,-12],[1,-7],[1,-6],[1,-9],[1,-4],[1,-11],[0,-2],[0,-12],[0,-1],[0,-13],[0,-4],[-1,-9],[0,-7],[0,-6],[0,-10],[-1,-3],[-1,-13],[-1,-13],[0,-2],[-1,-11],[0,1],[0,-1],[-1,-13],[0,-4],[-1,0],[0,-7]],[[2448,4490],[0,-12],[0,-13],[0,-13],[0,-8]],[[2477,4432],[0,-6],[0,-13],[0,-9]],[[2633,4395],[0,5],[0,13],[0,13],[0,13],[1,13],[0,26],[0,13],[1,13],[0,13],[0,13],[0,13],[1,10]],[[2712,4529],[0,1],[0,13],[0,13],[0,13],[0,13],[0,13],[0,13],[0,13],[0,13],[1,13],[0,13],[0,13],[0,13],[0,13],[0,13],[0,13],[0,13],[0,13],[0,13],[0,13],[0,9]],[[1962,5629],[6,-8],[7,-10],[10,-13],[10,-13],[10,-13],[9,-13],[10,-13],[8,-10],[7,-3],[21,-10]],[[2067,5335],[5,2],[23,12]],[[2112,4907],[2,1],[23,7]],[[8733,4088],[0,-1],[-2,-13],[-1,-7],[-1,-6],[-2,-9],[-1,-4],[-2,-13],[0,-3],[-2,-10],[0,-4],[-2,-9],[-1,-11],[-1,-2],[-1,-8],[-1,-5],[-3,-13],[-1,-4],[-1,-5]],[[9343,3804],[0,-3],[1,-10],[0,-3],[1,-13],[1,-13],[1,-13],[1,-4]],[[9313,3726],[0,-3],[0,-11]],[[9282,3695],[1,-11],[0,2]],[[9249,3673],[0,11],[-1,7]],[[3255,5567],[-88,11],[-36,10],[-31,8],[-22,5],[-23,8],[-16,9],[-13,9],[-17,14],[-10,6],[-17,9],[-5,2],[-5,0],[-9,-4],[-10,-5],[-9,-4],[-9,-5],[-4,-1],[-4,-1],[-5,0],[-8,-2],[-4,-1],[-5,-1],[-5,0],[-5,0],[-7,-1],[-13,-2],[-8,-1],[-9,-3],[-7,-1],[-11,-3],[-3,0],[-4,-1],[-8,-3],[-6,-2],[-5,-1],[-4,-1],[-5,-2],[-4,-1],[-4,-3],[-3,-1],[-7,-3],[-7,-4],[-9,-2],[-4,-1],[-3,-1],[-8,-2],[-7,-6],[-6,-1],[-4,-2],[-5,-1],[0,-1],[-6,-2]],[[4109,6780],[11,-3]],[[4122,6791],[1,1]],[[4128,6807],[13,-1]],[[4146,6818],[6,0]],[[4155,6827],[2,1]],[[4168,6895],[3,-3]],[[4176,6973],[6,-4]],[[4164,7727],[-2,0],[-16,6],[-14,6]],[[4132,7763],[-57,9],[-46,8]],[[4025,7810],[-3,1],[-1,1]],[[4020,7828],[-2,3]],[[4025,7880],[-6,3]],[[4031,7977],[5,1]],[[4519,8851],[21,-2]],[[4576,8936],[24,-3]],[[4653,9027],[14,-5],[35,-13],[35,-13],[35,-13],[28,-11]],[[2882,1326],[-8,-6]],[[2868,1379],[-24,-13],[-8,-5]],[[2816,1466],[-17,-9],[-16,-8],[-11,-5],[-28,-13],[-7,-3],[-24,-7]],[[2690,1564],[-6,-3],[-22,-10]],[[2643,1686],[-20,-8],[-38,-13],[-14,-4],[-33,-9],[-8,-2],[-44,-11],[-28,-7]],[[2453,1668],[-10,-3],[-3,0]],[[2434,1733],[28,0]],[[2453,1815],[-16,-6],[-35,-13],[-2,-1]],[[2392,1859],[-17,-5]],[[2371,1937],[-27,-11],[-30,-13],[-5,-2],[-21,-2]],[[2286,1962],[-20,0],[-23,-4],[-19,-2]],[[2223,1988],[-24,-2],[-37,-2],[-13,7],[-22,13],[-23,13],[-23,13],[-22,13],[-23,13],[-23,13],[-10,6],[-22,2],[-38,6]],[[1895,1685],[8,-2]],[[1887,1590],[14,1]],[[1857,1356],[13,0]],[[1822,1095],[-22,11],[-29,13],[-15,7]],[[1693,923],[30,-13],[4,-2]],[[1702,790],[-7,3],[-38,13],[-15,5]],[[1605,698],[-7,4],[-23,13],[-1,1],[-24,12],[-24,13],[-17,9],[-12,4],[-17,6],[-12,7],[-23,13],[-23,13],[-4,2],[-28,11],[-10,4]],[[1368,762],[-8,5],[-24,13],[-4,2],[-18,11],[-21,13],[-21,13],[-21,13],[-22,13],[-17,11],[-4,2],[-20,13],[-5,3]],[[1109,636],[-1,1],[-19,13],[-17,12],[-7,1],[-13,13],[-13,13],[-14,13],[-2,2],[-4,3],[-12,8],[-20,13],[-1,1]],[[917,588],[-10,5]],[[879,527],[-8,3]],[[828,450],[-5,5],[-16,13],[-1,0]],[[714,322],[-3,2],[-17,13],[-3,3],[-15,10],[0,1],[-15,12],[-12,11]],[[577,264],[-10,8],[-18,13],[-17,13],[-17,13],[-1,1]],[[464,235],[-12,11],[-9,8]],[[431,231],[-3,2],[-18,13],[-18,13],[-13,10]],[[272,135],[-8,7],[-15,13],[-11,9]],[[9818,141],[-1,1],[-11,13],[-11,13],[-3,4],[-9,9],[-13,13],[-3,3],[-7,10],[-9,13],[-10,13],[-10,13],[-4,6],[-5,7],[-10,13],[-9,13]],[[9636,236],[-7,10],[-9,13],[-7,11],[-2,2],[-3,4],[-6,9],[-9,13],[-5,7]],[[9535,275],[-7,10],[-7,13],[-8,13],[-1,1]],[[9403,837],[3,8],[2,6],[3,7],[5,10],[0,3],[2,9],[2,4],[5,8],[1,5],[3,6],[3,7],[2,4],[5,9],[2,3],[4,10],[2,5],[4,8],[2,6],[4,7],[2,7],[4,6],[5,10],[2,3],[6,12],[1,1],[7,13],[2,4],[5,9],[4,7],[5,6],[8,11],[1,2],[7,14],[7,12],[0,1],[7,12],[0,1],[7,10],[1,3],[5,9],[2,4],[4,8]],[[9610,1401],[5,4],[1,1],[13,12],[1,1],[9,12],[1,1],[12,12],[1,1],[13,12],[2,2],[10,11],[2,3],[10,10],[2,2],[11,11],[3,3],[11,10],[1,0],[9,11],[3,2],[8,10],[4,5],[2,3],[2,4],[3,3],[5,8],[7,11],[8,8],[8,9],[5,6],[5,5],[2,2],[2,2],[2,1],[4,2],[4,2],[7,3],[13,7],[10,4],[5,1],[6,0],[8,-2]],[[9810,2971],[11,10],[70,89]],[[9229,4080],[-5,7],[-4,6],[-4,7],[-4,6],[-7,7],[-3,3],[-9,10],[-1,1],[-5,7],[-5,5],[-7,7],[0,2]],[[9150,4098],[0,2],[-9,13],[-1,2],[-9,11],[-6,8],[-5,5],[-6,7],[-6,6],[-1,1],[-9,12]],[[9081,4135],[-6,4],[1,0],[-1,0],[-5,5],[-5,3],[0,-2]],[[1370,7648],[5,-6],[10,-13],[10,-13],[1,-1]],[[1373,7563],[13,-12],[13,-13],[13,-13],[10,-10]],[[1411,7463],[5,-3],[9,-5]],[[1379,7251],[1,-1],[1,-1],[1,-1],[1,-1],[2,-1],[1,-1],[1,-1],[1,-1],[2,-1],[1,-1],[1,-1],[1,-1],[1,-1],[1,0],[1,-1],[1,-1],[1,-1],[2,-1],[1,-1],[1,-1],[1,-1],[2,-2],[1,-1],[1,-1],[2,-1],[1,-1],[1,-1],[1,-1],[2,-1],[1,-1],[1,-1],[1,-1],[2,-1],[1,-1],[1,-1],[1,-1],[2,-1],[1,-1],[1,-1],[1,-1],[2,-1],[1,-2]],[[1425,7196],[2,-1],[1,-1],[1,-1],[1,-1],[1,-1],[1,-1],[1,-1],[1,-1],[1,-1],[2,-1],[1,0],[1,-1],[1,-1],[1,-1],[1,-1],[1,-1],[1,-1],[1,-1],[1,-1],[2,-1],[1,-1],[1,-1],[1,-1],[1,0],[1,-1],[1,-1],[1,-1],[1,-1],[2,-1],[1,-1],[1,-1],[1,-1],[1,-1],[1,-1],[1,-1],[1,-1],[1,-1],[1,-1],[1,0],[1,0],[1,-1],[1,-1],[1,-1],[1,-1],[1,-1],[1,-1],[1,-1],[1,-1],[2,-1],[1,-1],[1,-1]],[[1457,6977],[1,0],[1,0],[1,0],[1,0],[1,0],[1,0],[1,0],[1,0],[1,0],[1,1],[1,0],[1,0],[1,0],[1,0],[1,0],[1,0],[1,0],[1,0],[1,0],[1,0],[1,0],[1,0],[1,0],[1,0],[1,0],[1,0],[1,0],[1,0],[1,0],[1,0],[1,0],[1,0],[1,0],[1,0],[1,0],[1,0],[0,1],[1,0],[1,0],[1,0],[1,0],[1,0],[1,0],[1,0],[1,0],[1,0],[1,0],[1,0],[1,0],[1,0],[1,0],[1,0],[1,0],[1,0],[1,0],[1,0],[1,0],[1,0],[1,0],[1,0],[1,0],[1,1],[1,0],[1,0],[1,0],[1,0],[1,0],[14,-4]],[[9079,8437],[346,-152],[101,-100],[3,-9],[2,-8],[1,-11],[2,-13],[1,-18],[4,-35],[24,-143]],[[9563,7948],[11,-14],[5,-5],[2,-3],[9,-11],[7,-8],[3,-5],[8,-13],[2,-3],[7,-10],[4,-4],[11,-9],[6,-5],[9,-8],[9,-8],[4,-5],[11,-13],[11,-13],[2,-3],[9,-10],[4,-5],[11,-8],[6,-4],[11,-9],[3,-3],[13,-10],[2,-2],[13,-11],[1,0],[16,-13],[16,-13],[1,0],[18,-13],[2,-2],[4,-3]],[[1537,6976],[3,-2]],[[1540,6974],[2,-4],[4,-5],[3,-5],[6,-9]],[[1555,6951],[1,-4],[0,-8],[1,-9],[0,-6],[0,-5],[1,-6],[0,-6],[1,-7],[2,-7],[3,-7],[2,-6],[4,-9],[3,-7],[3,-8],[2,-4],[3,-7],[6,-14],[2,-6],[2,-8],[2,-6],[2,-6],[2,-4],[1,-3],[2,-5],[0,-2],[1,-3],[1,-2],[1,-2],[1,-1],[0,-2],[1,-1],[0,-1],[0,-1],[1,-2],[1,0],[0,-1],[0,-1],[1,0],[0,-1],[1,-1],[0,-1],[0,-1],[1,0],[0,-1],[0,-1],[1,0],[0,-1],[0,-1],[1,0],[0,-1],[0,-1],[1,0],[0,-1],[1,-1],[1,0],[0,-1],[0,-1],[1,0],[0,-1],[1,-1],[0,-1],[1,0],[0,-1],[1,-2],[0,-1],[1,0],[0,-1],[0,-1],[1,0],[0,-1],[0,-1],[1,0],[1,-1],[0,-1],[0,-1],[1,0],[0,-1],[1,0],[0,-1],[0,-1],[1,0],[0,-1],[1,0],[0,-1],[0,-1],[1,0],[0,-1],[1,-1],[1,-1],[0,-1],[0,-1],[1,0],[0,-1],[1,-1],[1,-3],[0,-1],[1,0],[0,-1],[0,-1],[1,0],[0,-1],[0,-1],[1,-1],[0,-1],[1,-3],[1,0],[0,-1],[1,-3],[0,-1],[1,0],[0,-1],[0,-1],[1,0],[0,-1],[0,-1],[0,-1],[1,0],[0,-1],[1,-1],[0,-1],[1,-1],[0,-1],[0,-1],[1,0],[0,-1],[0,-1],[2,-3],[0,-1],[1,-1],[0,-1],[1,0],[0,-1],[0,-1],[1,-1],[0,-1],[1,0],[0,-1],[0,-1],[1,-1],[0,-1],[1,0],[0,-1],[0,-1],[1,-1],[0,-1],[0,-1],[1,0],[0,-1],[1,-1],[0,-1],[0,-1],[1,-1],[0,-1],[0,-1],[1,-1],[0,-1],[0,-1],[1,-1],[0,-1],[1,-1],[0,-1],[0,-1],[1,-1],[1,-2],[1,-1],[0,-1],[0,-1],[1,-1],[0,-1],[0,-1],[1,-1],[0,-1],[1,-1],[0,-1],[0,-1],[1,-1],[0,-1],[1,-2],[1,-1],[1,-2],[0,-1],[0,-1],[1,-1],[1,-2],[0,-2],[1,-1],[0,-1],[1,0],[0,-1],[1,-2],[0,-1],[1,0],[0,-1],[1,-1],[1,-2],[1,-1],[0,-1],[0,-1],[1,-1]],[[1680,6626],[1,-1],[0,-1],[1,0],[0,-1],[0,-1],[1,0],[0,-1],[1,0],[0,-1],[1,0],[1,-1],[1,-1],[1,-1],[1,0],[1,0],[1,0],[0,-1],[1,0],[1,-1],[1,0],[1,0],[1,0],[0,-1],[1,0],[0,-1],[1,0],[1,-1],[1,-1],[1,0],[1,-1],[1,0],[0,-1],[1,0],[1,-1],[1,0],[0,-1],[1,0],[1,0],[0,-1],[1,0],[0,-1],[1,0],[0,-1],[1,0],[0,-1],[1,0],[0,-1],[1,0],[0,-1],[1,0],[1,-1],[1,0],[0,-1],[1,0],[0,-1],[1,0],[0,-1],[2,-1],[0,-1],[1,0],[0,-1],[1,-1],[1,0],[0,-1],[1,0],[0,-1],[1,0],[0,-1],[1,0],[0,-1],[1,0],[1,-1],[0,-1],[1,0],[0,-1],[1,0],[1,-1],[1,0],[0,-1],[1,-1],[1,-1],[1,-1],[0,-1],[1,0],[0,-1],[1,0],[0,-1],[1,-1],[0,-1],[1,0],[0,-1],[1,0],[0,-1],[1,-1],[1,-1],[0,-1],[3,-2],[1,0],[0,-1],[1,0],[0,-1],[1,0],[0,-1],[1,0],[0,-1],[1,0],[1,0],[0,-1],[1,0],[0,-1],[1,0],[0,1],[1,0],[1,0],[1,0],[1,0],[1,0],[1,-1],[1,0],[0,-1],[1,0],[0,-1],[1,0],[0,-1],[1,-1],[0,-1],[1,0],[0,-1],[0,-1],[1,0],[0,-1],[1,0],[0,-1],[0,-1],[1,0],[1,-1],[0,-1],[1,-1],[0,-1],[1,-1],[0,-1],[1,0],[0,-1],[0,-1],[1,0],[1,-2],[0,-1],[0,-1],[1,0],[0,-1],[1,-1],[0,-1],[0,-1],[1,0],[0,-1],[1,-1],[0,-1],[1,-1],[0,-1],[0,-1],[1,0],[0,-2],[1,-1],[0,-1],[1,-1],[1,-2],[1,-1],[0,-1],[1,0],[0,-1],[0,-1],[1,0],[0,-1],[1,-2],[0,-3],[2,-7],[1,-9],[1,-8],[2,-6],[4,-10],[2,-7],[1,-4],[3,-13],[3,-6],[2,-6],[3,-6],[3,-8]],[[1813,6424],[0,-6],[2,-4],[3,-9],[1,-6],[4,-7],[1,-2],[6,-11],[1,-3]],[[1821,6358],[4,-5],[2,-4],[4,-8],[0,-1],[6,-13],[1,-3]],[[1831,6307],[3,-6],[2,-7]],[[1832,6283],[4,-9],[3,-7],[4,-11],[2,-4],[5,-12],[4,-8],[3,-7],[6,-11],[2,-4],[4,-10],[2,-3],[4,-6],[4,-7],[2,-3],[7,-10],[1,-2],[5,-9],[1,-3],[4,-9],[3,-4],[3,-3],[5,-10],[2,-2]],[[1906,6107],[1,-2],[4,-6],[3,-7],[7,-12],[0,-1],[3,-2],[5,-11],[3,-5]],[[1926,6042],[2,-2],[3,-2],[6,-11],[2,-3],[4,-4],[5,-6],[4,-5]],[[1945,5988],[7,-10],[2,-3],[6,-8],[3,-5],[4,-6],[2,-2]],[[1959,5927],[4,-4],[2,-3],[7,-10],[2,-4],[6,-7],[1,-2],[7,-12]],[[1979,5857],[7,-10],[2,-3],[2,-4],[4,-8],[2,-2]],[[2110,4067],[-25,4]],[[2075,3997],[-37,11]],[[2019,3820],[-17,7],[-26,10]],[[1971,3784],[-20,4],[-19,4]],[[1885,3456],[-11,-1]],[[1822,2909],[-5,-7],[-7,-8]],[[1817,2816],[-8,-5],[-22,-13],[-10,-6]],[[1784,2662],[11,-7],[20,-13],[20,-13],[20,-13],[20,-13],[13,-9]],[[1878,2303],[15,-8]],[[1886,2093],[57,-10]],[[8747,4856],[6,-4],[3,-2],[5,-8],[7,-7],[6,-5],[0,-1],[5,-7],[8,-4]],[[8857,5069],[9,-4],[0,-1],[4,0],[7,-2],[9,-2],[11,-5],[9,2],[8,1],[7,-1]],[[4192,388],[11,0],[14,0],[9,1],[7,2],[13,0],[21,0],[14,0],[5,0]],[[4286,391],[-5,0]],[[4150,782],[4,-2],[4,-1],[16,-4],[13,-4],[7,-4],[4,-3],[19,-7],[16,0],[11,-3],[2,-1],[5,-3],[8,-4]],[[4184,570],[-21,0]],[[4160,683],[-10,3]],[[6799,5982],[-3,-7],[-5,-13],[-5,-11],[-1,-2],[-5,-13],[-6,-13],[-5,-13],[-5,-13],[-6,-13],[-5,-13],[-6,-13],[-5,-13],[-5,-13],[-6,-13],[-5,-13],[-6,-13],[-5,-13],[-6,-13],[-5,-13],[-2,-4],[0,-9],[-2,-13],[-1,-13],[-2,-13],[-1,-13],[-1,-13],[-2,-13],[-1,-13],[-1,-13],[-2,-13],[-1,-13],[-1,-13],[-2,-13],[-2,-10],[0,-3],[-1,-13],[-1,-3],[-1,-10],[-2,-13],[0,-2],[-2,-12],[-1,-13],[-2,-13],[-2,-13],[-2,-13],[-2,-13],[-2,-13],[-1,-6],[-1,-7],[-3,-13],[-2,-13],[-2,-13],[-3,-13],[-1,-7],[-1,-6],[-2,-13],[-3,-13],[-2,-12],[0,-1],[-3,-13],[-2,-13],[-2,-13],[-2,-13],[-3,-13],[-2,-13],[-2,-13],[-3,-13],[-2,-13],[-2,-13],[-2,-13],[0,-1]],[[4999,9552],[-14,17],[-28,13],[-33,13],[-26,13],[-13,6],[-13,7],[-26,13],[-11,6],[-7,7],[-7,6],[-3,7],[-2,6],[-6,7],[-11,13],[0,1],[4,12],[2,7],[-3,6],[-4,13],[-2,7]],[[6799,5981],[4,5],[5,8],[1,5],[1,3],[1,6],[2,5],[2,8],[3,5],[4,9],[4,11],[9,35],[6,23],[2,8],[2,5],[1,7],[5,14],[7,14],[2,8],[4,17],[5,12],[4,10],[3,15],[2,6],[4,11],[6,11],[4,10],[3,20],[3,9],[4,6],[3,13],[4,6],[4,6],[3,13],[1,6],[1,5],[3,4],[3,13],[5,9],[9,24],[4,23],[5,23],[11,12],[6,13],[13,38],[10,22],[6,43],[4,18],[7,28],[3,17],[0,8]],[[8537,4283],[62,-3],[14,1],[13,0],[3,2],[13,4],[11,7],[10,1],[3,1],[10,1],[10,2],[15,0],[9,-2],[8,-1],[1,0],[4,-1]],[[2188,4477],[-1,-23],[-3,-14],[-4,-9],[-5,-2],[-8,-5],[-6,0],[-7,2]],[[1824,2908],[35,0],[35,0]],[[1893,2296],[31,-17],[30,-17]],[[4057,6694],[1,-2]],[[6020,6770],[8,8],[10,11],[6,9],[6,14],[6,8],[7,8]],[[5969,6283],[4,40],[6,44],[5,32],[2,22],[0,25],[2,28],[1,19],[1,21],[4,15],[4,12],[4,15],[6,27],[4,20],[1,19],[0,28],[-1,24],[-1,28],[1,19],[3,26],[5,23]],[[5969,6282],[-6,-57],[-3,-30],[-4,-27],[-3,-14],[-4,-16]],[[9830,2860],[28,16],[14,15],[14,18],[24,29],[19,25],[17,30],[12,26],[11,29],[9,26],[5,19]],[[9092,3891],[-13,14],[-26,30],[-24,38],[-24,39],[-14,31],[-13,23],[-9,21]],[[9049,4116],[-19,2],[-15,0],[-16,1],[-4,0],[-8,0]],[[8318,4455],[4,-115],[7,-66],[7,-71],[6,-40]],[[8625,4280],[-17,-12],[-35,-22],[-15,-9],[-26,-8],[-29,-7],[-19,-3],[-17,0],[-14,-4],[-9,1]],[[8539,4232],[-25,5],[-22,3],[-28,8],[-12,8],[-12,14],[-10,8],[-4,6]],[[3231,760],[0,1],[5,0],[8,3],[11,3],[3,1],[10,7],[14,4],[11,0],[3,1],[15,6],[13,7],[1,0],[18,4],[19,4],[19,3],[6,2],[18,6],[13,0],[14,3],[13,4],[2,0],[17,4],[11,0],[13,0],[13,0],[19,3],[16,0],[16,0],[16,0],[19,0],[16,0],[22,4],[8,2],[5,2],[24,0],[30,0],[16,0],[21,0],[6,-2],[10,-2],[14,0],[18,0],[16,0],[19,-4],[22,0],[18,0],[22,0],[13,0],[22,-3],[18,0],[19,0],[7,-4],[9,-4],[22,-3],[21,0],[19,-4],[8,-2],[10,-2],[22,-3],[19,-4],[18,-4],[1,0],[15,-3],[14,-4],[11,-4],[8,0]],[[3230,760],[-25,0],[-45,0],[-21,5],[-23,10],[-28,-1],[-22,-8],[-24,1],[-19,7],[-35,6],[-29,10],[-30,10],[-22,9]],[[3301,214],[-23,28],[-29,35],[-30,35],[-50,58]],[[3025,667],[84,-46],[54,-33],[31,-21],[25,-17],[24,-16],[34,-25],[33,-28],[33,-26],[66,-59],[26,-25],[20,-21]],[[3455,350],[56,0]],[[8461,5326],[-36,5],[-36,5]],[[3269,5031],[-31,0],[-34,1]],[[2700,4804],[1,-1],[4,-9],[4,-4],[4,-4]],[[2713,4786],[6,-2],[8,2],[8,1],[5,1],[4,2],[5,2],[7,3],[7,3],[7,3],[4,1],[7,1],[6,0],[5,0],[4,0],[14,1],[14,2]],[[1974,5716],[5,-6]],[[2060,5523],[17,35]],[[1996,5830],[25,-29]],[[3513,376],[29,3],[31,4]],[[3575,416],[9,0],[9,0],[8,0],[10,3],[14,0],[10,3],[11,0],[13,0],[11,3],[19,0],[24,0],[16,-3],[19,0],[11,0],[26,-6],[27,-4],[19,-3],[21,-3],[27,0],[13,-4],[8,-2],[22,0],[21,-6],[11,-3],[6,-2],[7,-1],[13,-4],[9,-2],[7,-3]],[[4001,390],[15,-3],[16,-1],[15,-1],[12,0],[16,0],[16,0],[16,0],[29,0],[27,0],[19,0],[10,3]],[[3151,508],[18,-13]],[[3153,442],[34,-22]],[[1213,8096],[1,-7],[2,-4],[2,-7],[3,-7],[2,-4],[1,-9],[1,-5],[2,-8],[3,-7],[1,-6],[2,-10],[1,-3],[1,-13],[2,-11],[0,-2],[1,-13],[1,0],[3,-13],[0,-1],[4,-12],[2,-6],[3,-7],[1,-2],[2,-9],[1,-1],[4,-14],[1,0],[3,-13],[1,-3],[5,-10],[2,-3],[6,-10],[1,-2],[6,-11],[1,-2],[3,-11],[1,-3],[4,-10],[1,-3],[6,-10],[3,-4],[3,-9],[1,-4],[6,-9],[2,-3],[5,-10],[6,-10],[1,-3],[6,-13],[0,-2],[7,-11],[2,-3],[5,-10],[4,-6],[5,-7],[3,-5],[5,-8],[4,-6],[7,-7],[4,-9],[3,-4],[2,-3],[3,-2]],[[9079,8437],[-15,-48],[-18,-47],[-14,-47],[-18,-50],[-17,-51],[-18,-57],[-17,-55],[-12,-64],[-10,-65],[-4,-61]],[[4510,8550],[-19,9],[-18,3],[-29,3]],[[6009,5973],[-4,-6]],[[6013,5896],[4,7]],[[6009,5922],[5,10]],[[2724,5510],[-6,-4]],[[2718,5506],[-6,-3],[-13,-8],[-5,-2],[-5,-2],[-10,-5],[-8,-6],[-5,-3],[-10,-7],[-4,-3],[-7,-5],[-7,-8],[-3,-2],[-7,-6],[-4,-5],[-5,-5],[-9,-7],[-2,-1],[-9,-8],[-5,-5],[-4,-3],[-11,-5],[-11,-5],[-8,-10],[-4,-3],[-4,-3],[-7,-8],[-1,-2],[-5,-6],[-5,-7],[-3,-3],[-7,-9],[0,-1],[-8,-9],[-5,-4],[-3,-2],[-6,-5],[-12,-5],[-10,0],[-3,-1],[-7,-3],[-10,-4],[-9,-3],[-8,-2],[-1,-1],[-8,-7],[-5,1],[-4,-1],[-8,2],[-5,-2],[-6,-2],[-5,0],[-9,1],[-6,1],[-6,0],[-5,4],[-5,3],[-5,3],[-4,2],[-9,5],[-2,-1]],[[4459,8678],[48,-25],[32,-16]],[[4176,6925],[3,-3]],[[4174,6918],[11,-17],[11,-15],[16,-21],[12,-13],[11,-9],[10,-10],[12,-10],[9,-7],[5,-5],[5,-4],[2,-2],[3,-3],[2,-3],[7,-6],[4,-3],[9,-6],[8,-8],[22,-22],[5,-2],[44,0],[75,-4]],[[1459,7058],[5,0]],[[6020,6770],[-3,-6],[-6,-14],[-7,-16],[-5,-10],[-7,-12],[-6,-17],[-9,-23],[-12,-34],[-17,-36],[-3,-2],[-5,-3],[-39,-6]],[[5514,6741],[32,74],[17,65]],[[9881,184],[1,-1],[1,0],[0,-1],[1,0],[1,-1],[0,-1],[1,0],[1,-1],[1,-1],[1,0],[0,-1],[1,0],[0,-1],[1,-1],[1,0],[0,-1],[1,0],[1,-1],[1,-1],[1,0],[0,-1],[1,0],[1,-1],[0,-1],[1,0],[0,-1],[1,0],[1,-1],[1,-1],[1,0],[0,-1],[1,-1],[1,0],[0,-1],[1,0],[0,-1],[1,0],[1,-1],[1,-1],[1,0],[0,-1],[1,-1],[1,0],[0,-1],[1,0],[1,-1],[1,-1],[1,-1],[1,0],[0,-1],[1,-1],[1,0],[0,-1],[1,0],[1,-1],[1,-1],[1,0],[0,-1],[1,0],[0,-1],[1,-1],[1,0],[0,-1],[1,0],[1,-1],[1,-1],[1,0],[0,-1],[1,0],[1,-1],[0,-1],[1,0],[0,-1],[1,0],[1,-1],[1,-1],[1,0],[0,-1],[1,0],[1,-1],[1,-1],[0,-1],[1,0],[1,-1],[1,-1],[1,0],[0,-1],[1,0],[1,-1],[1,-1],[1,0],[0,-1],[1,-1],[1,-1],[1,0],[0,-1],[1,0],[1,-1],[1,-1],[1,0],[0,-1],[1,0],[1,-1],[0,-1],[1,0],[0,-1],[1,0],[1,-1],[1,-1],[1,0],[0,-1],[1,0],[1,-1],[1,-1],[1,-1],[1,-1],[1,-1],[1,0],[0,-1],[1,0],[1,-1],[1,-1],[1,0],[0,-1],[1,0],[0,-1],[1,0],[1,-1],[0,-1],[1,0],[1,-1],[1,-1],[1,0],[0,-1],[1,0],[1,-1],[1,-1],[1,-1],[1,0],[0,-1],[1,0],[1,-1],[0,-1],[1,0],[1,-1],[1,-1],[1,-1],[1,0],[0,-1],[1,0],[1,-1],[1,-1],[1,0],[0,-1],[1,0],[1,-1],[0,-1],[0,1]],[[0,85],[0,-1],[1,0],[1,-1],[1,-1],[1,0],[0,-1],[1,0],[1,-1],[1,-1],[1,0],[0,-1],[1,0],[0,-1],[1,0],[1,-1],[1,-1],[1,0],[0,-1],[1,-1],[1,0],[0,-1],[1,0],[0,-1],[1,0],[1,-1],[1,-1],[1,0],[0,-1],[1,0],[1,-1],[1,-1],[1,0],[0,-1],[1,0],[0,-1],[1,0],[1,-1],[1,-1],[1,0],[0,-1],[1,-1],[1,0],[0,-1],[1,0],[1,-1],[1,-1],[1,-1],[1,0],[0,-1],[1,0],[1,-1],[1,-1],[1,0],[0,-1],[1,0],[0,-1],[1,0],[1,-1],[1,-1],[1,0],[0,-1],[1,0],[1,-1],[1,-1],[1,0],[0,-1],[1,0],[0,-1],[1,0],[1,-1],[0,-1],[1,0],[1,-1],[1,-1],[1,0],[0,-1],[1,0],[1,-1],[1,-1],[1,-1],[1,0],[0,-1],[1,0],[1,-1],[1,-1],[1,0],[0,-1],[1,0],[1,-1],[1,-1],[1,-1],[1,0],[0,-1],[1,0],[1,-1],[1,-1],[1,0],[0,-1],[1,0],[0,-1],[1,0],[1,-1],[1,-1],[1,0],[0,-1],[1,0],[1,-1],[1,-1],[1,0],[0,-1],[1,0],[0,-1],[1,0],[1,-1],[1,-1],[1,0],[0,-1],[1,0],[1,-1],[1,-1],[1,0],[0,-1],[1,0],[0,-1],[1,0],[1,-1],[1,-1],[1,0],[0,-1],[1,0],[1,-1],[1,-1],[1,-1],[1,0],[0,-1],[1,0],[1,-1],[1,-1],[1,0],[0,-1],[1,0]],[[9998,3324],[-9,-5],[-5,-3],[-12,-7],[-6,-3],[-7,-4],[-11,-6],[-6,-3],[-6,-3],[-15,-7],[-5,-3],[-6,-4],[-15,-9],[-1,0],[-12,-6],[-11,-7],[0,-1],[-13,-6],[-12,-6],[-3,-1],[-10,-9],[-6,-3],[-3,-2]],[[132,3402],[-33,-19],[-33,-19],[-33,-20],[-33,-19]],[[6945,2702],[0,-8],[0,-8]],[[6945,2685],[-5,-4],[-7,-6],[-5,-7],[-4,-5],[-8,-2]],[[6918,2646],[-11,6]],[[6909,2638],[-13,1]],[[6873,2602],[-11,-2]],[[6862,2586],[-9,-9],[-12,-13],[-3,-3],[-24,-2]],[[6814,2533],[-48,-2]],[[6766,2525],[-14,-4]],[[6751,2518],[-34,-5]],[[6717,2480],[-25,-3]],[[6693,2369],[-30,-2]],[[6663,2356],[-4,0],[-23,-4]],[[6636,2314],[-16,-2]],[[6618,2274],[-34,-1]],[[6581,2149],[-39,-2]],[[6542,2121],[-17,-4]],[[6525,2086],[-26,-2]],[[6498,2041],[-21,1]],[[6476,1997],[-23,-6],[-6,-2]],[[6442,1910],[-33,3]],[[6408,1897],[-24,2]],[[6382,1884],[-28,0]],[[6354,1871],[-14,-1]],[[6339,1859],[-12,-2]],[[6325,1843],[-20,0]],[[6304,1822],[-8,0],[-17,-2]],[[6271,1733],[-46,0]],[[6223,1712],[-19,-1]],[[6203,1699],[-19,-4]],[[6172,1568],[-19,0]],[[6150,1548],[-10,0],[-11,1]],[[6124,1522],[-31,9]],[[6081,1483],[-2,0],[-18,5]],[[6056,1463],[-16,4]],[[6034,1441],[-14,3],[-2,1]],[[6015,1435],[-27,9],[-4,1]],[[5947,1272],[-5,3],[-27,13],[-22,11]],[[5734,819],[-18,13],[-19,13],[-18,13],[-19,13],[-18,13],[-17,12]],[[5619,881],[-4,3],[-17,13],[-17,13],[-5,4]],[[5569,897],[-16,13],[-15,12]],[[5528,899],[-19,11],[-21,13],[-2,2]],[[5483,917],[-8,6],[-18,13],[-15,11]],[[5433,926],[-14,10],[-17,13],[-7,6]],[[5380,921],[-4,2],[-16,13],[-4,4]],[[5320,863],[-9,8],[-13,13],[-13,13],[-4,4]],[[5225,804],[-2,2],[-10,13],[-11,13],[-10,13]],[[5152,778],[-1,2],[-11,13],[-10,13],[-7,9]],[[5102,790],[-3,3],[-10,13],[-10,13],[-10,13],[-1,1]],[[5027,782],[-7,11],[-9,13],[-4,7]],[[4981,797],[0,1],[-3,8],[0,1],[-3,8]],[[6945,2702],[-5,5]],[[6952,2727],[-2,6],[-4,13],[-4,13],[-4,13],[-4,13],[-4,13],[-4,13],[-4,13],[-4,13],[-4,13],[-4,13]],[[6919,2875],[-1,1],[-5,13],[-5,13],[-3,10]],[[6930,2928],[-3,13],[-4,13],[-4,13],[-4,14],[-3,13],[-4,13],[-4,13],[-3,13],[-1,1]],[[6871,2999],[-2,8],[-4,13],[-5,13],[-4,13],[-4,13],[-2,7]],[[6835,3049],[-4,10],[-4,13],[-4,13],[-4,13],[-5,13],[-4,13],[-4,13],[-4,13],[-5,13]],[[6888,3298],[-3,8],[-5,13],[-6,13],[-5,13],[-5,13],[-5,13],[-6,13],[-5,13],[-5,13],[-5,13],[-4,11]],[[6858,3475],[-5,13],[-5,13],[-5,13],[-5,13],[-5,13],[-5,13],[-6,13],[-5,13],[-2,7]],[[6849,3648],[-5,10],[-6,13],[-6,13],[-3,7]],[[6890,3793],[-1,8],[-4,13],[-3,13],[-3,13],[-3,13],[-2,9]],[[6888,3882],[-3,10],[-3,13],[-3,13],[-3,13],[0,3]],[[6896,3977],[-1,6],[-3,13],[-3,13],[-3,13],[0,3]],[[6913,4085],[0,2],[-5,13],[-5,13],[-4,13],[-5,13],[-5,13],[-4,13],[-5,13],[-1,4]],[[6888,4204],[-4,13],[-5,13],[-4,13],[-5,14],[-4,13],[-1,1]],[[6876,4292],[-1,4],[-4,13],[-4,13],[-3,13],[-4,13],[-4,13],[-3,13],[-4,11]],[[6862,4402],[-3,11],[-4,13],[-3,13],[-4,13],[-4,13],[-3,13],[-1,1]],[[6820,4430],[-3,9],[-4,13],[-5,13],[-4,13],[-5,13],[-4,13],[-5,13],[-4,13],[-5,13],[-4,13],[-5,13],[-4,13],[-3,9]],[[6753,4561],[-3,8],[-5,13],[-5,13],[-5,13],[-5,13],[-5,13],[-5,13],[-5,13],[-5,13],[-5,13],[-5,13],[-5,13],[-5,13],[-5,13],[-5,13],[-5,13],[-5,13],[-5,13],[-5,13],[-5,13],[-5,13],[-5,13],[-5,13],[-5,13],[-5,13],[-5,14],[-5,13],[-5,13],[-5,13],[-5,13],[-5,13],[-5,13],[-5,13],[-5,13],[-5,13],[-1,4]],[[6619,5180],[-1,1],[-6,13],[-7,13],[-6,13],[-1,2]],[[6600,5235],[-7,11],[-9,13],[-6,9]],[[6580,5273],[-5,12],[-4,9],[-5,4],[-11,9]],[[6554,5298],[-3,1],[-10,4]],[[6539,5296],[-4,2],[-7,5]],[[6526,5294],[-5,4],[-10,9]],[[6509,5296],[-5,2],[-8,3]],[[6494,5288],[-13,10],[-7,5]],[[6473,5291],[-9,7],[-5,4]],[[6456,5284],[-2,1],[-13,8]],[[6424,5208],[-14,12],[-8,6]],[[6399,5208],[-1,0],[-11,12],[-3,4]],[[6373,5171],[-12,8]],[[6355,5155],[-16,6]],[[6337,5156],[-21,0]],[[6315,5150],[-13,-2]],[[6300,5140],[-14,2],[-9,1]],[[6276,5138],[-11,1]],[[6261,5127],[-3,2],[-6,4]],[[6250,5128],[-6,1],[-8,1],[-4,-1],[-13,-5],[-4,-2],[-8,-3],[-9,-3]],[[4968,813],[-2,6],[-4,13],[-4,13],[-1,5]],[[4948,846],[-4,12],[-3,13],[-2,7]],[[4915,867],[-2,4],[-5,13],[-4,11]],[[4887,887],[-3,10],[-3,13],[-3,13],[-3,13],[-3,13],[-4,13],[-3,13],[-1,6]],[[4855,976],[-3,12],[-2,13],[-3,13],[-2,13],[-3,13],[0,4]],[[4833,1044],[-2,9],[-3,14],[-3,13],[-3,13],[-1,7]],[[4792,1084],[-1,9],[-3,13],[-2,13],[-1,1]],[[4778,1116],[-1,3],[-3,13],[-3,13],[-3,13],[0,2]],[[4737,1145],[-2,13],[-3,13],[-2,13],[-3,13],[-3,13],[-2,13],[-3,13],[-2,13],[-3,13],[-1,6]],[[4688,1254],[-2,8],[-3,13],[-2,5]],[[4628,1254],[-2,8],[-2,13],[-2,13],[-3,13],[-2,13],[-2,13],[-2,13],[-3,13],[-2,13],[-2,13],[-3,13],[-2,13],[-1,5]],[[4565,1399],[-1,6],[-1,13],[-1,13],[-1,13],[-1,13],[-1,13],[-1,13],[-1,13],[-1,13],[-1,13],[-1,13],[-1,13],[-1,13],[-1,13],[-1,13],[-1,13],[-1,13],[-1,13],[-1,13],[-1,13],[-1,13],[-1,13],[-1,13],[-2,14],[-1,13],[-1,13],[-1,13],[-1,13],[-1,13],[-1,13],[-1,13],[-1,13],[-1,13],[-1,13],[-1,13],[-1,13],[-1,13],[-1,13],[-1,13],[-1,13],[-1,13],[-1,13],[-1,13],[-1,13],[-1,13],[-1,13],[-1,13],[-1,13],[-1,13],[-1,13],[-1,8]],[[4569,2066],[0,3],[-1,13],[-1,13],[-1,13],[-1,13],[-1,13],[-1,11]],[[4607,2161],[-2,12],[-1,13],[-2,13],[-1,13],[-1,13],[-2,13],[-1,7]],[[4632,2260],[0,4],[-1,13],[-1,13],[-2,13],[-1,13],[-1,13],[-1,14],[-1,13],[-2,13],[-1,13],[-1,13],[-1,13],[-1,13],[-2,13],[-1,13]],[[4644,2474],[-1,12],[-1,13],[-1,13],[-1,13],[-1,13],[-1,13],[-1,13],[-1,13],[-1,13],[-1,13],[-1,13],[-1,13],[-1,13],[-1,13],[-1,13],[-1,13],[-1,13],[-1,13],[-1,13],[-1,13],[-1,13],[-1,13],[-1,13],[-1,13],[-1,13],[-1,13],[-1,13],[-1,13],[-1,12]],[[4645,2861],[0,2],[0,13],[-1,13],[-1,13],[-1,13],[0,13],[-1,10]],[[4685,2959],[-1,8],[-2,14],[-1,13],[-2,13],[-1,13],[-2,13],[-1,13],[-2,13],[-1,13],[-2,13]],[[4655,3076],[-1,9],[-1,13],[-2,13],[-1,13],[-1,13],[-1,13],[-2,13],[-1,11]],[[4626,3165],[-1,11],[-1,13],[-2,13],[-1,13],[-1,13],[-2,13],[-1,13],[-1,13],[-1,13],[-2,13],[-1,11]],[[4632,3314],[-1,5],[-1,13],[-1,13],[-1,13],[-1,13],[-1,13],[0,13],[-1,13],[-1,13],[-1,13],[-1,10]],[[4597,3430],[0,6],[-1,13],[-1,13],[-1,13],[-1,13],[-2,13],[-1,13],[-1,13],[-1,13],[-1,13],[-1,13],[-1,13],[-1,13],[-1,12]],[[4633,3628],[-1,4],[-1,13],[-1,13],[-1,13],[-1,13],[-1,13],[-1,13],[-1,13],[-1,13],[-1,13],[-1,13],[-1,13],[-1,13],[-1,13],[-1,13],[-1,13],[-1,13],[-1,13],[-1,7]],[[4677,3900],[-1,5],[-2,13],[-1,13],[-2,13],[-1,13],[-2,13],[-1,13],[-2,13],[-2,13],[-1,13],[-2,13],[-1,13],[-2,13],[-1,13],[-2,13],[-2,13],[-1,13],[-2,13],[-1,13],[-2,13],[-1,13],[-2,13],[-1,13],[-2,13],[-2,13],[-1,13],[-2,13],[-1,14],[-2,13],[-1,13],[-2,13]],[[4568,4251],[-1,6],[-1,13],[-1,13],[-2,13],[-1,13],[-2,13]],[[4530,4302],[0,7],[-1,13],[-2,13],[-1,13],[-1,12]],[[4307,4272],[-1,11],[0,13],[-1,13],[0,13],[-1,13],[0,13],[-1,13],[-1,13],[0,13],[0,8]],[[4237,4381],[0,6],[-1,13],[-1,13],[0,13],[0,3]],[[4150,4413],[-1,13],[-1,13],[0,13],[0,1]],[[4132,4452],[0,13],[-1,13],[0,13],[0,13],[-1,13],[0,13],[0,13],[0,13],[-1,13],[0,13],[0,13],[-1,13],[0,10]],[[4085,4614],[0,7],[-1,13],[0,13],[0,13],[0,13],[-1,13],[0,13],[0,13],[-1,13],[0,2]],[[4070,4730],[0,8],[-1,13],[0,13],[0,13],[0,13],[0,13],[-1,13],[0,13],[0,5]],[[3957,4846],[0,9],[-1,13],[0,13]],[[9512,312],[-29,-1],[-25,-13],[-26,-13],[-25,-13],[-26,-13],[-25,-13],[-12,-6]],[[9277,393],[-12,-4],[-24,-7]],[[9210,496],[-6,-2],[-36,-13],[-30,-11]],[[9069,787],[-41,-4]],[[9027,841],[-56,-9],[-24,-4]],[[8939,948],[-61,-8]],[[8869,1079],[-50,-1],[-40,-6],[-33,-5],[-32,3],[-28,4],[-21,6],[-2,0],[-22,0],[-29,-4],[-28,-4],[-25,-3]],[[8564,1118],[-5,1],[-109,13],[-76,9]],[[8372,1102],[-17,4],[-39,8]],[[8318,1123],[-24,9],[-28,10]],[[8255,1085],[-20,8],[-29,10]],[[8197,1065],[-3,2],[-30,13],[-30,13],[-31,13],[-30,13],[-30,13],[-31,13],[-30,13],[-5,2]],[[7976,1155],[-3,3],[-18,13],[-17,13],[-17,13],[-18,13],[-17,13],[-17,13],[-18,13],[-17,13],[-17,13],[-17,13],[-7,4]],[[7779,1249],[-15,13],[-15,13],[-15,13],[-15,13],[-15,13],[-15,13],[-15,13],[-14,12]],[[7667,1375],[-3,4],[-10,13],[-10,13],[-10,13],[-10,13],[-10,13],[-10,13],[-10,13],[-10,13],[-10,13],[-9,12],[-1,1],[-10,13],[-10,13],[-10,13],[-10,13],[-10,13],[-10,13],[-10,13],[-11,13],[-10,13],[-10,13],[-8,11]],[[7431,1590],[-9,10],[-11,13],[-10,13],[-11,13],[-11,13],[-11,13],[-3,5]],[[7325,1570],[-2,4],[-6,13],[-7,13],[-7,13],[-7,13],[-6,13],[-7,13],[-7,13],[-7,13],[-6,13],[-2,4]],[[7241,1662],[-2,3],[-6,13],[-6,13],[-4,8]],[[7202,1663],[-2,2],[-6,13],[-7,13],[-7,14],[-7,13],[-7,13],[-7,13],[-7,13],[-7,13],[-7,13],[-7,13],[-7,13],[-7,13],[-3,6]],[[7199,1990],[0,1],[-8,13],[-7,13],[-7,13],[-3,6]],[[7193,2074],[-4,8],[-6,13],[-6,13],[-6,13],[-6,13],[-6,13],[-6,13],[-5,13]],[[7167,2209],[-1,3],[-6,13],[-7,13],[-6,13],[-6,13],[-6,13],[-6,13],[-7,13],[-6,13],[-6,13],[-6,14],[-6,13],[-7,13],[-1,3]],[[7108,2404],[-2,4],[-7,13],[-7,13],[-7,13],[-7,13],[-7,13],[-6,13],[-5,8]],[[7070,2512],[-6,13],[-6,13],[-6,13],[-7,13],[-6,13],[-6,13],[-1,2]],[[7026,2576],[-1,1],[-5,13],[-5,13],[-1,3]],[[7011,2600],[-1,3],[-6,13],[-7,13],[-4,8]],[[6997,2639],[-1,3],[-5,10]],[[6987,2645],[-5,10],[-4,9]],[[6965,2647],[-3,8],[-6,13],[-2,4],[-3,9],[-4,13],[-2,8]],[[4975,815],[-2,-9],[0,-1]],[[4973,805],[-2,-12],[-2,-13],[-1,-13],[-1,-5]],[[4954,761],[-1,-7],[-1,-13],[-1,-13],[-1,-10]],[[4870,716],[-1,-1],[-1,-13],[-1,-13],[-2,-13],[-1,-11]],[[4836,666],[0,-3],[-2,-13],[-2,-13],[-2,-13],[-2,-13],[-1,-4]],[[4795,609],[-2,-11],[-1,-13],[-2,-13],[-1,-8]],[[4558,561],[0,-2],[-3,-13],[-3,-13],[-2,-13],[-3,-13],[-1,-4]],[[4490,505],[-2,-11],[-3,-13],[-2,-13],[-3,-13],[-2,-13],[0,-2]],[[4333,442],[-2,-13],[-2,-13],[-2,-14],[-2,-13]],[[7677,5270],[-9,-11],[-10,-13],[-11,-13],[-6,-8]],[[7650,5080],[-2,-3],[-7,-13],[-8,-13],[-4,-8],[-4,-5],[-9,-13],[0,-1],[-7,-12],[-1,-1]],[[7618,4953],[-4,-6],[-6,-10]],[[7628,4862],[-3,-7],[-4,-10]],[[7631,4813],[-5,-10],[-4,-8]],[[2163,4477],[14,1],[271,12]],[[2448,4444],[12,-5],[17,-7]],[[2477,4404],[78,-4],[78,-5]],[[2636,4553],[33,-10],[41,-13],[2,-1]],[[2060,5523],[0,-4],[1,-13],[0,-13],[1,-13],[0,-13],[1,-13],[0,-13],[1,-13],[0,-13],[1,-13],[0,-13],[1,-13],[0,-13],[0,-13],[1,-13],[0,-2]],[[2095,5349],[0,-12],[1,-13],[0,-13],[1,-13],[0,-13],[1,-13],[0,-13],[1,-13],[0,-13],[1,-13],[0,-13],[1,-13],[0,-13],[1,-13],[0,-13],[1,-13],[0,-13],[1,-13],[0,-13],[1,-13],[0,-13],[1,-13],[0,-13],[1,-13],[0,-13],[1,-13],[0,-13],[1,-13],[0,-13],[1,-13],[0,-13],[1,-13],[0,-13],[1,-13],[0,-1]],[[2137,4915],[1,-7],[1,-13],[0,-14],[1,-13],[1,-13],[1,-13],[0,-13],[1,-13],[1,-13],[1,-13],[0,-13],[1,-13],[1,-13],[1,-13],[1,-13],[0,-13],[1,-13],[1,-13],[1,-13],[0,-13],[1,-13],[1,-13],[1,-13],[0,-13],[1,-13],[1,-13],[1,-13],[1,-13],[0,-13],[1,-13],[1,-13],[1,-13],[0,-13],[1,-13],[0,-1]],[[9348,3745],[-17,-9],[-18,-10]],[[9313,3712],[-5,-2],[-23,-13],[-3,-2]],[[9283,3686],[-7,-2],[-27,-11]],[[9248,3691],[-13,-7],[-13,-7]],[[8949,5132],[3,10],[3,13],[1,2],[4,11],[4,8],[1,5],[4,13],[3,10],[1,3],[4,13],[4,13],[4,11],[0,2],[4,13],[3,13],[1,4],[1,9],[3,13],[2,13],[3,13],[2,13],[3,13],[1,4],[1,9],[1,13],[2,13],[0,3],[1,10],[0,13],[1,11],[0,2],[1,13],[1,13],[1,8],[0,5],[0,13],[0,13],[0,11],[0,2],[-1,13],[-1,14],[-1,13],[-1,13],[-2,13],[-1,11],[0,2],[-1,13],[-1,13],[0,1],[-2,12],[-1,13],[-1,5],[-1,8],[-2,12],[0,1],[-1,13],[-2,13],[0,1],[-2,12],[-1,8]],[[2728,5582],[-1,-10],[0,-1],[1,-12],[0,-4],[-2,-9],[-2,-13],[0,-14],[0,-9]],[[4540,8849],[2,4],[5,13],[5,13],[5,13],[5,13],[6,13],[6,13],[2,5]],[[4600,8933],[6,11],[6,13],[6,13],[6,13],[7,13],[6,13],[3,7],[7,6],[6,5]],[[2874,1320],[0,7],[-2,13],[-1,13],[-1,13],[-2,13]],[[2836,1361],[-1,5],[-3,13],[-2,13],[-3,13],[-2,13],[-3,13],[-2,13],[-3,13],[-1,9]],[[2713,1421],[-1,10],[-3,13],[-2,13],[-2,13],[-2,13],[-2,13],[-2,13],[-3,13],[-2,13],[-2,13],[-2,13],[0,3]],[[2662,1551],[-1,10],[-2,13],[-2,13],[-2,13],[-2,13],[-1,13],[-2,13],[-2,13],[-2,13],[-2,13],[-1,8]],[[2458,1632],[-1,7],[-2,13],[-2,13],[0,3]],[[2440,1665],[-1,13],[-1,13],[-1,14],[-2,13],[-1,13],[0,2]],[[2462,1733],[-1,11],[-2,13],[-1,13],[-2,13],[-1,13],[-2,13],[0,6]],[[2400,1795],[0,1],[-2,13],[-1,13],[-2,13],[-2,13],[-1,11]],[[2375,1854],[-1,7],[0,13],[-1,13],[0,13],[-1,13],[-1,13],[0,11]],[[2288,1909],[0,4],[-1,13],[0,13],[0,13],[-1,10]],[[2224,1956],[0,9],[0,13],[-1,10]],[[1943,2083],[0,-1],[-2,-13],[-2,-13],[-1,-13],[-2,-13],[-1,-13],[-2,-13],[-1,-13],[-2,-13],[-2,-13],[-1,-13],[-2,-13],[-1,-13],[-2,-13],[-1,-13],[-2,-13],[-2,-13],[-1,-13],[-2,-13],[-1,-13],[-2,-13],[-1,-13],[-2,-13],[-2,-13],[-1,-13],[-2,-13],[-1,-13],[-2,-13],[-1,-13],[-2,-13],[-2,-14],[0,-6]],[[1903,1683],[-1,-5],[-2,-13],[-2,-13],[-2,-13],[-3,-13],[-2,-13],[-2,-13],[-2,-10]],[[1901,1591],[0,-4],[-3,-13],[-2,-13],[-3,-13],[-2,-13],[-3,-13],[-2,-13],[-3,-13],[-2,-13],[-3,-13],[-2,-13],[-3,-13],[-2,-13],[-3,-13],[-2,-13],[-3,-13],[-2,-13],[-3,-13],[-1,-10]],[[1870,1356],[-1,-3],[-2,-13],[-2,-13],[-3,-13],[-2,-13],[-3,-13],[-2,-13],[-2,-13],[-3,-13],[-2,-13],[-3,-13],[-2,-13],[-2,-13],[-3,-13],[-2,-13],[-2,-13],[-3,-13],[-2,-13],[-3,-13],[-2,-13],[-2,-11]],[[1756,1126],[-2,-7],[-4,-13],[-4,-13],[-4,-13],[-4,-13],[-4,-14],[-4,-13],[-4,-13],[-4,-13],[-4,-13],[-4,-13],[-4,-13],[-5,-13],[-4,-13],[-4,-13],[-4,-13]],[[1727,908],[-2,-11],[-3,-13],[-3,-13],[-2,-13],[-3,-13],[-3,-13],[-3,-13],[-3,-13],[-2,-13],[-1,-3]],[[1642,811],[-2,-5],[-4,-13],[-4,-13],[-4,-13],[-5,-13],[-4,-13],[-4,-13],[-4,-13],[-4,-13],[-2,-4]],[[1380,810],[-1,-4],[-3,-13],[-3,-13],[-4,-13],[-1,-5]],[[1183,874],[-1,-3],[-4,-13],[-4,-13],[-4,-13],[-4,-13],[-4,-13],[-4,-13],[-4,-13],[-4,-13],[-5,-13],[-4,-13],[-4,-13],[-4,-13],[-4,-13],[-4,-13],[-4,-13],[-4,-13],[-4,-13],[-4,-13],[0,-1]],[[986,729],[-1,-1],[-6,-13],[-7,-13],[-6,-13],[-6,-13],[-6,-13],[-7,-13],[-6,-13],[-6,-13],[-7,-13],[-6,-13],[-5,-10]],[[907,593],[-3,-8],[-6,-13],[-5,-13],[-6,-13],[-6,-13],[-2,-6]],[[871,530],[-6,-10],[-7,-13],[-7,-13],[-7,-13],[-6,-13],[-7,-13],[-3,-5]],[[806,468],[-1,0],[-8,-13],[-8,-13],[-8,-13],[-8,-13],[-8,-14],[-8,-13],[-8,-13],[-9,-13],[-8,-13],[-8,-13],[-8,-13],[-2,-2]],[[649,374],[-8,-11],[-8,-13],[-9,-13],[-8,-13],[-9,-13],[-8,-13],[-9,-13],[-8,-13],[-5,-8]],[[514,312],[0,-1],[-9,-13],[-8,-13],[-9,-13],[-8,-13],[-9,-13],[-7,-11]],[[443,254],[-4,-8],[-6,-13],[-2,-2]],[[379,269],[-8,-10],[-10,-13],[-10,-13],[-11,-13],[-10,-13],[-11,-13],[-10,-13],[-10,-13],[-11,-13],[-10,-13],[-6,-7]],[[238,164],[-7,-9],[-10,-13],[-11,-13],[-10,-13],[-10,-13],[-11,-13],[-10,-13],[-10,-13],[-11,-13],[-10,-13],[-11,-13],[-10,-13],[-10,-12]],[[9881,184],[-4,-3],[-19,-13],[-20,-13],[-19,-13],[-1,-1]],[[9703,285],[-17,-13],[-18,-13],[-17,-13],[-15,-10]],[[9588,305],[-12,-7],[-23,-13],[-18,-10]],[[9065,4145],[-15,-29]],[[9824,3226],[-2,-11],[0,-2],[-1,-11],[-1,-13],[-1,-13],[-1,-6],[-1,-7],[-1,-13],[-1,-7],[0,-6],[-1,-13],[-1,-7],[0,-6],[-2,-13],[0,-10],[-1,-3],[0,-13],[-1,-13],[0,-1],[0,-12],[0,-8],[0,-5],[-1,-13],[0,-2],[0,-11],[0,-5],[0,-8],[2,-23]],[[9175,4148],[-5,-9],[-6,-13],[-6,-13],[-7,-13],[-1,-2]],[[9098,4165],[-7,-13],[-8,-13],[-2,-4]],[[9065,4145],[-3,-6],[-7,-13],[-5,-10]],[[1387,7676],[-5,-8],[-8,-13],[-4,-7]],[[1396,7615],[-5,-12],[-6,-13],[-6,-13],[-5,-13],[-1,-1]],[[1422,7515],[-1,-3],[-3,-13],[-2,-13],[-3,-13],[-2,-10]],[[1425,7455],[-2,-8],[-3,-14],[-3,-13],[-3,-13],[-3,-13],[-3,-13],[-3,-13],[-2,-13],[-3,-13],[-3,-13],[-3,-13],[-3,-13],[-3,-13],[-3,-13],[-3,-13],[-3,-13]],[[1430,7208],[-3,-9],[-2,-3]],[[1481,7149],[-1,-1],[0,-1],[0,-1],[0,-2],[-1,-1],[0,-2],[0,-2],[-1,-1],[0,-2],[0,-1],[0,-1],[0,-1],[-1,-2],[0,-1],[0,-2],[-1,-2],[0,-1],[0,-2],[-1,-2],[0,-1],[0,-2],[-1,-2],[0,-1],[0,-2],[0,-2],[-1,-1],[0,-2],[0,-1],[-1,-2],[0,-2],[0,-1],[-1,-2],[0,-2],[0,-1],[-1,-2],[0,-2],[0,-1],[0,-2],[-1,-2],[0,-1],[0,-2],[-1,-2],[0,-1],[0,-2],[-1,-2],[0,-1],[0,-2],[-1,-1],[0,-2],[0,-2],[0,-1],[-2,-11]],[[1459,7058],[0,-1],[0,-1],[0,-1],[0,-2],[0,-1],[0,-2],[0,-2],[0,-1],[0,-2],[0,-2],[0,-1],[0,-2],[0,-2],[0,-1],[0,-2],[0,-2],[0,-1],[0,-2],[0,-2],[0,-1],[-1,-2],[0,-2],[0,-1],[0,-2],[0,-2],[0,-1],[0,-2],[0,-1],[0,-2],[0,-2],[0,-1],[0,-2],[0,-2],[0,-1],[0,-2],[0,-2],[0,-1],[0,-2],[0,-2],[0,-1],[0,-2],[-1,-1],[0,-1],[0,-1],[0,-2],[0,-2],[0,-1],[0,-2],[0,-2],[0,-1],[0,-1],[0,-1]],[[1831,6376],[-6,-10],[-4,-8]],[[1838,6324],[-5,-10],[-2,-7]],[[1836,6294],[-2,-5],[-1,-3],[-1,-3]],[[1912,6129],[-3,-11],[-3,-11]],[[1932,6061],[-1,-1],[-2,-7],[-3,-11]],[[1952,6009],[-3,-8],[-4,-13]],[[1969,5954],[-2,-5],[-5,-13],[-3,-9]],[[1988,5885],[0,-1],[-4,-13],[-5,-13],[0,-1]],[[2163,4477],[-5,-12],[-1,-13],[-2,-13],[-2,-13],[-1,-13],[-2,-13],[-1,-13],[-2,-13],[-2,-13],[-1,-13],[-2,-13],[-1,-13],[-2,-13],[-2,-13],[-1,-13],[-2,-13],[-1,-13],[-2,-14],[-1,-13],[-2,-13],[-2,-13],[-1,-13],[-2,-13],[-1,-13],[-2,-13],[-2,-13],[-1,-13],[-2,-13],[-1,-13],[-2,-13],[-2,-13],[0,-7]],[[2085,4071],[-2,-10],[-1,-13],[-2,-13],[-2,-13],[-2,-13],[-1,-12]],[[2038,4008],[-1,-12],[-1,-13],[-2,-13],[-1,-13],[-1,-13],[-2,-13],[-1,-13],[-1,-13],[-2,-13],[-1,-13],[-2,-13],[-1,-13],[-1,-13],[-2,-13],[0,-7]],[[1976,3837],[-1,-10],[-1,-13],[-2,-13],[-1,-13],[0,-4]],[[1932,3792],[-1,-4],[-2,-13],[-1,-13],[-2,-13],[-2,-13],[-2,-13],[-2,-13],[-1,-13],[-2,-13],[-2,-13],[-2,-13],[-2,-13],[-2,-13],[-1,-13],[-2,-14],[-2,-13],[-2,-13],[-2,-13],[-1,-13],[-2,-13],[-2,-13],[-2,-13],[-2,-13],[-1,-13],[-2,-13],[-2,-13],[-1,-6]],[[1874,3455],[0,-6],[-1,-13],[-2,-13],[-1,-13],[-1,-13],[-1,-13],[-2,-13],[-1,-13],[-1,-13],[-1,-13],[-2,-13],[-1,-13],[-1,-13],[-1,-13],[-2,-13],[-1,-13],[-1,-13],[-1,-13],[-2,-13],[-1,-13],[-1,-13],[-1,-13],[-1,-13],[-2,-13],[-1,-13],[-1,-13],[-1,-13],[-2,-13],[-1,-13],[-1,-13],[-1,-13],[-2,-13],[-1,-13],[-1,-13],[-1,-13],[-2,-13],[-1,-13],[-1,-14],[-1,-13],[-2,-13],[-1,-13],[-1,-13],[-1,-6]],[[1810,2894],[1,-5],[1,-13],[1,-13],[1,-13],[1,-13],[1,-13],[1,-8]],[[1777,2792],[0,-7],[1,-13],[0,-13],[1,-13],[1,-13],[1,-13],[0,-13],[1,-13],[1,-13],[0,-13],[1,-6]],[[1888,2594],[0,-4],[0,-13],[-1,-13],[0,-13],[-1,-13],[0,-13],[-1,-13],[0,-13],[0,-13],[-1,-13],[0,-13],[-1,-13],[0,-13],[-1,-13],[0,-13],[-1,-13],[0,-13],[-1,-13],[0,-13],[-1,-13],[0,-14],[-1,-13],[0,-13]],[[1893,2295],[0,-5],[0,-13],[-1,-13],[0,-13],[-1,-13],[0,-13],[-1,-13],[0,-13],[-1,-13],[0,-13],[-1,-13],[0,-13],[-1,-13],[0,-13],[-1,-13],[0,-13],[0,-2]],[[8699,4433],[0,6],[0,13],[0,13],[0,13],[0,3],[0,10],[0,13],[1,13],[0,13],[0,13],[1,11],[0,2],[0,13],[0,13],[0,13],[0,13],[0,13],[0,13],[0,2],[0,11],[1,13],[0,13],[0,13],[0,13],[1,13],[0,1]],[[4192,388],[0,1],[0,13],[-1,14],[0,13],[-1,13],[-1,13],[0,13],[-1,13],[0,13],[-1,13],[0,13],[-1,13],[-1,13],[0,13],[-1,11]],[[4163,570],[0,2],[0,13],[-1,13],[0,13],[0,13],[-1,13],[0,13],[0,13],[-1,13],[0,7]],[[4150,686],[0,3],[0,13],[0,13],[0,13],[0,13],[0,13],[0,13],[0,13],[0,2]],[[4796,9732],[4,6],[8,13],[8,13],[16,13],[17,13],[37,13],[38,13],[0,1],[42,11]],[[4800,8973],[168,62],[30,13]],[[8581,6334],[-19,-60],[-16,-46],[-20,-44],[-25,-53],[-24,-48],[-23,-36],[-18,-19]],[[1975,2078],[-11,93],[-11,93]],[[1888,2591],[2,78],[2,79],[1,80],[2,80]],[[4176,6973],[0,7],[0,10],[1,11],[0,16],[0,13],[0,13],[0,12],[0,1],[1,13],[0,13],[0,12],[0,1],[2,13],[2,13],[2,13],[2,13],[2,12],[0,1],[4,13],[3,13],[3,13],[0,2],[3,11],[2,13],[3,13],[2,12],[1,1],[3,13],[4,13],[3,13],[3,11],[1,2],[2,13],[2,13],[2,13],[2,9],[0,4],[3,13],[2,13],[2,10],[0,3],[-1,13],[-1,13],[0,13],[-1,14],[0,1],[-3,12],[-3,13],[-2,13],[-4,13],[-4,13],[-4,13],[-3,10],[-1,3],[-5,13],[-4,13],[-5,13],[0,1],[-4,12],[-4,13],[-3,13],[-1,1],[-4,12],[-4,13],[-2,7],[-1,6],[-3,13],[-3,13],[-2,10],[-1,3],[-1,12],[0,5],[0,4],[0,4],[0,2],[0,1],[0,5]],[[4168,6895],[-11,-67]],[[4155,6826],[-3,-8]],[[4147,6818],[-6,-12]],[[4128,6807],[-5,-15]],[[4122,6791],[-2,-14]],[[4109,6780],[-2,-9]],[[4103,6773],[-6,-32]],[[4092,6751],[-2,-8]],[[4083,6744],[-2,-9]],[[4077,6735],[-6,-23]],[[4066,6715],[-3,-9]],[[4063,6706],[-5,-14]],[[4057,6694],[-5,-20]],[[4049,6677],[-5,-30]],[[4036,6643],[-8,-31]],[[3989,6624],[-8,-31]],[[3977,6590],[-3,-9]],[[3971,6580],[-7,-25]],[[3963,6555],[-8,-27]],[[3952,6526],[-2,-5]],[[3908,6536],[-6,-45]],[[3898,6487],[-24,-84]],[[3870,6403],[-12,-38]],[[3851,6368],[-20,-87]],[[3816,6288],[-21,-83]],[[3792,6204],[-10,-41]],[[3781,6162],[-14,-61]],[[3765,6098],[-9,-58]],[[3753,6040],[-5,-25]],[[3746,6017],[-8,-47]],[[3734,5969],[-4,-14]],[[3727,5956],[-7,-28]],[[3718,5926],[-5,-39]],[[3755,5871],[-13,-121]],[[3740,5748],[1,-34]],[[3739,5715],[-8,-40]],[[3735,5678],[-9,-62]],[[3724,5616],[-4,-54]],[[3716,5561],[-2,-32]],[[3712,5527],[0,-51]],[[3711,5476],[-2,-71]],[[3708,5407],[-3,-75]],[[3752,5315],[-3,-34]],[[3752,5279],[7,-120]],[[3776,5150],[-4,-34]],[[3790,5107],[1,-68]],[[3865,5029],[2,-43]],[[3872,4984],[8,-97]],[[4132,7738],[0,24]],[[4030,7780],[-5,30]],[[4021,7811],[4,69]],[[4018,7882],[12,95]],[[4036,7978],[21,51],[21,47],[21,46],[24,38],[25,43],[26,35],[24,36],[23,31],[28,35],[23,37],[24,36],[24,36],[19,28],[9,13],[5,5],[5,3],[5,3],[5,2],[8,3],[5,2],[7,2],[6,3],[13,5],[5,4],[2,3],[3,3],[2,3],[4,8],[3,6],[4,6],[4,5],[5,5],[5,5]],[[5020,9843],[43,12],[44,13],[23,7],[36,6],[72,13],[72,13],[86,13],[86,13],[107,13],[107,13],[203,7],[56,6],[113,13],[261,14],[386,0],[1,0],[241,-14],[132,-13],[65,-6],[77,-7],[76,-6],[46,-7],[92,-13],[45,-6],[46,-7],[91,-13],[107,-13],[54,-6],[65,-7],[65,-6],[42,-7],[83,-13],[61,-13],[61,-13],[41,-13],[42,-13],[20,-6],[0,-7],[-1,-13],[-1,-13],[-1,-6],[7,-7],[14,-13],[14,-13],[7,-6],[3,-7],[7,-13],[6,-13],[3,-6],[6,-7],[10,-13],[10,-13],[11,-13],[7,-13],[8,-13],[4,-7],[6,-6],[12,-13],[12,-13],[6,-7],[6,-6],[13,-13],[6,-7],[6,-6],[11,-13],[11,-13],[12,-13],[13,-13],[8,-13],[79,-108],[70,-96],[60,-93]],[[9880,3074],[2,59],[4,28],[1,18],[1,13],[0,12]],[[9882,3259],[-1,-18],[-2,-13],[-1,-13],[-1,-17],[0,-10],[0,-6]],[[9836,3000],[-1,-33],[-1,-13],[-1,-13],[-1,-13],[-2,-68]],[[3301,214],[27,19],[30,24],[35,30],[24,24],[38,39]],[[5004,9029],[53,19],[28,7],[16,6],[31,13],[108,74],[4,58],[-16,44],[-28,35],[-7,34],[7,27],[9,26],[2,43],[-26,29],[-34,20],[-36,29],[-5,29],[-38,19],[-37,7],[-36,4]],[[1996,5830],[-3,-15],[-3,-22],[-3,-13],[-2,-13],[-3,-13],[-3,-13],[-3,-13],[-2,-12]],[[1979,5710],[0,-1],[-3,-13],[-3,-13],[-3,-13],[-3,-13],[-2,-13],[-3,-13],[0,-1]],[[3511,350],[2,26]],[[3573,383],[2,32]],[[4001,390],[-5,-11]],[[3153,441],[16,54]],[[3176,578],[-25,-70]],[[3186,419],[-17,-49]],[[6186,5104],[-31,272],[-14,44],[-15,25],[-35,141],[-26,58],[-13,140],[-39,112]],[[6009,5973],[-60,163],[0,2]],[[6005,5967],[9,-35]],[[6009,5922],[8,-19]],[[4182,6969],[-3,-47]],[[4176,6925],[-1,-8]],[[4174,6918],[-3,-26]],[[4519,8851],[-21,-56],[-20,-57],[-19,-60]],[[6186,5104],[11,6]],[[4510,8550],[10,11],[4,4],[2,2],[2,3],[2,2],[3,4],[2,3],[1,2],[1,1],[0,2],[1,2],[0,14],[1,10],[0,13],[0,14]],[[9998,2448],[1,0],[-1,0],[0,-1],[0,-1],[0,-1],[-1,-1],[0,-1],[0,-1],[0,-1],[-1,0],[0,-1],[0,-1],[0,-1],[0,-1],[-1,0],[0,-1],[0,-1],[0,-1],[0,-1],[-1,0],[0,-1],[0,-1],[0,-1],[-1,-1],[0,-1],[0,-1],[0,-1],[-1,-1],[0,-1],[0,-1],[0,-1],[-1,0],[0,-1],[0,-1],[0,-1],[0,-1],[-1,0],[0,-1],[0,-1],[0,-1],[0,-1],[-1,0],[0,-1],[0,-1],[-11,-60],[-12,-61],[-11,-59],[-12,-60],[-5,-33],[-14,-52]],[[114,3205],[-21,-102],[-10,-74],[-11,-73],[-10,-66],[-9,-66],[-9,-69],[-8,-69],[-7,-113],[-1,-10],[0,-5],[0,-1],[0,-1],[-1,0],[0,-1],[0,-1],[0,-1],[-1,-2],[0,-1],[0,-1],[0,-1],[-1,-1],[0,-1],[0,-1],[0,-1],[-1,-1],[0,-1],[0,-1],[0,-1],[-1,0],[0,-1],[0,-1],[0,-1],[0,-1],[-1,0],[0,-1],[0,-1],[0,-1],[0,-1],[-1,0],[0,-1],[0,-1],[0,-1],[-1,-1],[0,-1],[0,-1],[0,-1],[-1,-1],[0,-1],[0,-1],[0,-1],[-1,-1],[0,-1],[0,-1],[0,-1],[-1,0],[0,-1],[0,-1],[0,-1],[0,-1],[-1,0],[0,-1],[0,-1],[0,-1],[0,-1],[-1,0],[0,-1],[0,-1],[0,-1],[0,-1],[-1,0],[0,-1],[0,-1],[0,-1],[-1,-1],[0,-1],[0,-1],[0,-1],[-1,0],[0,-1],[0,-1],[0,-1],[0,-1],[-1,0],[0,-1],[0,-1],[0,-1],[0,-1],[-1,0],[0,-1],[0,-1],[0,-1],[0,-1],[-1,0],[0,-1],[0,-1],[0,-1],[-1,-1],[0,-1],[0,-1],[0,-1],[-1,0],[0,-1],[0,-1],[0,-1],[0,-1],[-1,0],[0,-1],[0,-1],[0,-1],[0,-1],[-1,0],[0,-1],[0,-1],[0,-1],[-1,-1],[0,-1],[0,-1],[0,-1],[-1,-1],[0,-1],[0,-1],[0,-1],[-1,0],[0,-1],[0,-1],[0,-1],[0,-1],[-1,0],[0,-1],[0,-1],[0,-1],[0,-1],[-1,0],[0,-1],[0,-1],[0,-1],[0,-1]],[[4457,6748],[31,-4],[31,-3],[32,-3],[31,-4],[31,-3],[31,-4],[32,-3],[38,-2],[21,4],[16,6],[15,7],[11,0],[8,0],[10,-5],[10,-12],[19,-17],[16,-16],[8,-9],[6,0],[8,14],[1,2],[0,2]],[[6889,4019],[29,2],[28,1],[28,2],[28,1],[28,2],[28,1],[29,2],[28,1],[28,9],[29,10],[28,9],[29,9],[28,18],[29,18],[28,18],[34,31],[34,30],[33,30],[29,28],[28,27],[29,27],[28,28],[25,34],[25,34],[26,35],[28,54]],[[3343,5313],[11,3],[8,1],[30,6],[29,6],[29,6],[30,6],[29,6],[29,7],[30,6],[29,6],[30,6],[29,6],[29,6],[23,4]],[[2824,4807],[15,58],[17,68]],[[8712,9169],[101,-234],[45,-170],[42,-119],[27,-35],[18,-22],[15,-17],[29,-38],[26,-38],[64,-60]],[[7541,4914],[3,-35],[3,-21],[3,-17],[3,-20],[3,-17],[2,-18],[3,-19],[3,-20],[2,-22],[2,-16],[3,-19],[1,-22],[4,-28],[3,-19],[5,-17],[5,-17],[6,-20],[5,-16],[6,-16],[6,-13],[6,-15],[7,-7],[5,-8],[8,-10],[6,-6],[7,-9],[6,-12],[9,-11],[4,-12],[3,-10],[5,-14],[4,-12],[3,-13],[4,-18],[5,-21],[3,-20],[3,-13],[4,-14],[4,-15],[5,-17],[5,-17],[5,-16],[4,-13],[4,-11],[7,-19],[4,-13],[6,-18],[6,-19],[6,-16],[4,-17],[8,-25],[7,-19],[5,-21],[5,-17],[6,-23],[6,-14],[7,-22],[6,-13],[6,-19],[7,-20],[7,-15],[7,-18],[8,-15],[7,-11],[11,-7],[8,-6],[8,-8],[9,-10],[5,-7],[6,-6],[5,-7]],[[7908,3803],[3,-4],[3,-2],[5,-7],[6,-10],[7,-10],[8,-9],[11,-11],[5,-7],[6,-11],[8,-12],[6,-5],[9,-16],[2,-2],[6,-7],[7,-6],[7,-2],[7,-3],[7,-2],[8,-5],[11,-3],[6,0],[9,-3],[6,-4],[12,-1],[9,0],[9,-7],[14,-2],[7,-1],[7,0],[14,-9],[9,-3],[7,-4],[9,-1],[8,-2],[8,-3],[10,-1],[9,-8],[9,-1],[10,-5],[14,-3],[9,-3],[6,-1],[13,3],[7,-5],[10,-1],[10,-3],[9,-5],[9,-1],[9,-2],[9,-6],[12,-3],[10,-1],[11,-1],[8,2],[12,4],[10,0],[8,4],[15,10],[10,5],[10,10],[7,8],[6,7],[12,13],[9,11],[5,10],[11,11],[7,11],[7,5],[6,8],[9,8],[9,9],[11,9],[9,11],[9,9],[7,5],[8,3],[8,6],[8,1],[9,1],[10,2],[9,6],[9,3],[9,1],[11,6],[6,7],[6,9],[9,13],[4,11],[8,12],[6,9],[5,15],[6,19],[4,10],[6,19],[4,8],[5,11],[4,11],[6,13],[4,13]],[[8383,5950],[-3,2],[-2,1],[-2,0],[-1,1],[-1,1],[-2,-1],[-3,-5],[-3,-15],[-1,-12],[-1,-9],[-1,-12],[-2,-11],[-2,-9],[-3,-11],[-4,-28],[-2,-26],[1,-22],[2,-27],[-1,-18],[-1,-21],[-3,-21],[-3,-24],[-3,-20],[-2,-12],[-4,-18],[-4,-18],[-4,-15],[-5,-17],[-3,-9],[-8,-18],[-3,-11],[-2,-21],[0,-13],[1,-31],[-1,-29],[0,-22],[0,-27],[1,-21],[-1,-21],[0,-15],[-1,-19],[-2,-24],[1,-12],[3,-16],[2,-23],[4,-13],[4,-11],[4,-9],[4,-6],[6,-14]],[[8480,4312],[3,19],[3,14],[4,21],[3,16],[3,25],[5,29],[3,22],[2,16],[1,16],[3,18],[2,17],[2,16],[1,16],[1,20],[1,25],[1,15],[-1,20],[-1,17],[0,18],[-2,17],[-1,22],[-3,26]],[[8383,5950],[8,-23],[12,-31],[12,-27],[10,-19],[12,-6],[14,5],[12,6],[13,9],[12,13],[13,13],[16,16],[14,18],[13,21],[10,16],[9,19],[12,23],[13,21],[10,22],[10,28],[8,21],[7,21],[8,27],[10,31],[6,17],[10,37],[7,27],[9,34],[9,34],[7,22],[6,16],[10,18],[14,25],[10,14],[8,11],[15,13],[13,13],[16,15],[11,10],[13,16],[12,19],[12,18],[4,12],[3,10],[3,14],[5,21],[2,11],[1,11],[2,10],[1,3],[2,3],[3,4],[1,1],[0,3],[1,5],[1,7],[1,8]],[[7697,6181],[-7,-10],[-5,-9],[-6,-11],[-14,-16],[-14,-23],[-19,-33],[-6,-14],[-7,-15],[-9,-29],[-4,-17],[-7,-26],[-5,-17],[-3,-22],[-4,-19],[-2,-16],[-1,-12],[0,-19],[0,-14],[1,-21],[-1,-24],[1,-17],[0,-18],[0,-18],[2,-21],[6,-29],[5,-32],[1,-21],[3,-10],[1,-18],[1,-15],[2,-18],[0,-20],[-1,-21],[0,-16],[-3,-28],[-3,-21],[-3,-28],[0,-16],[-2,-18],[-2,-13],[-2,-20],[-2,-18],[-3,-20],[-3,-11],[-4,-19],[-9,-25],[-6,-18],[-5,-17],[-4,-19],[-5,-25],[-2,-20],[-3,-21],[-1,-21],[-1,-21],[1,-21],[-1,-25],[-1,-25],[-2,-26],[0,-20],[0,-21],[0,-20],[0,-25],[0,-23],[2,-21]],[[2080,5553],[4,-5],[9,-9],[10,-16],[10,-11],[6,-8],[9,-10],[7,-11],[7,-10],[5,-5],[26,-24],[6,-4],[26,-25],[5,-4],[13,-9],[16,-14],[19,-14],[12,-9],[17,-8],[15,-7],[14,-5],[9,-5],[6,-2],[6,-5],[7,-8],[4,-3],[2,-2]],[[2350,5320],[13,-15],[10,-13],[13,-17],[7,-8],[8,-9],[9,-12],[8,-12],[5,-7],[23,-26],[15,-15],[15,-14],[10,-9],[14,-13],[9,-6],[14,-13],[12,-14],[6,-5],[6,-8],[7,-14],[7,-13],[28,-53],[15,-28],[9,-16],[6,-13],[14,-25],[10,-16],[9,-20],[8,-15],[7,-14],[6,-12],[9,-18],[6,-16],[6,-12],[6,-15]],[[2824,4806],[1,-14],[1,-8],[1,-14],[1,-18],[0,-15],[0,-26],[-1,-18],[-2,-19],[-1,-13],[-4,-18],[-4,-14],[-7,-20],[-6,-19],[-10,-26],[-6,-26],[-7,-31],[-5,-19],[-2,-8],[-4,-15],[-4,-19],[-4,-20],[-4,-18],[-4,-18],[-2,-11],[-3,-17],[-2,-20],[-3,-27],[-3,-29],[-3,-22],[-1,-23],[-1,-24],[0,-30],[-3,-24],[-2,-17],[-3,-18],[-2,-19],[-1,-28],[0,-28],[-1,-30],[0,-20],[1,-25],[1,-18],[3,-29],[3,-24],[1,-15],[4,-19],[4,-21],[4,-24],[4,-27],[6,-36],[6,-29],[8,-31],[6,-33],[15,-59],[13,-41],[5,-18],[9,-32],[4,-17],[6,-21],[13,-39],[21,-49],[22,-52],[14,-37],[14,-24],[13,-19],[22,-39],[14,-23],[14,-32],[11,-27],[11,-24],[9,-28],[6,-32],[6,-47],[4,-21],[1,-31],[-2,-37],[-3,-35],[-3,-41],[-3,-74],[-4,-77],[-1,-32],[-2,-50],[-1,-26],[-5,-39],[-6,-44],[-4,-32],[-4,-27],[-2,-44],[-2,-31],[-1,-48],[-1,-25],[-1,-21],[2,-17],[-1,-23],[-2,-22],[-3,-24],[-4,-29],[-4,-20],[-4,-25],[-5,-17],[-4,-20],[-3,-17],[-4,-25],[-4,-16],[-3,-10],[-7,-36],[-4,-22],[-3,-20],[-2,-24],[-3,-22],[-2,-14],[-2,-35],[-3,-28],[0,-23],[0,-23],[-1,-23],[1,-13],[1,-18],[-3,-25],[-3,-25],[-4,-33],[-5,-43],[-2,-31],[-2,-21],[-2,-30],[-3,-52],[0,-36],[-2,-19],[-3,-31]],[[9403,837],[-1,-9],[-2,-13],[-4,-19],[-2,-20],[-3,-20],[-3,-24],[-3,-24],[-6,-25],[-1,-17],[0,-25],[-3,-29],[-2,-17],[0,-21],[4,-20],[2,-15],[8,-21],[4,-14],[16,-21],[12,-16],[11,-10],[10,-20],[5,-15],[9,-13],[19,-38],[6,-12],[33,-47]],[[9610,1401],[-3,-7],[-3,-6],[-5,-10],[-2,-13],[-5,-16],[-4,-19],[-6,-19],[-2,-15],[-4,-21],[-4,-15],[-4,-19],[-3,-18],[-3,-17],[-3,-20],[-4,-16],[-2,-27],[-4,-16]],[[9343,3804],[3,-6],[5,-6],[6,-11],[6,-7],[9,-9],[5,-11],[5,-6],[6,-4],[9,-5],[11,-8],[5,-6],[8,-12],[9,-11],[5,-11],[8,-9],[6,-11],[6,-10],[8,-13],[9,-18],[9,-13],[9,-13],[8,-7],[9,-1],[10,1],[12,7],[11,6],[8,8],[8,4],[7,2],[6,2],[7,-2],[7,-5],[7,-14],[4,-17],[3,-12],[5,-23],[3,-23],[3,-25],[0,-19],[5,-27],[2,-20],[1,-58],[-1,-20],[1,-19],[2,-17],[2,-18],[3,-16],[5,-17],[4,-11],[2,-14],[2,-8],[6,-18],[3,-18],[2,-17],[4,-30],[2,-14],[4,-27],[4,-30],[3,-25],[5,-12],[4,-21],[5,-22],[4,-20],[6,-26],[7,-22],[10,-26],[8,-19],[5,-10],[7,-11],[9,-15],[7,-11],[7,-5],[10,-4],[12,0],[10,-1],[10,1],[11,4],[9,7],[6,7],[4,1],[10,3]],[[9343,3804],[-2,6]],[[9341,3810],[-7,14],[-8,10],[-7,11],[-10,14],[-5,9],[-5,9]],[[9299,3877],[-4,19],[-7,22],[-6,24],[-7,18],[-5,14],[-8,24],[-5,16],[-9,21],[-6,18],[-6,14],[-7,13]],[[8943,6551],[-1,15],[0,18],[2,20],[3,20],[4,18],[4,18],[5,16],[5,14],[6,19],[8,18],[5,23],[8,21],[5,20],[3,25],[1,26],[2,36],[1,24],[3,24],[2,16],[0,20],[2,26],[1,7],[1,9]],[[8921,5057],[9,7],[8,10],[10,8],[11,4],[11,2],[10,1],[9,6],[9,12],[9,8],[8,10],[7,7],[8,12],[8,14],[8,12],[8,12],[6,14],[8,16],[5,14],[5,16],[6,14],[3,18],[3,18],[4,18],[4,18],[2,22],[2,25],[1,27],[1,26],[0,23],[2,26],[0,23],[0,26],[-1,29],[-3,33],[-3,29],[-4,28],[-6,24],[-2,20],[-5,27],[-4,19],[-4,18],[-7,15],[-9,19],[-7,13],[-7,12],[-10,13],[-8,19],[-8,8],[-6,17],[-7,14],[-9,21],[-6,22],[-7,23],[-3,15],[-1,15]],[[9013,7004],[2,7],[6,11],[23,29],[14,14],[13,16],[15,19],[14,20],[13,16],[9,13],[11,18],[10,16],[8,11],[11,15],[10,11],[13,9],[9,11],[15,13],[7,11],[8,8],[8,11],[13,15],[10,17],[9,15],[12,19],[10,14],[13,26],[11,21],[9,19],[14,27],[12,19],[11,19],[10,18],[11,17],[10,18],[11,17],[10,14],[10,20],[14,27],[9,19],[11,27],[12,22],[4,17],[5,17],[5,19],[5,15],[9,14],[9,10],[13,17],[6,17],[7,16],[7,15],[6,21],[3,15],[2,9],[3,15],[4,15],[3,10],[5,8],[2,3],[1,2]],[[8703,4713],[6,16],[9,18],[7,21],[6,20],[6,20],[3,14],[3,10],[2,17],[2,6],[0,1]],[[8787,4818],[4,1],[6,4],[6,4],[5,8],[6,8],[5,13],[7,24],[3,16],[4,22],[5,26],[5,12],[3,21],[2,18],[1,23],[2,16],[1,14],[2,14],[3,7]],[[8979,5979],[-1,22],[-1,27],[4,33],[0,22],[1,27],[-1,26],[-3,22],[-1,24],[-2,19],[-3,18],[-3,17],[-3,23],[-4,24],[-3,15],[-4,24],[-2,13],[-2,21],[-1,27],[-1,17],[0,26],[-2,24],[-1,18],[-1,22],[1,22],[-1,15],[-1,15],[-1,9]],[[4286,391],[3,3],[3,3],[5,15],[8,13],[5,16],[6,18],[5,13],[5,13],[3,16],[3,23],[0,19],[0,20],[0,24],[-3,23],[0,14],[-3,17],[-2,17],[-6,14],[-5,18],[-5,10],[-8,14],[-17,11],[-10,14],[-14,7]],[[9092,3891],[6,-3],[3,-2],[6,-2],[7,-5],[9,0],[7,-5],[7,2],[9,1],[6,1],[11,4],[8,4],[6,9],[9,8],[5,8],[6,7],[6,9],[5,6],[6,9],[5,8],[5,4],[6,7],[6,9],[7,0],[5,-2],[6,-7],[6,-7],[4,-10],[7,-11],[4,-5],[5,-11],[6,-14],[4,-12],[5,-9],[4,-5]],[[3204,5032],[-15,34],[-18,35],[-32,51],[-30,36],[-6,7],[-7,7],[-6,2],[-5,2],[-110,22],[-8,-1],[-6,-3],[-5,-6],[-7,-9],[-34,-88],[-15,-30],[-2,-4],[-2,-4],[-2,-6],[-1,-7],[-4,-7],[-4,-8],[-2,-6],[-2,-6],[-3,-5],[-4,-5],[-2,-8],[-2,-4],[-3,-8],[-2,-6],[-1,-7],[-1,-10],[0,-9],[-2,-11],[0,-8],[-2,-11],[0,-8],[-3,-10]],[[2856,4933],[-6,17],[-6,18],[-7,25],[-6,16],[-10,10],[-13,1],[-16,-3],[-15,-8],[-17,-16],[-11,-13],[-16,-22]],[[9814,7702],[11,-7],[7,-3],[11,-9],[12,-8],[12,-4],[19,-7],[15,-7],[15,-6],[18,-7],[19,-9],[25,-10],[20,-3]],[[4986,6690],[13,9]],[[4999,6699],[6,5],[8,7],[8,6],[9,7],[18,6],[18,7],[14,6],[13,7],[37,0],[13,6],[14,7],[36,0],[23,-7],[25,13],[22,7],[25,0],[11,-7],[11,-6],[5,-7],[8,-5],[8,-3],[10,-1],[14,1],[8,2],[6,2],[7,5],[3,3],[2,1],[3,3],[8,5],[9,5],[7,7],[5,5],[7,5],[1,0],[2,0],[1,-3],[6,-18],[7,-15],[1,-2],[2,-2],[1,0],[17,18],[13,21],[7,14],[5,10],[6,17],[3,8],[2,9],[2,8],[2,6],[1,5],[1,5],[0,4],[1,5],[0,2],[-1,2],[0,2],[-1,2]],[[7007,6632],[0,1],[8,0],[6,-6],[0,-1],[8,-6],[6,-7],[8,-6],[2,-7],[4,-13],[8,-13],[8,-12],[0,-1],[6,-13],[8,-13],[6,-13],[8,-6],[3,-7],[3,-6],[4,-7],[4,-6],[6,-7],[8,-13],[6,-13],[5,-13],[6,-13],[2,-7],[6,-6],[8,-13],[6,-13],[5,-7],[5,-6],[4,-7],[5,-6],[9,-13],[5,-13],[6,-7],[3,-6],[2,-7],[9,-6],[5,-13],[6,-13],[8,-7],[3,-6],[3,-7],[5,-6],[6,-7],[5,-6],[9,-7],[2,-6],[3,-7],[6,-6],[5,-7],[6,-6],[8,-7],[6,-6],[5,-7],[6,-6],[5,-7],[6,-6],[6,-7],[8,0],[5,-7],[6,-6],[6,0],[5,-7],[6,-6],[5,0],[6,-7],[8,-6],[6,0],[5,0],[6,-7],[5,0],[6,0],[5,-6],[6,0],[6,0],[11,-6],[0,-1],[14,1],[5,-1],[6,-6],[5,0],[6,0],[11,0],[5,0],[6,0],[8,0],[6,6],[5,1],[6,-1],[6,1],[5,-1],[6,1],[5,-1],[9,1],[5,-1],[6,1],[0,-1],[5,7],[6,0],[5,0],[6,0],[5,0],[9,0],[8,9],[12,9],[11,12],[11,12],[7,9],[9,7],[10,9],[9,6],[11,3],[7,-3],[3,-4]],[[8517,4290],[-3,17],[-2,22],[0,18],[-1,19],[0,23],[1,18],[1,17],[2,24],[3,23],[7,44],[4,29]],[[8528,4545],[5,48],[2,42],[0,1]],[[4863,6698],[1,-1],[11,-6],[13,-6],[22,-13],[28,-7],[25,7],[23,18]],[[8828,6759],[-1,24],[-2,34],[1,25],[1,21],[1,16],[3,16],[6,27],[4,26],[5,16],[3,9],[4,9],[4,8],[4,12],[2,9],[1,8],[0,10],[0,10],[0,8],[-2,5],[-2,4],[-4,5],[-4,4],[-2,8],[0,5],[3,6],[3,8],[3,7],[2,8],[3,18],[7,35],[3,26],[6,39],[8,65],[15,96],[12,88],[5,42],[4,42],[3,40],[2,39],[2,42],[-1,14],[1,29],[0,39],[0,30],[1,39],[1,36],[3,26]],[[6063,6828],[5,7],[14,13],[9,13],[5,6],[6,7],[11,13],[16,13],[25,0],[13,-13],[7,-7],[3,-6],[7,-13],[6,-13],[3,-7],[6,-6],[11,-13],[6,-13],[5,-14],[4,-13],[4,-13],[5,-13],[4,-13],[4,-13],[4,-13],[7,-13],[7,-12],[0,-1],[6,-13],[5,-13],[3,-6],[3,-7],[5,-13],[6,-12],[0,-1],[4,-13],[4,-13],[5,-13],[4,-13],[2,-6],[3,-7],[6,-13],[5,-13],[3,-6],[1,-7],[4,-13],[3,-13],[3,-13],[5,-13],[5,-13],[4,-13],[3,-7],[2,-6],[4,-13],[4,-13],[4,-13],[2,-7],[2,-6],[3,-13],[3,-13],[3,-13],[3,-13],[5,-13],[5,-13],[4,-13],[3,-7],[2,-6],[5,-13],[4,-13],[4,-13],[5,-13],[2,-7],[2,-6],[5,-13],[5,-13],[5,-13],[4,-14],[5,-13],[5,-13],[2,-6],[4,-7],[6,-13],[6,-13],[6,-13],[3,-6],[14,-7],[14,-6],[22,-7],[25,-13],[28,-13],[31,-13],[16,-13],[9,0],[22,-13],[6,-6],[5,0],[3,6],[3,-6],[5,0],[6,0],[5,6],[6,0],[5,-6],[6,0],[8,0],[6,0],[5,0],[6,6],[5,0],[6,-6],[6,0],[5,0],[8,0],[6,0],[6,0],[5,0],[6,0],[5,0],[6,0]],[[9131,3873],[18,-11],[15,-8],[15,-8],[17,-12],[15,-10],[16,-15],[17,-17],[10,-15],[4,-11],[2,-8]],[[8987,4119],[-2,10],[-5,9],[-8,11],[-6,10],[-6,6],[-8,8],[-5,4],[-6,8],[-5,4],[-7,5],[-7,11],[-6,6],[-7,8],[-7,4],[-6,8],[-8,9],[-6,4],[-9,12],[-6,4],[-8,11],[-6,9],[-7,6],[-8,9],[-7,4],[-8,6],[-8,7],[-5,4],[-8,6],[-8,7],[-7,4],[-5,7],[-6,4],[-6,5],[-5,7],[-6,4],[-6,6],[-7,7],[-7,8],[-10,12],[-14,19],[-16,21]],[[8319,4456],[48,-4],[27,-3],[25,-5],[21,-2],[10,2],[5,1]],[[8687,4076],[-14,25],[-4,12],[-3,11],[-5,12],[-7,11],[-8,11],[-6,5],[-7,9],[-7,4],[-11,5],[-11,3],[-10,5],[-9,1],[-2,0]],[[8581,4570],[-4,14],[-3,15],[-5,14],[-3,14],[-4,18],[-4,12],[-3,8],[-4,12],[-4,16],[-4,11],[-3,24],[-4,14],[-2,19],[0,16],[0,22],[0,23],[1,18],[-2,35],[-3,26],[-2,26],[-3,21],[-1,19],[-4,19],[-2,25],[-3,24],[-2,27],[-4,30],[-3,23],[-4,20],[-5,23],[-5,17],[-4,20],[-2,19],[-2,21],[-3,24],[-3,16],[-2,12]],[[8389,5338],[7,38],[7,42],[4,26],[3,24],[0,26],[0,16],[-1,16],[-2,12],[-1,12]],[[8476,5286],[-5,14],[-3,10],[-5,13],[-2,5]],[[3269,5031],[6,3],[4,4],[20,26],[11,18],[10,16],[5,9],[4,10],[3,9],[2,8],[1,5],[1,4],[1,8],[2,10],[2,12],[2,13],[0,9],[1,8],[0,17],[0,10],[0,13],[0,15],[0,8],[0,8],[0,8],[-1,14],[1,12],[-1,13],[0,14],[0,10],[-1,7],[0,8],[-1,13],[0,12],[-2,14],[-1,14],[-1,4],[-1,10],[-1,12],[-1,11],[-3,13],[-1,8],[-3,6],[-5,13],[-6,13],[-4,8],[-2,5],[-5,13],[-3,5],[-6,8],[-17,16],[-24,9]],[[2021,5801],[3,-10],[4,-20],[6,-17],[2,-13],[3,-13],[2,-21],[0,-31],[0,-4],[1,-14],[3,-13],[3,-17],[6,-17],[5,-14],[5,-12],[3,-9],[6,-12],[7,-11]],[[2883,1365],[0,-25],[-1,-16],[0,-28],[-9,-27],[-5,-15],[-10,-32],[-7,-30],[-5,-30],[0,-31],[3,-36],[4,-28],[3,-16],[6,-25],[2,-34],[2,-31],[4,-30],[6,-32],[8,-34],[12,-29],[12,-29],[6,-14],[16,-28],[22,-23],[22,-25],[18,-19],[16,-16],[17,-15]],[[3402,403],[-29,-30],[-28,-28],[-28,-28],[-28,-27],[-28,-27]],[[1213,8096],[-32,15],[-31,17],[-30,16],[-27,20],[-29,17],[-37,18],[-42,15]],[[0,7622],[27,1],[17,3],[14,1],[18,4],[17,2],[15,3],[16,2],[16,4],[23,3],[18,5],[19,4],[13,4],[12,5],[11,3],[11,4],[11,7],[12,4],[10,17],[31,17],[7,4],[29,16],[19,13],[7,4],[16,10],[9,7],[13,7],[10,5],[12,6],[9,4],[6,3],[18,7],[12,5],[10,5],[9,4],[12,5],[9,4],[9,4],[6,2],[9,4],[12,5],[12,5],[12,5],[9,3],[12,5],[12,7],[12,4],[12,7],[6,2],[10,6],[10,3],[9,8],[8,3],[7,7],[10,10],[13,10],[9,10],[7,9],[5,9],[8,9],[11,7],[13,13],[12,8],[10,7],[10,10],[13,7],[8,4],[9,5],[5,3],[6,4],[7,11],[7,10],[7,9],[10,4],[11,7],[8,6],[10,15],[8,11],[6,10],[6,10],[6,8],[7,13],[4,10],[6,7],[8,11],[11,13],[7,10],[8,8],[10,8],[4,4]],[[1387,7676],[10,-18],[3,-5],[5,-8],[2,-3],[7,-9],[2,-4],[4,-6],[7,-7],[4,-5],[4,-6],[4,-3],[2,-4],[3,-6],[3,-6],[4,-8],[3,-6],[3,-5],[2,-5],[3,-5],[2,-4],[1,-4],[3,-6],[3,-5],[4,-10],[3,-9],[4,-9],[4,-11],[2,-5],[2,-4],[2,-6],[1,-4],[2,-5],[3,-7],[3,-14],[1,-5],[3,-7],[1,-6],[1,-7],[2,-7],[2,-8],[2,-8],[2,-9],[1,-8],[1,-8],[2,-9],[1,-8],[2,-9],[1,-7],[1,-7],[0,-8],[1,-6],[0,-5],[0,-6],[0,-6],[0,-6],[1,-7],[0,-8],[0,-6],[0,-6],[1,-5],[0,-7],[0,-6],[0,-8],[0,-7],[0,-9],[0,-12],[0,-8],[0,-6],[0,-10],[0,-8],[0,-8],[0,-8],[0,-7],[0,-6],[0,-7],[0,-7],[1,-7],[0,-7],[0,-7],[0,-7],[1,-7],[0,-6],[0,-5],[0,-5],[1,-6],[0,-7],[0,-7],[1,-8],[1,-8],[0,-9],[1,-8],[1,-7],[0,-7],[1,-6],[0,-10],[1,-8],[0,-8],[1,-7],[1,-4],[0,-5],[1,-4],[0,-2],[1,-2]],[[8942,6574],[-18,9],[-5,3],[-5,4],[-5,6],[-8,7],[-6,6],[-2,0],[-3,-1],[-4,-3],[-3,-3],[-5,-2],[-3,4],[-2,5],[-5,11],[-3,13],[0,8],[-1,6],[0,3],[-2,4],[-3,2]],[[8859,6656],[-3,0],[-2,0],[-3,1],[-4,1],[-4,4],[-5,9],[-1,8],[-2,12],[-2,14],[-1,10],[-2,13],[0,8],[-1,7],[-1,8],[0,4],[0,4]],[[5901,6592],[-39,26],[-3,0],[-10,-6],[-43,-50],[-38,-32],[-37,-32],[-5,-3],[-17,0],[-30,13],[-37,27],[-5,3],[-21,10],[-12,3],[-9,13],[-81,177]],[[5564,6882],[-11,24],[-6,7],[-11,27],[-5,38],[1,35],[0,42],[0,6],[-3,9],[-4,8],[-7,13],[-10,15],[-19,19],[-28,16],[-16,6],[-3,2],[-2,4],[-27,59],[-14,31],[-4,16],[0,18],[1,23],[-2,14],[-4,15],[-8,13],[-10,12],[-13,9],[-13,-7],[-16,-13],[-29,-32],[-20,-17],[-26,-1],[-3,4],[-3,6],[-5,6],[-5,-1],[-14,-13],[-3,-4],[-3,-7],[-2,-8],[1,-5],[4,-2],[5,5],[3,5],[4,4],[3,0],[2,-2],[3,-10],[1,-3],[2,0],[2,2],[4,4],[5,4],[6,3],[7,0],[4,-3],[5,-4],[5,-5],[9,-6],[3,0],[2,2],[2,3],[3,3],[4,1],[6,1],[3,-2],[6,-3],[3,-3],[18,-17],[8,-14],[6,-13],[8,-10],[9,-7],[6,-5],[4,-9],[1,-10],[1,-54],[2,-9],[80,-135],[4,-10],[28,-83]],[[9850,1616],[5,-2],[6,-3],[6,-1],[9,1],[11,4],[11,8],[8,8],[11,10],[8,9],[8,11],[8,15],[7,13],[3,12],[3,14],[4,15],[3,19],[1,14],[5,20],[4,22],[4,25],[0,9],[2,12],[3,9],[8,67],[8,66],[2,15]],[[0,2015],[11,71],[13,71],[12,61],[13,62],[12,61],[12,61],[12,61],[12,62],[12,61],[15,76],[14,76],[15,76],[14,67],[14,66],[14,67],[14,66],[15,67],[6,30],[3,21],[1,26],[0,17],[-2,20],[-2,26],[-3,24],[-5,20],[-5,18],[-12,24],[-18,21],[-21,11],[-11,3],[-12,-2],[-6,-2],[-5,-2]]]}