[
    {
        "state": 
            "Connecticut"
                ,"expenses": [
                    [
                        2000,
                        13.4
                    ],
                    [
                        2001,
                        14.9
                    ],
                    [
                        2002,
                        16.4
                    ],
                    [
                        2003,
                        17.7
                    ],
                    [
                        2004,
                        16.2
                    ],
                    [
                        2005,
                        16.4
                    ],
                    [
                        2006,
                        17.2
                    ],
                    [
                        2007,
                        17.8
                    ],
                    [
                        2008,
                        19.3
                    ],
                    [    
                        2009,
                        21.3
                    ],
                    [
                        2010,
                        22.6
                    ],
                    [
                        2011,
                        23.6
                    ],
                    [
                        2012,
                        23.8
                    ],
                    [
                        2013,
                        24.4
                    ],
                    [
                        2014,
                        24.4
                    ],
                    [
                        2015,
                        24.7
                    ],
                    [
                        2016,
                        24.9
                    ]
            ],
            "income":[
                    [
                        2000,
                        14.6
                    ],
                    [
                        2001,
                        14.0
                    ],
                    [
                        2002,
                        13.2
                    ],
                    [
                        2003,
                        14.2
                    ],
                    [
                        2004,
                        15.1
                    ],
                    [
                        2005,
                        16.5
                    ],
                    [
                        2006,
                        18.7
                    ],
                    [
                        2007,
                        21.5
                    ],
                    [
                        2008,
                        17.1
                    ],
                    [
                        2009,
                        12.5
                    ],
                    [
                        2010,
                        20.6
                    ],
                    [
                        2011,
                        22.6
                    ],
                    [
                        2012,
                        21.5
                    ],
                    [
                        2013,
                        25.9
                    ],
                    [
                        2014,
                        24.9
                    ],
                    [
                        2015,
                        23.8
                    ],
                    [
                        2016,
                        24.2
                    ]
                ],
            "perCapita": [
                    [
                        2000,
                        5409
                    ],
                    [
                        2001,
                        5542
                    ],
                    [
                        2002,
                        6009
                    ],
                    [
                        2003,
                        6454
                    ],
                    [
                        2004,
                        6559
                    ],
                    [
                        2005,
                        6617
                    ],
                    [
                        2006,
                        6833
                    ],
                    [
                        2007,
                        6757
                    ],
                    [
                        2008,
                        7771
                    ],
                    [
                        2009,
                        7971
                    ],
                    [
                        2010,
                        8482
                    ],
                    [
                        2011,
                        8503
                    ],
                    [
                        2012,
                        8895
                    ],
                    [
                        2013,
                        8995
                    ],
                    [
                        2014,
                        9243
                    ],
                    [
                        2015,
                        9484
                    ],
                    [
                        2016,
                        9731
                    ]
                ]
    },
    {
        "state":
            "Alaska"
                ,"expenses": [
                    [
                        2000,
                        5.6
                    ],
                    [
                        2001,
                        6.1
                    ],
                    [
                        2002,
                        6.3
                    ],
                    [
                        2003,
                        7.0
                    ],
                    [
                        2004,
                        7.0
                    ],
                    [
                        2005,
                        6.9
                    ],
                    [
                        2006,
                        7.4
                    ],
                    [
                        2007,
                        7.8
                    ],
                    [
                        2008,
                        8.6
                    ],
                    [
                        2009,
                        9.4
                    ],
                    [
                        2010,
                        9.4
                    ],
                    [
                        2011,
                        9.6
                    ],
                    [
                        2012,
                        9.8
                    ],
                    [
                        2013,
                        10.2
                    ],
                    [
                        2014,
                        10.9
                    ],
                    [
                        2015,
                        10.9
                    ],
                    [
                        2016,
                        10.8
                    ]
                ],
            "income": [
                    [
                        2000,
                        7.4
                    ],
                    [
                        2001,
                        4.9
                    ],
                    [
                        2002,
                        3.5
                    ],
                    [
                        2003,
                        4.9
                    ],
                    [
                        2004,
                        6.7
                    ],
                    [
                        2005,
                        6.9
                    ],
                    [
                        2006,
                        8.7
                    ],
                    [
                        2007,
                        10.5
                    ],
                    [
                        2008,
                        14.1
                    ],
                    [
                        2009,
                        7.2
                    ],
                    [
                        2010,
                        9.4
                    ],
                    [
                        2011,
                        11.9
                    ],
                    [
                        2012,
                        12.2
                    ],
                    [
                        2013,
                        11.3
                    ],
                    [
                        2014,
                        10.1
                    ],
                    [
                        2015,
                        9.6
                    ],
                    [
                        2016,
                        9.2
                    ]
                ],
            "perCapita": [
                    [
                        2000,
                        6609
                    ],
                    [
                        2001,
                        7112
                    ],
                    [
                        2002,
                        8263
                    ],
                    [
                        2003,
                        8990
                    ],
                    [
                        2004,
                        8628
                    ],
                    [
                        2005,
                        8646
                    ],
                    [
                        2006,
                        9269
                    ],
                    [
                        2007,
                        9632
                    ],
                    [
                        2008,
                        9443
                    ],
                    [
                        2009,
                        9428
                    ],
                    [
                        2010,
                        8986
                    ],
                    [
                        2011,
                        8879
                    ],
                    [
                        2012,
                        8081
                    ],
                    [
                        2013,
                        8432
                    ],
                    [
                        2014,
                        8206
                    ],
                    [
                        2015,
                        7951
                    ],
                    [
                        2016,
                        7667
                    ]
                ]
    },
    {
        "state":
            "Massachusets"
                ,"expenses": [
                    [
                        2000,
                        23.2
                    ],
                    [
                        2001,
                        25.5
                    ],
                    [
                        2002,
                        26.6
                    ],
                    [
                        2003,
                        26.3
                    ],
                    [
                        2004,
                        31.6
                    ],
                    [
                        2005,
                        30.4
                    ],
                    [
                        2006,
                        31.9
                    ],
                    [
                        2007,
                        36.0
                    ],
                    [
                        2008,
                        37.0
                    ],
                    [
                        2009,
                        39.8
                    ],
                    [
                        2010,
                        43.3
                    ],
                    [
                        2011,
                        46.4
                    ],
                    [
                        2012,
                        47.2
                    ],
                    [
                        2013,
                        47.4
                    ],
                    [
                        2014,
                        48.5
                    ],
                    [
                        2015,
                        48.3
                    ],
                    [
                        2016,
                        48.5
                    ]
                ],
            "income": [
                    [
                        2000,
                        26.2
                    ],
                    [
                        2001,
                        23.2
                    ],
                    [
                        2002,
                        21.5
                    ],
                    [
                        2003,
                        25.2
                    ],
                    [
                        2004,
                        32.7
                    ],
                    [
                        2005,
                        33.6
                    ],
                    [
                        2006,
                        36.7
                    ],
                    [
                        2007,
                        39.8
                    ],
                    [
                        2008,
                        34.0
                    ],
                    [
                        2009,
                        21.4
                    ],
                    [
                        2010,
                        37.0
                    ],
                    [
                        2011,
                        43.1
                    ],
                    [
                        2012,
                        35.7
                    ],
                    [
                        2013,
                        41.7
                    ],
                    [
                        2014,
                        47.6
                    ],
                    [
                        2015,
                        50.6
                    ],
                    [
                        2016,
                        52.4
                    ]
                ],
            "perCapita": [
                    [
                        2000,
                        6124
                    ],
                    [
                        2001,
                        6588
                    ],
                    [
                        2002,
                        7046
                    ],
                    [
                        2003,
                        7548
                    ],
                    [
                        2004,
                        8914
                    ],
                    [
                        2005,
                        9372
                    ],
                    [
                        2006,
                        9953
                    ],
                    [
                        2007,
                        10642
                    ],
                    [
                        2008,
                        11113
                    ],
                    [
                        2009,
                        11445
                    ],
                    [
                        2010,
                        11262
                    ],
                    [
                        2011,
                        12084
                    ],
                    [
                        2012,
                        11944
                    ],
                    [
                        2013,
                        11352
                    ],
                    [
                        2014,
                        10989
                    ],
                    [
                        2015,
                        10739
                    ],
                    [
                        2016,
                        10581
                    ]
                ]
    },
    {
        "state":
            "Rhode Island"
                ,"expenses": [
                    [
                        2000,
                        4.0
                    ],
                    [
                        2001,
                        4.5
                    ],
                    [
                        2002,
                        5.0
                    ],
                    [
                        2003,
                        5.1
                    ],
                    [
                        2004,
                        5.5
                    ],
                    [
                        2005,
                        5.7
                    ],
                    [
                        2006,
                        5.9
                    ],
                    [
                        2007,
                        6.0
                    ],
                    [
                        2008,
                        6.4
                    ],
                    [
                        2009,
                        6.4
                    ],
                    [
                        2010,
                        7.0
                    ],
                    [
                        2011,
                        7.2
                    ],
                    [
                        2012,
                        7.2
                    ],
                    [
                        2013,
                        7.0
                    ],
                    [
                        2014,
                        7.1
                    ],
                    [
                        2015,
                        7.1
                    ],
                    [
                        2016,
                        7.1
                    ]
                ],
            "income": [
                    [
                        2000,
                        4.4
                    ],
                    [
                        2001,
                        3.9
                    ],
                    [
                        2002,
                        3.2
                    ],
                    [
                        2003,
                        4.0
                    ],
                    [
                        2004,
                        5.2
                    ],
                    [
                        2005,
                        5.2
                    ],
                    [
                        2006,
                        5.5
                    ],
                    [
                        2007,
                        6.4
                    ],
                    [
                        2008,
                        4.6
                    ],
                    [
                        2009,
                        2.5
                    ],
                    [
                        2010,
                        6.0
                    ],
                    [
                        2011,
                        6.6
                    ],
                    [
                        2012,
                        5.6
                    ],
                    [
                        2013,
                        6.3
                    ],
                    [
                        2014,
                        6.5
                    ],
                    [
                        2015,
                        6.8
                    ],
                    [
                        2016,
                        6.9
                    ]
                ],
            "perCapita": [
                    [
                        2000,
                        5409
                    ],
                    [
                        2001,
                        5517
                    ],
                    [
                        2002,
                        5493
                    ],
                    [
                        2003,
                        5777
                    ],
                    [
                        2004,
                        6032
                    ],
                    [
                        2005,
                        6395
                    ],
                    [
                        2006,
                        6550
                    ],
                    [
                        2007,
                        7926
                    ],
                    [
                        2008,
                        8461
                    ],
                    [
                        2009,
                        8713
                    ],
                    [
                        2010,
                        9018
                    ],
                    [
                        2011,
                        8721
                    ],
                    [
                        2012,
                        8753
                    ],
                    [
                        2013,
                        9087
                    ],
                    [
                        2014,
                        8899
                    ],
                    [
                        2015,
                        8772
                    ],
                    [
                        2016,
                        8714
                    ]
                ]
    },
    {
        "state":
            "New Jersey"
                ,"expenses": [
                    [
                        2000,
                        26.1
                    ],
                    [
                        2001,
                        28.6
                    ],
                    [
                        2002,
                        32.7
                    ],
                    [
                        2003,
                        36.0
                    ],
                    [
                        2004,
                        38.4
                    ],
                    [
                        2005,
                        40.3
                    ],
                    [
                        2006,
                        44.8
                    ],
                    [
                        2007,
                        44.9
                    ],
                    [
                        2008,
                        47.6
                    ],
                    [
                        2009,
                        50.9
                    ],
                    [
                        2010,
                        55.9
                    ],
                    [
                        2011,
                        56.0
                    ],
                    [
                        2012,
                        56.3
                    ],
                    [
                        2013,
                        56.3
                    ],
                    [
                        2014,
                        57.0
                    ],
                    [
                        2015,
                        57.4
                    ],
                    [
                        2016,
                        57.9
                    ]
                ],
            "income": [
                    [
                        2000,
                        34.6
                    ],
                    [
                        2001,
                        34.2
                    ],
                    [
                        2002,
                        24.0
                    ],
                    [
                        2003,
                        37.0
                    ],
                    [
                        2004,
                        41.2
                    ],
                    [
                        2005,
                        42.4
                    ],
                    [
                        2006,
                        46.3
                    ],
                    [
                        2007,
                        54.4
                    ],
                    [
                        2008,
                        43.8
                    ],
                    [
                        2009,
                        30.5
                    ],
                    [
                        2010,
                        51.1
                    ],
                    [
                        2011,
                        56.0
                    ],
                    [
                        2012,
                        43.5
                    ],
                    [
                        2013,
                        53.5
                    ],
                    [
                        2014,
                        49.6
                    ],
                    [
                        2015,
                        49.6
                    ],
                    [
                        2016,
                        49.6
                    ]
                ],
            "perCapita": [
                    [
                        2000,
                        3432
                    ],
                    [
                        2001,
                        3500
                    ],
                    [
                        2002,
                        3752
                    ],
                    [
                        2003,
                        3907
                    ],
                    [
                        2004,
                        4706
                    ],
                    [
                        2005,
                        4890
                    ],
                    [
                        2006,
                        5795
                    ],
                    [
                        2007,
                        5921
                    ],
                    [
                        2008,
                        6059
                    ],
                    [
                        2009,
                        6498
                    ],
                    [
                        2010,
                        6925
                    ],
                    [
                        2011,
                        7237
                    ],
                    [
                        2012,
                        7307
                    ],
                    [
                        2013,
                        7214
                    ],
                    [
                        2014,
                        7393
                    ],
                    [
                        2015,
                        7555
                    ],
                    [
                        2016,
                        7731
                    ]
                ]
    }
]