wkt_geom	MWShapeID	Lon	Lat	Tot_Deaths	Mar-2011	Apr-2011	May-2011	Jun-2011	Jul-2011	Aug-2011	Sep-2011	Oct-2011	Nov-2011	Dec-2011	Jan-2012	Feb-2012	Mar-2012	Apr-2012	May-2012	Jun-2012	Jul-2012	Aug-2012	Sep-2012	Oct-2012	Nov-2012	Dec-2012	Jan-2013	Feb-2013	Mar-2013	Apr-2013	May-2013	Jun-2013	Jul-2013	Aug-2013	Sep-2013	Oct-2013	Nov-2013	Dec-2013	Jan-2014	Feb-2014	Mar-2014	Apr-2014	May-2014	Jun-2014	Jul-2014	Aug-2014	Sep-2014	Oct-2014	Nov-2014	Dec-2014	Jan-2015	Feb-2015	Mar-2015	Apr-2015	May-2015	Jun-2015	Jul-2015	Aug-2015	Sep-2015	Oct-2015	Nov-2015	Dec-2015	Jan-2016	Feb-2016	Air	Artillery	Asphyxi	Beat_Stab	Burned	Chemical	Crushed	Gun_Shot	Mine	Missiles	Other	Outage	Sniper	Stress	Torture	Unspec	Wounds
Point (36.77241300000000024 34.25920299999999941)	0	32.625497	36.10302	7628	56	187	121	9	14	23	24	8	40	41	28	90	117	69	57	237	193	278	183	204	128	205	244	170	230	178	149	185	152	149	151	191	117	168	178	227	126	130	162	80	130	96	75	149	114	102	96	106	219	170	107	219	199	105	77	61	97	77	32	98	678	2027	2	21	7	1	0	3673	4	0	0	13	387	4	610	2	95
Point (36.28616499999999689 34.78880099999999942)	0	32.74928	36.307817	459	7	1	3	2	6	7	0	5	0	13	3	2	11	1	5	5	28	166	23	6	4	3	5	21	5	6	9	3	0	2	2	6	5	5	5	0	4	3	1	3	3	10	2	4	5	3	1	4	14	4	1	12	2	0	1	0	3	0	1	3	9	154	0	5	26	0	0	215	0	0	0	3	11	2	27	0	3
Point (36.25639600000000229 32.96250100000000316)	0	33.049999	36	297	5	1	16	0	0	5	0	0	7	0	1	8	1	1	0	0	0	1	5	1	4	2	1	10	1	3	2	1	31	38	8	2	5	5	2	1	7	5	12	6	1	1	3	31	17	4	0	6	4	2	0	2	11	1	0	1	1	10	0	4	16	104	0	0	0	8	0	126	0	0	0	0	7	2	30	0	1
Point (36.85412399999999877 34.65410899999999828)	0	32.733301	36.204197	158	6	0	2	0	1	0	0	0	0	2	0	2	7	0	2	5	11	3	7	4	1	0	7	4	11	7	6	1	2	4	2	1	0	1	1	2	2	1	6	2	4	1	3	1	2	2	1	1	1	4	0	5	11	1	2	0	0	1	1	4	13	50	0	0	1	0	0	68	0	0	0	0	5	0	18	0	3
Point (35.84809899999999772 32.80420099999999906)	0	32.73554	36.070037	586	2	6	5	0	0	0	1	0	3	5	1	3	4	10	3	30	26	44	21	22	41	44	15	1	18	17	13	12	2	14	18	39	1	1	1	18	17	2	6	8	11	12	4	8	6	3	4	4	15	3	2	6	9	3	0	0	7	5	1	9	26	266	0	2	1	0	0	215	0	0	0	0	20	1	36	0	16
Point (36.92293200000000297 34.31706899999999649)	0	35.526498	35.791197	1339	19	30	8	17	4	69	3	7	4	7	16	9	9	4	6	125	52	63	92	51	55	19	25	5	25	12	38	11	19	97	9	6	7	20	10	9	17	13	17	6	4	5	19	11	9	9	3	17	12	3	2	2	0	5	7	22	55	31	36	72	41	278	4	2	0	1	1	850	0	0	0	2	11	1	121	0	12
Point (36.7826560000000029 34.77496599999999916)	0	34.728634	36.722774	6224	2	74	82	14	33	62	72	121	162	115	138	126	332	348	129	128	114	180	99	117	95	133	224	152	136	249	204	117	142	117	73	95	140	80	150	148	148	117	34	79	28	55	61	160	48	70	35	36	34	32	52	78	36	77	91	73	47	47	18	65	383	1547	1	66	0	8	0	3394	1	0	1	23	205	9	426	6	41
Point (38.54805000000000348 35.85566599999999937)	0	33.07259	36.184397	260	18	2	2	0	0	0	2	8	4	2	0	0	1	2	0	0	5	4	8	1	1	6	5	14	1	57	3	1	1	3	10	8	1	3	2	3	1	0	4	4	1	2	1	0	2	6	1	9	11	4	7	2	3	5	3	2	4	6	1	3	6	56	0	0	0	0	0	133	0	0	0	0	3	0	55	0	3
Point (36.76348699999999781 34.08962999999999965)	0	33.726553	36.097627	833	2	0	2	0	2	0	6	3	1	5	4	26	13	3	2	5	16	17	20	26	16	20	12	32	23	9	14	9	14	8	15	9	8	20	31	11	16	13	11	11	5	35	8	10	4	11	12	8	65	13	15	5	66	54	36	1	2	12	15	1	23	259	0	1	0	0	0	342	0	0	0	19	54	4	115	1	5
Point (35.81669899999999984 32.76670000000000016)	0	32.6167		36.333297	152	2	6	10	0	1	1	1	0	3	2	1	17	4	2	0	0	4	6	1	15	5	1	0	5	4	2	5	2	2	2	3	2	1	1	5	2	2	0	3	1	3	1	0	0	3	5	0	5	1	0	5	2	2	0	0	0	0	0	0	1	1	30	0	0	0	0	0	97	0	0	0	0	2	0	16	0	3
Point (36.99159600000000125 36.38204300000000302)	0	34.843395	36.7307	1036	0	19	15	16	3	3	9	6	7	5	10	12	13	12	6	42	44	41	35	21	11	23	11	35	37	31	9	25	15	6	17	8	11	13	11	8	11	18	10	42	17	7	58	39	19	2	9	9	21	6	15	14	5	12	26	40	13	18	11	24	147	412	0	0	0	6	0	391	0	0	0	5	11	1	47	0	9
Point (36.13054199999999838 33.01799199999999956)	0	34.750922	36.729682	370	0	5	1	3	4	7	19	21	47	23	13	19	46	61	8	6	2	1	15	1	1	6	0	0	4	3	4	1	4	2	2	4	2	9	4	1	2	2	0	5	1	0	2	1	0	0	0	1	0	0	1	0	0	1	3	2	0	0	0	0	2	70	0	0	1	4	0	252	0	0	0	2	12	0	19	0	1
Point (35.64999600000000157 33.08329899999999668)	0	33.363295	36.246371	247	0	1	1	7	7	1	4	1	0	3	0	2	4	0	3	1	5	10	0	9	6	14	1	9	7	2	9	6	12	8	31	1	1	4	1	0	1	4	4	4	0	2	0	0	1	0	2	1	15	24	0	5	4	5	0	0	2	1	1	0	4	81	0	0	0	0	0	102	0	0	0	0	5	0	46	1	2
Point (36.3193989999999971 33.56700200000000223)	0	33.466819	36.193743	1543	0	15	4	0	1	3	0	0	0	6	3	5	2	2	7	18	118	162	58	48	95	127	139	66	88	68	46	25	45	156	35	26	10	7	2	4	5	4	9	1	3	2	4	4	2	2	2	2	17	6	0	0	4	21	8	3	6	18	20	9	98	532	2	23	0	104	0	568	0	0	0	25	79	0	60	1	35
Point (36.52137299999999698 34.73053900000000027)	0	33.60018	36.310143	539	0	1	0	0	0	0	0	0	0	0	0	1	0	2	4	3	24	207	11	5	8	7	5	9	9	7	9	11	4	5	1	4	2	1	8	9	15	2	3	9	7	10	9	7	5	0	1	11	42	2	2	16	5	0	1	6	1	6	10	12	2	204	0	1	0	0	0	235	0	0	0	1	9	0	82	0	4
Point (36.113900000000001 32.66669900000000126)		0	33.573224	36.402411	6698	0	37	1	3	6	10	13	13	7	19	30	16	38	36	47	261	106	130	155	322	145	122	130	137	130	132	128	120	98	298	117	87	137	228	149	68	86	156	85	146	114	135	310	149	56	85	102	214	107	56	47	73	54	287	174	209	202	171	96	108	952	2528	5	36	1	160	1	2342	1	0	1	304	216	4	84	6	34
Point (36.69447900000000118 35.06470900000000057)	0	33.511057	36.388679	812	0	1	3	0	0	3	4	2	1	6	24	5	0	6	5	27	7	38	18	59	22	26	12	9	19	16	27	7	8	82	6	35	14	15	12	6	10	66	18	30	10	9	18	8	18	7	6	5	3	2	5	3	3	26	9	5	6	9	6	5	89	233	0	1	0	70	0	375	0	0	0	6	16	0	9	1	8
Point (36.04999800000000221 33.08329899999999668)	0	33.510628	36.371756	824	0	2	0	0	0	0	2	3	1	4	5	4	0	3	5	7	2	69	31	29	63	15	13	15	57	14	6	6	14	167	6	12	3	16	5	9	5	23	14	21	3	26	4	8	1	4	6	48	3	0	2	0	3	23	6	4	5	25	1	1	97	346	0	0	0	151	0	177	0	0	0	9	24	0	12	1	3
Point (36.88777000000000328 34.45703100000000063)	0	34.896174	36.493356	847	0	8	2	1	0	69	11	3	19	22	6	21	10	14	118	10	18	15	11	26	20	33	26	14	23	3	4	22	11	18	27	8	11	9	11	7	15	9	21	20	9	24	10	6	10	7	10	4	5	5	7	6	7	1	4	2	11	7	6	10	61	278	1	89	0	0	0	318	0	0	0	10	17	4	52	1	7
Point (36.14790899999999851 33.42327499999999674)	0	34.709308	36.687325	1287	0	25	14	1	4	21	32	27	53	82	26	519	152	10	4	15	4	3	16	5	7	7	11	7	57	17	17	12	3	7	13	9	16	0	11	5	9	3	5	9	4	5	5	2	3	2	0	0	6	4	0	0	0	2	1	3	0	7	3	2	10	151	0	24	1	0	1	993	0	0	0	0	23	1	63	2	8
Point (36.59471500000000077 32.5473920000000021)	0	32.852632	36.24192	144	0	34	4	0	0	0	0	0	0	0	5	0	0	3	2	4	6	1	1	7	0	10	2	13	0	3	2	3	1	3	1	0	2	1	0	5	2	1	0	1	0	2	0	0	1	1	3	0	13	2	3	1	0	0	0	0	0	1	0	0	0	17	0	0	0	0	0	93	0	0	0	0	3	0	30	0	0
Point (36.03329800000000205 32.83330000000000126)	0	32.753373	36.130215	483	0	9	13	2	1	0	1	6	1	4	5	9	5	3	7	13	19	20	11	4	11	5	14	6	31	5	4	2	2	5	18	11	11	3	6	3	8	8	11	6	22	8	2	1	16	21	10	8	5	26	5	5	9	3	6	7	13	5	2	6	71	183	0	0	0	0	0	172	1	0	0	1	13	1	29	0	5
Point (36.73500500000000102 34.66575799999999674)	0	34.893534	35.88717	456	0	11	7	0	1	0	1	1	1	2	2	0	0	1	2	1	2	0	0	1	5	2	0	1	3	0	373	3	17	3	0	1	0	1	2	2	0	0	1	2	0	0	1	0	3	0	0	0	1	1	0	0	0	0	0	0	0	0	1	0	0	12	0	0	0	0	0	416	0	0	0	0	0	0	16	0	0
Point (35.98329600000000283 32.73330099999999732)	0	35.181104	35.942616	98	0	20	7	0	1	0	0	0	0	0	0	0	0	0	7	0	2	3	2	2	1	0	1	1	0	1	20	2	3	0	0	0	0	1	8	0	2	2	1	0	1	4	1	0	0	1	1	1	0	0	0	0	1	0	0	0	0	1	0	0	3	12	0	0	0	0	0	56	0	0	0	0	0	0	19	0	0
Point (36.23142200000000201 34.78391899999999737)	0	33.514492	36.298428	9707	0	51	8	19	38	11	9	11	16	23	18	29	21	24	86	50	601	636	758	237	338	502	334	490	550	333	196	257	339	279	192	212	220	168	355	172	156	177	160	121	86	133	137	94	62	82	102	46	260	115	37	34	49	59	46	20	48	39	33	28	282	2713	2	59	4	64	6	4036	0	0	0	218	686	11	1493	8	68
Point (36.62701599999999758 34.64846099999999751)	0	33.541967	36.188936	13392	0	11	1	0	18	4	4	6	13	9	77	43	19	45	43	105	205	299	641	527	586	490	485	382	545	1007	340	356	336	545	348	555	354	329	202	327	339	369	215	261	177	220	171	130	151	161	97	117	158	126	147	70	109	179	132	160	146	183	202	115	1124	4457	1	192	28	119	1	5941	0	0	0	101	405	12	762	4	73
Point (35.8796960000000027 32.77219900000000052)	0	36.213255	37.150154	25055	0	1	1	5	7	5	3	2	0	3	18	39	30	50	64	104	436	907	1125	873	681	822	845	979	679	763	510	552	553	536	414	495	635	1285	1260	1289	602	807	628	538	414	391	257	224	170	326	168	361	193	367	460	361	328	227	314	402	327	450	296	473	3890	9808	12	36	4	13	4	8830	1	163	3	74	1181	85	415	9	91
Point (35.89309699999999737 32.80830000000000268)	0	35.933333	36.633333	10302	0	2	10	34	32	26	62	22	54	211	162	272	447	200	100	175	268	327	240	384	349	198	247	185	204	221	158	174	253	336	200	150	111	87	171	185	195	197	194	200	177	152	157	165	70	90	72	102	276	365	249	171	213	214	111	123	96	159	209	88	1982	3096	0	4	4	7	0	4508	2	0	14	13	85	5	276	3	58
Point (36.72092899999999815 34.60495399999999933)	0	32.710756	36.564875	101	0	3	0	0	0	0	0	1	0	0	1	0	0	0	1	1	6	0	8	0	0	1	11	3	2	4	1	1	0	0	11	1	3	2	3	0	5	4	0	1	1	2	6	0	0	1	0	0	0	3	0	0	5	0	6	0	1	0	1	1	8	21	0	0	0	0	0	53	0	0	0	0	0	0	14	0	1
Point (36.26669600000000315 32.99999900000000252)	0	34.722078	36.71648	65	0	1	0	0	0	0	0	0	0	0	0	0	0	0	0	0	0	0	1	1	0	0	0	0	0	3	6	13	5	2	3	2	2	1	5	4	1	2	1	3	0	0	0	2	0	0	1	1	0	0	0	0	0	1	1	1	0	1	1	0	6	10	0	0	0	0	0	37	0	0	0	0	0	0	12	0	0
Point (36.35613399999999729 32.79492299999999716)	0	35.817256	36.320086	564	0	2	1	211	3	1	5	5	1	6	2	3	25	7	0	0	2	11	6	11	8	17	14	9	2	12	7	4	3	12	0	13	5	4	2	2	4	38	4	17	2	5	3	0	0	1	3	0	0	22	2	4	2	8	3	6	0	24	0	0	54	95	1	0	0	0	0	209	1	0	0	0	5	1	25	0	1
Point (36.71694399999999803 34.72513099999999753)	0	34.926193	36.73173	1337	0	34	42	51	1	18	27	28	33	10	33	55	47	34	24	58	101	51	42	22	20	17	47	32	27	18	18	23	22	14	24	12	6	11	20	13	6	16	3	30	2	40	31	14	11	9	6	5	6	14	9	18	4	11	16	8	5	11	20	7	131	625	0	0	0	0	0	463	0	0	0	0	13	1	63	1	7
Point (36.22336899999999815 33.42979400000000112)	0	34.727479	36.730648	26	0	1	1	0	0	0	0	0	1	11	0	0	0	0	0	0	0	0	0	0	0	0	0	0	0	0	1	0	0	0	0	2	0	0	0	0	0	0	0	0	0	0	0	0	0	0	0	0	0	0	0	0	0	0	9	0	0	0	0	0	0	9	0	0	0	0	0	10	0	0	0	0	0	0	6	0	0
Point (36.722884999999998 34.73601399999999728)		0	34.722126	36.723851	7	0	1	0	0	0	1	0	0	0	0	0	1	0	0	0	0	0	0	0	0	0	0	0	0	0	0	0	1	1	1	0	0	0	0	0	0	0	0	0	0	0	0	0	0	0	0	0	0	0	0	0	0	0	0	0	1	0	0	0	0	0	2	0	0	0	0	0	4	0	0	0	0	0	0	1	0	0
Point (36.70759699999999981 34.74631999999999721)	0	35.138862	36.755419	7312	0	17	12	69	123	72	37	52	75	114	127	129	136	167	163	226	439	221	250	126	85	272	181	176	160	220	252	162	124	96	204	140	143	104	116	132	101	133	127	95	152	161	168	129	99	66	33	40	81	79	70	59	76	119	32	133	75	56	49	57	472	1575	14	96	21	2	16	4274	1	0	5	15	176	1	534	4	44
Point (40.07889000000000124 36.84487299999999976)	0	34.512498	36.577556	1498	0	2	2	1	2	16	23	39	17	25	19	34	50	48	55	62	57	59	52	65	21	30	47	20	66	84	270	82	13	5	5	24	11	15	11	12	24	13	3	1	8	35	3	3	4	4	3	3	12	6	5	8	8	0	2	0	7	1	1	0	68	434	0	2	0	0	1	823	1	0	0	0	42	4	87	0	19
Point (36.70770399999999967 34.72002299999999764)	0	34.876848	36.523948	39	0	2	0	0	0	0	0	0	1	2	0	0	2	1	0	1	0	0	0	0	0	0	0	1	1	0	1	1	0	1	0	0	0	1	0	0	0	0	0	0	0	7	0	0	0	1	2	1	2	0	1	0	1	0	0	0	2	7	0	0	5	9	0	0	0	0	0	21	0	0	0	1	0	0	3	0	0
Point (36.680731999999999 34.69935399999999959)		0	34.745602	36.719616	1021	0	5	10	6	30	8	18	25	31	22	17	403	89	74	22	63	25	26	8	18	9	3	1	3	17	7	9	4	17	3	0	8	4	4	2	5	5	1	3	1	0	2	1	1	2	1	1	1	1	1	0	0	0	2	0	1	0	0	0	1	9	153	0	0	0	0	0	775	0	7	0	0	31	0	35	0	6
Point (36.71473499999999746 36.09141900000000192)	0	33.55824	36.365683	1274	0	5	0	3	1	4	2	5	1	4	10	7	7	5	7	12	30	41	67	203	108	68	36	41	17	57	78	61	21	11	11	6	29	27	20	3	22	15	8	17	14	9	11	17	5	12	10	3	7	18	3	4	3	42	11	6	3	12	10	4	49	349	0	4	0	5	1	655	0	0	0	2	112	2	80	0	10
Point (40.65196000000000254 37.0753130000000013)	0	33.462809	36.239233	2443	0	7	3	0	0	4	3	1	3	1	3	34	24	8	19	27	78	518	29	129	191	203	220	62	66	74	42	15	23	32	37	31	18	16	48	14	16	17	17	8	17	21	4	2	8	21	8	9	92	25	2	1	10	31	9	14	30	22	24	52	52	728	4	0	0	8	0	1343	0	0	0	10	86	3	185	0	17
Point (36.71465599999999796 34.72787600000000197)	0	33.514134	36.347144	1147	0	5	0	0	0	1	3	0	0	1	2	5	0	1	3	101	16	78	85	40	43	6	9	35	9	12	5	17	7	431	15	4	6	7	1	1	3	11	10	15	2	11	10	3	6	5	3	11	8	5	1	1	5	7	12	12	2	26	24	5	91	317	0	23	0	416	0	257	0	0	0	1	24	0	13	0	3
Point (36.72395000000000209 34.71437699999999893)	0	32.828806	36.156938	599	0	12	0	0	0	0	0	0	0	0	0	2	0	0	4	5	55	8	9	1	12	2	15	1	16	13	4	3	18	16	23	5	12	6	18	5	11	6	10	5	11	3	4	4	61	29	11	9	12	3	0	6	2	3	5	11	22	34	68	4	39	141	0	0	11	0	0	334	0	0	1	1	30	0	35	0	5
Point (36.25873099999999738 33.62219600000000241)	0	32.890317	36.042368	978	0	9	5	0	0	5	0	0	2	12	13	6	7	2	6	8	8	14	9	2	8	3	15	9	31	20	22	5	105	39	64	57	15	11	16	27	25	40	48	37	36	11	8	6	94	14	5	5	8	6	1	10	5	7	0	6	10	10	22	9	50	378	1	1	2	0	0	460	0	0	0	2	10	0	60	0	7
Point (36.25030000000000285 32.93330100000000016)	0	33.643635	36.689515	512	0	1	3	0	5	4	0	4	0	8	12	12	5	3	12	2	27	38	5	6	6	5	2	13	4	23	9	10	11	8	45	1	3	44	3	4	4	9	21	0	3	8	0	5	5	4	2	15	6	9	1	6	8	3	0	1	6	8	13	37	8	99	0	0	0	0	0	307	0	0	0	0	26	0	56	1	2
Point (36.02559899999999971 32.71109899999999726)	0	33.528803	36.387033	923	0	1	1	0	0	0	4	2	0	2	15	4	0	0	3	35	19	37	6	52	13	26	5	76	13	3	5	5	4	272	12	20	6	4	7	5	2	14	4	10	2	6	35	6	3	4	59	8	4	0	0	2	0	24	8	12	5	50	2	6	258	186	0	1	2	261	0	197	0	0	0	3	5	0	5	0	3
Point (37.05717099999999675 34.2498379999999969)	0	35.362946	35.924678	87	0	27	1	4	0	2	0	0	0	0	1	2	1	0	0	0	0	1	2	4	3	2	2	0	1	3	5	1	2	2	0	0	0	0	1	0	2	1	1	0	0	1	0	0	0	1	1	0	2	1	1	1	0	0	0	1	4	2	1	0	0	3	0	0	0	0	0	60	0	0	0	0	1	0	21	0	0
Point (36.72556800000000266 34.72411000000000314)	0	35.648718	36.676469	1311	0	1	17	12	3	3	2	2	6	9	10	26	40	16	9	34	37	28	23	229	132	66	14	21	15	45	11	7	19	24	23	22	15	14	13	16	16	22	18	4	19	5	30	5	5	32	5	3	8	19	12	18	5	6	3	11	25	11	58	7	251	501	0	0	0	0	1	464	0	0	4	6	20	1	29	0	26
Point (36.74167200000000122 34.71804300000000154)	0	36.375271	37.51811	1314	0	1	0	0	0	0	2	0	0	0	0	4	1	9	6	16	55	24	74	27	22	7	25	16	6	5	17	16	1	7	23	5	105	57	91	20	12	8	10	6	22	28	74	6	52	69	43	16	5	16	66	2	86	5	1	46	4	35	46	14	474	507	0	0	0	0	0	275	0	0	0	1	11	1	13	0	9
Point (36.6766409999999965 34.63793900000000292)	0	36.525088	36.865997	107	0	1	0	0	0	0	0	0	0	0	0	1	0	0	0	0	6	0	2	22	1	0	3	2	1	3	10	2	4	6	1	1	2	1	4	1	1	0	5	2	2	2	2	5	0	3	1	1	0	1	0	0	2	1	0	1	2	0	0	2	15	25	0	1	0	0	0	44	0	0	0	0	5	0	7	0	1
Point (35.97599400000000003 34.63543200000000155)	0	35.349856	40.165787	6811	0	1	9	20	35	115	12	2	17	9	32	20	47	38	53	300	344	326	462	341	163	210	127	123	130	143	138	128	88	148	81	147	48	108	31	74	96	132	213	140	115	85	100	62	79	106	57	54	72	70	206	85	114	93	106	114	86	132	311	113	978	1800	14	4	13	4	1	3016	22	0	0	55	252	2	294	0	39
Point (37.05222100000000296 35.01228299999999649)	0	34.026486	36.728826	610	0	3	0	0	1	0	0	0	0	0	1	0	0	0	0	2	4	3	1	13	4	15	11	13	2	15	17	11	2	5	5	6	56	346	14	9	3	5	33	4	1	2	2	0	0	1	0	0	0	0	0	0	0	0	0	0	0	0	0	0	2	194	0	0	0	0	0	328	0	0	0	0	18	0	66	0	2
Point (36.06669899999999984 33.04999899999999968)	0	35.867352	36.802382	712	0	1	0	2	2	0	3	6	6	9	13	5	45	9	15	11	46	38	34	16	34	8	6	4	8	57	11	5	21	11	16	5	3	0	10	2	4	8	5	12	3	15	21	20	3	11	3	3	20	24	22	20	23	9	2	0	10	4	4	4	146	293	3	0	1	0	0	226	0	0	0	0	10	0	15	0	11
Point (36.70476399999999728 34.69425600000000287)	0	34.672041	36.261821	256	0	2	55	2	3	0	5	1	8	10	12	3	9	2	0	3	5	6	4	19	6	10	1	0	19	10	2	21	4	3	0	15	3	1	1	3	3	1	0	1	0	0	1	0	0	0	0	0	0	0	0	0	1	0	0	0	0	0	1	0	1	16	0	18	0	0	0	158	1	0	0	1	9	0	36	0	3
Point (37.95277099999999848 36.5305359999999979)	0	33.316699	36.183296	71	0	2	0	0	1	0	0	0	0	0	0	0	0	1	7	0	1	2	2	10	4	1	0	3	0	2	1	1	1	0	1	1	2	2	2	2	1	1	0	2	1	1	0	2	4	1	1	1	4	1	0	1	0	1	0	0	0	0	0	0	1	18	0	0	0	0	0	38	0	0	0	1	0	0	13	0	0
Point (38.35753400000000113 36.89293899999999837)	0	33.692924	36.096153	317	0	1	0	1	0	0	0	3	0	1	2	40	9	2	1	4	6	3	1	10	4	2	5	1	5	2	2	4	1	7	10	2	5	9	1	0	8	5	2	2	0	2	1	3	1	5	10	0	3	1	5	8	21	32	9	4	4	19	27	1	22	75	0	0	0	0	0	128	0	0	0	34	29	0	22	0	3
Point (36.73075500000000204 34.73749300000000062)	0	34.823809	36.696539	358	0	2	3	0	0	0	0	1	0	7	4	0	0	0	7	5	8	15	13	18	6	9	11	2	7	3	9	13	4	8	3	2	6	2	5	2	4	18	6	6	4	1	5	1	4	2	1	1	3	17	0	2	3	6	1	66	1	0	15	16	110	144	0	0	2	0	0	81	0	0	0	0	6	1	14	0	0
Point (36.83112100000000311 36.13565700000000191)	0	34.803937	36.706839	115	0	1	0	0	0	0	0	0	0	3	1	1	1	1	0	1	1	5	3	2	2	0	0	3	8	0	1	3	1	2	0	1	1	0	1	0	3	3	0	7	1	0	3	0	1	1	1	2	2	0	0	1	0	0	0	31	3	6	1	6	33	17	0	0	0	0	0	52	0	0	0	0	3	0	10	0	0
Point (36.59746200000000016 33.74289799999999673)	0	34.718625	36.721544	43	0	8	0	0	1	2	2	1	1	0	1	0	27	0	0	0	0	0	0	0	0	0	0	0	0	0	0	0	0	0	0	0	0	0	0	0	0	0	0	0	0	0	0	0	0	0	0	0	0	0	0	0	0	0	0	0	0	0	0	0	0	0	0	3	0	0	0	37	0	0	0	0	3	0	0	0	0
Point (37.30559699999999879 34.81230599999999953)	0	32.9369 	35.701098	169	0	1	0	0	0	0	0	0	0	0	1	1	0	1	2	0	0	4	1	1	2	2	8	1	3	3	0	2	2	1	6	3	3	2	5	29	1	0	3	8	7	1	6	3	4	2	2	0	3	1	13	5	10	5	0	6	0	2	1	2	26	72	0	0	0	0	0	51	0	0	0	0	7	1	8	0	3
Point (36.70745999999999754 34.73085400000000078)	0	32.834401	35.968899	187	0	2	0	0	0	0	1	3	1	1	0	6	0	1	1	3	2	2	6	1	3	7	1	11	1	4	7	2	8	1	7	3	6	1	0	11	6	6	7	15	9	1	3	3	3	1	5	0	4	1	0	2	0	0	0	2	7	2	5	2	1	96	0	0	0	0	0	76	0	0	0	0	1	0	12	0	1
Point (37.06764199999999931 34.28672300000000206)	0	32.551699	36.183599	124	0	1	0	0	0	1	0	0	0	0	0	0	0	0	0	0	7	7	7	1	0	3	1	2	0	2	0	1	0	3	2	0	0	1	1	0	8	1	8	0	1	1	0	22	3	2	1	1	7	4	1	13	2	3	2	0	1	0	3	0	29	30	0	0	0	0	0	50	0	0	0	0	2	0	13	0	0
Point (36.72848199999999963 35.66852300000000042)	0	32.991676	36.061794	512	0	0	22	0	0	2	1	5	2	3	5	0	2	2	4	2	2	8	2	0	4	4	0	28	12	9	4	10	12	8	4	4	2	63	28	27	3	8	40	5	21	3	5	17	13	13	6	21	19	8	3	5	0	3	2	14	2	14	1	5	60	235	0	0	0	0	0	145	0	0	0	1	3	0	61	0	5
Point (37.0866540000000029 34.60672000000000281)	0	33.540465	36.370919	1508	0	0	2	0	0	10	7	2	7	1	4	3	2	9	6	12	44	66	49	54	45	51	55	42	33	12	51	42	25	91	24	29	36	39	19	17	21	28	24	22	27	32	41	82	3	17	27	21	25	5	15	2	34	62	37	9	16	31	31	7	185	510	0	1	0	74	1	621	0	0	0	16	49	5	26	0	19
Point (36.71180199999999871 34.75578800000000257)	0	36.505497	40.746174	1318	0	0	1	1	1	0	0	2	0	2	1	16	3	1	5	3	22	8	16	1	12	15	25	52	80	39	14	49	27	28	48	45	8	2	21	48	5	6	0	2	18	29	78	4	18	12	70	42	92	12	51	39	17	19	12	4	33	41	35	83	333	197	0	0	0	0	0	541	0	0	0	0	6	2	32	0	2
Point (37.08174700000000001 36.29091499999999826)	0	34.717382	36.731479	293	0	0	1	0	2	1	7	20	25	38	60	20	64	0	1	0	0	0	0	2	1	2	3	1	5	6	2	5	2	5	1	1	1	1	0	0	6	1	2	1	0	0	1	1	0	1	0	0	1	0	0	0	0	0	0	0	0	0	1	1	3	16	0	6	6	0	0	237	0	0	0	1	6	0	15	0	2
Point (35.94059599999999932 32.71690000000000254)	0	34.965874	40.544672	192	0	0	1	0	0	1	0	0	0	8	1	4	14	10	5	1	1	3	6	1	22	0	4	4	3	4	6	12	2	1	1	4	2	10	1	0	5	1	8	7	3	4	0	0	6	9	2	2	0	0	2	1	1	1	1	2	0	1	1	3	16	59	0	0	0	0	0	92	0	0	0	0	1	0	13	0	1
Point (36.77320699999999931 34.72683500000000123)	0	35.618233	36.782384	184	0	0	1	1	1	1	0	0	0	1	0	0	7	16	0	0	0	8	3	3	1	1	0	0	3	1	2	5	0	0	3	0	7	1	1	3	3	6	4	2	7	2	17	6	2	6	0	1	3	4	2	12	1	5	0	2	2	13	6	8	40	44	0	0	0	0	0	86	0	0	3	3	1	0	6	0	0
Point (38.87193200000000104 34.88677599999999757)	0	32.545981	36.427567	132	0	0	5	0	0	0	0	0	0	0	0	3	0	0	1	1	3	10	0	26	0	1	0	0	9	2	6	3	0	2	2	2	3	1	0	0	4	8	1	0	2	0	1	2	1	1	3	2	6	1	6	4	2	3	1	0	1	1	2	0	3	31	0	0	0	0	0	70	1	0	0	0	3	0	23	0	1
Point (36.68072599999999994 34.7421719999999965)	0	35.442351	36.647615	662	0	0	1	3	0	5	9	10	9	14	9	12	16	15	70	8	50	2	9	39	3	3	2	20	2	5	7	10	5	5	1	0	5	3	6	13	29	18	12	12	9	20	14	21	11	7	12	34	5	3	10	8	5	3	4	14	26	9	2	3	126	227	0	0	7	3	0	246	0	3	0	0	10	0	28	0	5
Point (36.7178389999999979 35.87069000000000329)	0	35.659109	36.484122	225	0	0	2	0	0	0	2	0	3	76	1	0	3	2	1	1	1	16	11	1	0	1	0	3	5	0	2	1	0	4	10	9	1	0	0	1	1	4	3	0	4	0	1	2	3	0	9	3	0	5	6	0	12	1	3	3	3	5	0	0	38	57	2	0	0	0	0	53	0	0	0	0	0	0	2	0	2
Point (36.38915800000000189 33.75724300000000255)	0	35.956888	39.013424	2724	0	0	1	0	1	2	0	0	3	0	4	8	34	1	2	1	10	5	45	41	79	120	96	120	209	88	97	125	57	76	117	42	53	59	53	14	22	30	20	48	12	54	97	19	159	100	12	21	7	12	15	27	39	34	39	58	75	73	145	43	644	878	2	0	1	2	0	894	0	14	0	14	16	2	88	4	14
Point (36.7126129999999975 34.72464000000000084)	0	35.814751	36.609693	898	0	0	1	3	0	0	0	1	0	5	12	8	22	7	11	33	20	213	5	13	7	24	34	17	16	1	29	6	49	133	51	3	4	1	3	1	3	0	4	11	4	2	1	0	0	1	6	1	2	1	8	12	5	41	9	1	28	2	11	12	112	382	0	0	19	0	0	313	0	0	0	0	48	1	13	0	8
Point (36.71113199999999921 34.72181100000000242)	0	35.636163	36.634154	103	0	0	1	1	0	0	0	0	0	1	0	0	1	6	1	0	1	2	8	5	4	5	0	5	2	3	0	0	8	2	2	0	2	0	3	3	3	0	2	2	4	2	1	0	0	0	0	1	0	2	4	0	1	9	0	0	1	0	5	0	16	46	0	1	0	0	0	33	0	0	0	0	0	0	4	0	2
Point (36.70968500000000034 35.63567400000000163)	0	35.614814	36.564202	346	0	0	1	0	1	5	1	0	5	5	3	3	10	2	0	9	2	89	4	26	11	0	1	10	6	0	6	2	5	2	9	10	0	9	2	8	6	5	3	9	2	8	4	1	2	16	3	1	4	7	4	0	2	5	3	3	2	3	5	1	86	102	0	0	0	0	0	125	0	0	0	0	4	0	22	0	6
Point (36.69465100000000035 36.1106979999999993)	0	34.735346	36.710722	193	0	0	1	0	2	0	1	1	0	2	7	7	7	78	5	25	20	5	5	3	1	2	1	3	3	1	0	0	0	2	1	0	1	2	3	1	0	1	0	0	0	0	0	0	0	0	0	0	0	0	0	0	1	0	0	0	0	0	1	0	5	37	0	0	0	0	0	128	0	0	0	0	16	1	3	1	2
Point (36.56006800000000112 35.2621600000000015)	0	35.641185	36.739554	126	0	0	1	0	0	0	0	0	0	0	1	2	3	0	0	2	1	0	0	1	4	8	1	2	0	5	5	0	2	2	1	5	1	2	1	1	0	7	7	7	6	1	5	9	4	4	0	1	1	1	0	1	1	1	4	1	2	2	1	9	17	47	0	0	0	2	0	53	0	0	0	1	2	0	3	0	1
Point (36.85326599999999786 34.70817499999999711)	0	33.0197 	36.026896	151	0	0	1	0	0	0	3	0	0	0	0	1	1	0	0	0	1	0	3	0	0	0	0	1	2	0	7	1	4	13	4	2	1	1	4	3	1	10	3	1	2	28	1	12	6	5	0	2	8	1	2	2	0	0	0	10	0	3	1	0	12	65	1	0	0	0	0	49	0	0	0	0	1	0	21	0	2
Point (36.62143700000000024 35.32632999999999868)	0	35.021843	40.45126	587	0	0	1	1	0	0	1	1	0	0	0	2	2	1	3	2	25	92	2	27	55	7	10	13	18	11	2	10	1	7	2	20	3	5	18	9	4	4	8	12	0	6	8	7	4	17	9	5	26	1	20	10	6	14	27	13	10	7	12	6	138	157	0	0	1	0	0	209	0	0	0	0	4	1	19	2	6
Point (36.719301999999999 34.73445300000000202)		0	33.436169	36.07976	269	0	0	3	0	2	1	0	0	3	0	1	3	6	0	3	7	8	71	32	35	5	13	8	3	18	3	19	1	8	4	2	0	0	0	0	0	0	0	0	0	0	0	0	0	0	0	0	0	10	0	0	0	0	0	0	0	0	0	0	0	0	8	0	0	0	0	0	191	0	0	0	0	0	2	64	0	1
Point (36.69313400000000058 34.71031800000000089)	0	37.177962	42.139578	7	0	0	0	0	0	0	0	0	0	0	0	0	0	0	1	0	0	0	0	0	0	0	0	0	2	0	0	2	1	0	0	0	0	0	0	0	0	0	0	0	0	0	0	0	0	0	0	1	0	0	0	0	0	0	0	0	0	0	0	0	0	2	0	0	0	0	0	5	0	0	0	0	0	0	0	0	0
Point (36.63446199999999919 34.67302899999999966)	0	34.731641	36.725471	71	0	0	0	1	0	1	1	3	1	2	24	10	7	2	1	6	0	0	0	0	1	0	0	3	1	0	0	2	0	0	0	1	0	0	0	1	1	1	0	0	1	0	0	0	0	0	0	0	0	0	0	0	0	0	0	0	0	0	0	0	2	3	0	6	0	0	0	50	0	0	0	0	4	0	5	0	1
Point (36.66496800000000178 33.96713900000000308)	0	34.560294	38.279943	500	0	0	0	1	0	8	0	0	0	2	0	3	0	0	2	2	2	4	3	2	1	3	6	14	13	10	9	5	5	7	2	11	5	2	9	6	2	6	11	13	10	5	2	1	2	4	4	1	7	6	48	57	26	20	31	21	14	44	6	22	214	73	0	0	0	0	0	119	0	0	0	0	8	2	74	0	5
Point (36.70815499999999787 34.71949800000000153)	0	34.740879	36.708324	82	0	0	0	1	1	1	1	0	0	0	2	14	6	7	2	2	21	1	1	0	1	0	4	1	0	0	1	3	0	1	2	2	1	0	1	1	1	0	1	1	0	1	0	0	0	0	0	0	0	0	0	0	0	0	0	0	0	0	0	0	0	14	0	1	0	0	0	53	0	0	0	0	8	0	5	0	1
Point (36.7138089999999977 34.72050399999999826)	0	35.416335	36.38978	203	0	0	0	0	1	0	6	2	1	1	2	5	17	9	1	2	15	24	0	6	0	2	0	12	2	0	2	1	1	9	2	4	1	1	5	0	1	6	8	3	3	0	3	2	0	2	0	0	4	0	2	5	18	1	2	0	1	6	0	2	19	56	0	1	1	0	0	104	0	0	0	0	6	0	16	0	0
Point (39.23753899999999817 36.52092300000000336)	0	35.19829	36.732695	34	0	0	0	0	1	1	0	0	0	0	1	0	2	0	0	1	0	0	1	1	2	0	4	1	0	0	2	0	2	0	0	0	2	0	0	0	0	1	1	2	0	3	4	1	1	0	0	0	0	0	0	0	0	0	0	0	0	0	0	0	0	9	0	0	0	0	0	18	0	0	0	0	1	0	6	0	0
Point (36.1499990000000011 32.78329800000000205)	0	34.469698	40.911698	706	0	0	0	0	12	12	8	2	5	1	3	10	4	8	5	4	33	44	105	17	35	4	4	1	5	3	2	1	3	10	8	5	4	1	3	1	15	47	5	15	1	2	2	1	1	8	1	1	10	8	2	4	16	8	8	6	167	5	4	6	230	139	5	1	0	2	0	251	1	0	0	0	9	1	19	0	6
Point (36.71979000000000326 34.72917900000000202)	0	36.587139	37.044182	477	0	0	0	0	1	0	0	0	1	1	0	20	16	5	4	5	59	51	21	7	0	16	25	3	4	5	3	3	2	15	9	13	4	13	9	21	14	0	20	4	9	0	4	0	0	4	2	8	2	0	5	2	1	0	5	0	4	32	2	23	100	142	0	0	0	0	0	190	0	1	0	1	12	0	7	0	3
Point (37.04343800000000186 36.29603500000000338)	0	36.484245	37.19676	482	0	0	0	0	1	0	1	1	0	2	0	1	0	4	2	1	2	7	26	8	19	9	2	14	3	6	11	7	6	11	3	1	4	5	28	21	5	18	39	13	11	5	5	13	1	3	3	8	7	31	22	14	5	33	11	2	1	10	9	7	97	138	0	0	0	3	0	166	0	8	0	2	2	0	10	0	4
Point (40.92916499999999758 37.10475300000000232)	0	35.958972	36.712675	427	0	0	0	0	1	3	0	12	1	0	1	2	15	2	1	0	6	0	1	13	14	7	13	1	20	8	15	12	9	7	11	1	5	9	7	9	24	17	18	10	11	6	28	12	4	4	5	1	11	16	7	0	7	15	8	3	8	3	2	1	65	167	0	0	0	0	0	178	0	0	0	0	4	0	6	0	2
Point (36.39767599999999703 33.55284000000000333)	0	35.26188	36.605358	467	0	0	0	0	2	0	12	0	5	3	0	52	0	4	2	3	8	5	23	1	0	134	7	3	5	0	51	4	5	7	15	1	1	1	6	3	4	14	7	5	2	19	16	1	3	3	3	2	3	1	0	4	2	5	2	0	6	1	0	1	111	95	0	0	0	0	0	226	0	0	0	0	0	0	26	0	6
Point (41.2304590000000033 37.04942299999999733)	0	35.29215	36.743374	320	0	0	0	0	14	16	1	0	0	0	0	0	4	2	43	15	13	6	4	2	5	8	5	1	1	1	5	3	8	11	1	30	7	7	13	53	4	7	6	0	7	3	1	1	0	1	2	0	0	0	1	0	1	0	5	0	1	1	0	0	6	84	1	5	0	0	0	199	0	0	0	0	2	0	20	0	0
Point (36.68005899999999997 34.79223700000000008)	0	35.266085	36.710443	213	0	0	0	0	2	5	0	0	3	2	3	3	17	11	2	2	4	0	2	1	1	3	31	3	3	1	8	2	1	6	3	3	3	1	1	4	4	11	20	3	12	1	9	7	5	0	1	2	1	1	1	0	0	0	0	0	0	2	2	0	13	44	0	0	0	0	0	115	0	0	0	0	1	0	33	0	5
Point (36.31669999999999732 32.56669800000000237)	0	34.722356	36.699303	134	0	0	0	0	0	1	3	4	4	6	12	13	3	0	0	1	1	1	0	1	0	3	2	0	8	1	9	2	0	2	1	18	12	1	2	0	0	16	0	0	0	0	0	0	0	1	0	0	1	0	0	0	0	5	0	0	0	0	0	0	0	53	0	1	0	0	0	50	0	0	0	0	10	5	11	0	3
Point (36.70020499999999686 34.73245899999999864)	0	33.444477	36.160955	319	0	0	0	0	0	3	0	0	0	1	1	3	6	0	3	4	4	87	9	22	5	5	6	2	6	22	9	10	10	7	4	0	1	0	2	3	1	0	1	0	0	2	0	0	1	0	1	0	72	2	1	1	0	0	0	0	2	0	0	0	2	21	0	1	0	0	0	190	0	0	0	0	6	0	96	0	3
Point (35.82485400000000197 33.12438800000000327)	0	34.733971	36.702549	90	0	0	0	0	0	2	1	0	2	1	1	2	4	8	4	5	2	1	1	1	0	0	3	0	0	1	1	3	2	7	0	2	1	0	24	0	0	8	0	0	0	0	0	2	0	1	0	0	0	0	0	0	0	0	0	0	0	0	0	0	0	46	0	0	0	0	0	29	0	0	0	0	10	0	5	0	0
Point (36.68872799999999756 35.37729399999999913)	0	35.99773	36.784773	265	0	0	0	0	0	1	0	0	3	0	1	5	0	99	0	1	3	7	2	4	6	10	17	0	1	1	5	2	7	5	14	0	1	0	0	2	2	6	2	4	1	0	2	4	0	4	0	2	2	13	4	2	2	2	8	1	1	5	0	1	28	74	0	0	0	0	0	149	1	0	0	0	1	0	7	0	5
Point (36.60015099999999677 35.37561399999999878)	0	34.725576	36.729628	69	0	0	0	0	0	1	0	11	5	6	13	5	3	1	0	0	1	0	1	0	1	0	1	3	0	1	2	1	0	0	1	1	1	0	2	0	1	1	1	1	0	1	1	0	1	1	0	0	0	0	0	0	0	0	0	0	0	0	0	0	0	4	0	2	0	0	0	57	0	0	0	0	1	0	5	0	0
Point (36.6266729999999967 34.75416599999999789)	0	34.724604	36.718014	43	0	0	0	0	0	1	0	1	0	0	4	3	7	4	7	2	1	3	1	1	2	0	0	0	0	0	0	1	1	0	0	0	2	0	1	0	0	0	0	0	0	0	0	0	0	0	0	0	0	0	0	0	0	0	0	0	1	0	0	0	0	13	0	0	0	0	0	21	0	0	0	0	8	0	1	0	0
Point (36.71996699999999691 34.72896899999999931)	0	33.166701	36.216697	175	0	0	0	0	0	10	0	0	0	4	0	1	4	2	1	2	3	0	5	1	4	5	0	1	2	8	6	7	3	0	0	0	5	12	5	1	5	4	3	0	3	20	5	1	4	2	0	8	3	3	3	4	2	0	4	1	2	0	6	0	3	21	0	2	0	0	0	118	0	0	0	0	1	1	27	0	0
Point (36.71066499999999877 34.74524499999999705)	0	34.732474	36.715413	63	0	0	0	0	0	1	1	0	0	0	2	2	6	8	0	7	3	6	1	2	1	0	3	2	6	2	1	0	0	0	2	0	0	0	1	0	0	1	0	1	0	0	0	0	1	2	0	0	0	0	0	0	0	0	0	0	0	1	0	0	6	25	0	0	0	0	0	24	0	0	0	0	5	0	2	0	1
Point (36.70781099999999952 34.72795099999999735)	0	34.740696	36.663018	3	0	0	0	0	0	3	0	0	0	0	0	0	0	0	0	0	0	0	0	0	0	0	0	0	0	0	0	0	0	0	0	0	0	0	0	0	0	0	0	0	0	0	0	0	0	0	0	0	0	0	0	0	0	0	0	0	0	0	0	0	0	0	0	0	0	0	0	3	0	0	0	0	0	0	0	0	0
Point (36.74494700000000336 34.15727300000000355)	0	34.923519	40.558577	127	0	0	0	0	0	1	0	0	0	1	0	1	1	1	1	15	3	4	5	0	8	3	2	2	2	8	1	1	1	1	0	2	0	2	1	3	5	1	10	0	2	1	7	2	2	3	1	1	0	1	1	5	0	1	1	4	3	0	2	4	15	46	0	0	0	0	0	47	0	0	0	0	0	0	8	0	2
Point (37.09324800000000266 36.47541100000000114)	0	34.686722	36.688471	117	0	0	0	0	0	1	1	1	2	1	1	0	1	4	0	2	1	0	2	0	1	0	55	27	1	3	3	2	0	0	0	0	0	0	2	0	1	0	0	0	1	1	0	1	1	0	0	0	0	0	0	0	0	0	0	0	0	0	0	1	29	15	0	0	0	0	0	64	0	0	0	0	2	0	2	0	4
Point (36.68847099999999983 34.68672200000000316)	0	36.475411	37.093248	537	0	0	0	0	0	4	1	0	0	0	0	2	6	47	2	2	8	24	6	10	6	28	4	5	3	13	11	12	2	3	5	5	4	4	33	7	15	24	9	18	7	3	3	4	3	9	5	11	9	3	8	41	2	43	8	2	4	19	14	16	151	111	1	0	0	0	0	217	0	0	0	0	3	0	6	0	5
Point (40.55857699999999966 34.92351899999999887)	0	34.157273	36.744947	95	0	0	0	0	0	1	0	0	0	0	0	0	0	0	0	0	0	1	4	10	1	9	2	5	0	0	4	5	4	3	1	1	17	1	0	1	15	1	3	1	0	4	0	0	0	1	0	0	0	0	0	0	0	0	0	0	0	0	0	0	3	30	0	0	0	0	0	49	0	0	0	1	3	0	9	0	0
Point (36.663018000000001 34.7406959999999998)		0	34.727951	36.707811	101	0	0	0	0	0	0	3	2	2	2	8	1	13	4	6	1	7	13	2	2	1	1	0	0	18	2	0	2	3	0	0	1	1	0	2	0	1	1	0	0	0	0	0	1	0	0	0	0	0	0	0	0	1	0	0	0	0	0	0	0	2	24	0	0	0	0	0	55	0	0	0	0	17	0	3	0	0
Point (36.71541299999999808 34.7324740000000034)	0	34.745245	36.710665	186	0	0	0	0	0	0	1	8	1	6	6	3	23	30	20	9	6	3	3	4	0	0	3	3	1	17	6	1	2	5	7	3	2	1	1	0	0	1	7	1	0	1	0	0	0	0	0	0	0	0	0	0	0	0	0	0	1	0	0	0	0	39	0	9	0	0	0	113	0	0	0	1	13	0	10	0	1
Point (36.21669700000000347 33.16670100000000332)	0	34.728969	36.719967	5	0	0	0	0	0	0	2	0	0	1	2	0	0	0	0	0	0	0	0	0	0	0	0	0	0	0	0	0	0	0	0	0	0	0	0	0	0	0	0	0	0	0	0	0	0	0	0	0	0	0	0	0	0	0	0	0	0	0	0	0	0	0	0	0	0	0	0	4	0	0	0	0	0	0	1	0	0
Point (36.7180139999999966 34.72460399999999936)	0	34.754166	36.626673	8	0	0	0	0	0	0	1	0	0	0	0	0	0	0	0	0	0	1	0	0	0	0	0	0	0	1	0	0	0	0	0	0	0	0	0	0	0	0	1	0	0	1	1	0	0	0	0	0	0	1	1	0	0	0	0	0	0	0	0	0	0	1	0	0	0	0	0	6	0	0	0	0	0	0	1	0	0
Point (36.72962799999999817 34.72557599999999667)	0	35.375614	36.600151	377	0	0	0	0	0	0	5	2	8	4	0	1	3	15	4	11	2	3	14	2	5	13	14	3	5	8	3	2	6	7	14	3	12	2	8	19	7	12	12	15	20	6	23	11	9	7	11	2	4	7	8	1	1	2	1	2	10	6	1	1	66	159	0	0	3	4	0	117	0	0	0	0	3	1	15	0	1
Point (36.78477300000000128 35.99772999999999712)	0	35.377294	36.688728	236	0	0	0	0	0	0	2	2	1	5	3	4	13	0	1	1	0	2	3	3	5	39	5	4	3	8	1	3	6	6	3	4	4	0	5	20	16	14	8	5	5	3	2	3	4	0	2	1	0	1	0	2	4	3	0	0	4	0	2	1	23	55	0	2	0	0	0	132	0	0	0	0	5	0	10	0	5
Point (36.70254899999999765 34.73397099999999682)	0	33.124388	35.824854	674	0	0	0	0	0	0	1	0	0	0	2	1	9	5	1	0	7	10	15	16	9	8	4	5	16	13	25	16	37	17	21	58	26	15	20	26	18	19	17	8	21	17	73	30	9	10	3	2	9	10	3	11	6	1	8	8	0	0	1	7	6	101	0	0	0	0	0	505	0	0	0	1	5	0	47	0	0
Point (36.16095500000000129 33.44447699999999912)	0	34.732459	36.700205	4	0	0	0	0	0	0	1	0	1	0	1	0	0	0	0	0	0	0	0	0	0	0	0	0	0	0	0	0	0	0	0	0	0	0	0	0	0	1	0	0	0	0	0	0	0	0	0	0	0	0	0	0	0	0	0	0	0	0	0	0	0	1	0	0	0	0	0	2	0	0	0	0	0	0	1	0	0
Point (36.69930300000000045 34.72235599999999778)	0	32.566698	36.3167	153	0	0	0	0	0	0	2	3	0	1	0	5	4	8	3	3	0	15	6	1	1	0	1	5	3	2	3	2	2	0	2	0	0	3	7	0	7	2	1	1	4	1	0	4	6	3	3	1	24	3	1	3	0	1	0	0	4	2	0	0	16	37	0	0	0	0	0	81	0	0	0	0	4	0	11	0	3
Point (36.71044299999999794 35.2660849999999968)	0	34.792237	36.680059	122	0	0	0	0	0	0	0	1	1	1	1	0	0	1	0	1	5	5	4	3	0	2	2	12	16	3	10	2	2	9	1	0	1	7	1	5	6	3	2	1	1	0	1	0	1	0	0	0	0	0	0	0	0	2	1	6	0	2	0	0	7	49	0	0	0	0	0	51	0	2	0	0	5	0	7	0	0
Point (36.74337400000000287 35.29214999999999947)	0	37.049423	41.230459	111	0	0	0	0	0	0	0	6	0	1	3	4	1	4	1	0	1	0	1	0	1	7	4	1	0	17	1	0	5	3	1	3	4	1	2	0	8	1	1	1	0	0	5	0	1	0	2	0	0	2	3	0	2	1	6	0	1	1	2	2	20	16	2	0	0	0	0	51	0	0	0	0	0	8	5	0	0
Point (36.60535800000000251 35.26187999999999789)	0	33.55284	36.397676	364	0	0	0	0	0	0	0	2	0	1	9	5	5	2	2	9	27	10	6	4	13	30	5	14	2	5	0	7	75	6	3	2	1	2	4	0	1	6	6	16	8	9	7	2	4	5	1	1	3	1	0	0	2	0	3	13	4	1	15	5	39	94	0	10	1	0	2	193	0	0	0	2	7	0	13	0	3
Point (36.71267499999999728 35.95897200000000282)	0	37.104753	40.929165	27	0	0	0	0	0	0	0	1	0	0	0	0	0	0	0	0	0	0	0	0	0	0	0	0	0	0	0	22	2	0	0	0	0	0	0	0	0	0	0	0	0	0	0	0	0	1	0	0	0	0	0	0	0	0	0	1	0	0	0	0	0	1	0	0	0	0	0	25	0	0	0	0	0	0	0	0	0
Point (37.1967599999999976 36.48424500000000137)	0	36.296035	37.043438	598	0	0	0	0	0	0	0	2	0	0	0	8	2	38	3	16	23	10	19	11	15	10	6	1	10	8	24	7	19	12	9	2	6	6	19	22	38	9	9	20	1	1	9	7	15	33	3	5	1	5	21	5	7	4	4	21	7	4	4	57	96	182	0	0	13	0	0	281	0	0	0	0	5	0	5	0	5
Point (37.04418199999999928 36.58713900000000052)	0	34.729179	36.71979	2	0	0	0	0	0	0	0	1	0	0	0	0	0	0	0	0	0	0	0	0	0	0	0	0	0	0	0	0	0	0	0	0	0	0	0	0	0	1	0	0	0	0	0	0	0	0	0	0	0	0	0	0	0	0	0	0	0	0	0	0	0	1	0	0	0	0	0	1	0	0	0	0	0	0	0	0	0
Point (40.91169800000000123 34.46969800000000106)	0	32.783298	36.149999	203	0	0	0	0	0	0	0	1	0	1	0	1	0	1	0	4	4	1	37	1	2	0	0	1	2	12	0	1	1	0	5	1	0	0	1	1	0	0	2	2	5	2	2	4	17	20	11	4	14	6	3	2	1	2	2	0	4	9	12	1	34	46	0	0	0	0	0	99	0	0	0	0	2	0	20	0	1
Point (36.73269499999999965 35.19829000000000008)	0	36.520923	39.237539	146	0	0	0	0	0	0	0	1	1	0	0	0	1	0	0	0	0	11	4	12	1	6	0	1	6	0	4	1	12	10	14	2	1	0	4	0	3	1	0	0	0	0	4	2	0	3	0	2	1	2	0	1	4	2	0	0	4	1	8	16	32	31	0	0	0	0	0	71	0	0	0	1	1	0	4	0	0
Point (36.38978000000000179 35.41633499999999657)	0	34.720504	36.713809	13	0	0	0	0	0	0	0	1	0	0	2	0	0	0	0	0	3	0	0	0	0	0	0	0	2	0	0	0	0	1	0	0	0	0	0	0	0	4	0	0	0	0	0	0	0	0	0	0	0	0	0	0	0	0	0	0	0	0	0	0	0	4	0	0	0	0	0	8	0	0	0	0	0	0	1	0	0
Point (36.70832399999999751 34.74087899999999962)	0	34.719498	36.708155	110	0	0	0	0	0	0	0	1	0	0	0	6	1	1	0	1	5	2	0	1	0	0	1	11	1	11	7	1	2	1	0	0	22	5	14	0	8	2	2	2	0	0	1	0	0	0	1	0	0	0	0	0	0	0	0	0	0	0	0	0	0	54	0	0	0	0	0	26	0	0	0	0	4	0	23	1	2
Point (38.27994300000000294 34.56029399999999896)	0	33.967139	36.664968	315	0	0	0	0	0	0	0	0	3	0	0	2	8	4	3	3	13	6	7	7	10	16	7	8	5	5	19	4	9	14	14	13	10	19	6	15	43	7	4	16	0	4	2	1	4	0	0	0	3	0	0	0	0	0	0	0	1	0	0	0	20	117	0	0	0	0	0	120	0	0	0	1	4	0	51	0	2
Point (36.72547099999999887 34.73164100000000332)	0	34.673029	36.634462	24	0	0	0	0	0	0	0	0	4	0	1	0	0	0	2	0	0	0	0	0	0	0	0	10	1	2	2	0	0	0	0	0	1	0	0	0	0	0	0	0	0	0	0	0	0	0	1	0	0	0	0	0	0	0	0	0	0	0	0	0	0	11	0	0	0	0	0	11	0	0	0	1	0	0	1	0	0
Point (42.1395780000000002 37.17796200000000084)	0	34.710318	36.693134	4	0	0	0	0	0	0	0	0	1	0	1	0	1	0	0	0	0	0	0	0	0	0	0	0	0	0	1	0	0	0	0	0	0	0	0	0	0	0	0	0	0	0	0	0	0	0	0	0	0	0	0	0	0	0	0	0	0	0	0	0	0	0	0	1	0	0	0	1	0	0	0	0	1	0	1	0	0
Point (36.07976000000000028 33.43616899999999958)	0	34.734453	36.719302	9	0	0	0	0	0	0	0	0	2	0	0	0	0	1	0	2	0	0	0	0	0	0	0	0	2	0	1	0	0	0	0	0	0	0	0	0	1	0	0	0	0	0	0	0	0	0	0	0	0	0	0	0	0	0	0	0	0	0	0	0	0	2	0	0	0	0	0	6	0	0	0	0	0	0	1	0	0
Point (40.45125999999999777 35.02184299999999695)	0	35.32633	36.621437	499	0	0	0	0	0	0	0	0	9	1	0	0	3	94	2	4	20	5	5	1	0	10	17	2	3	1	3	1	11	1	5	11	0	5	8	10	15	7	18	7	21	26	29	15	12	10	2	3	6	3	8	11	12	14	0	17	9	13	6	3	82	199	0	0	0	0	0	193	0	0	0	0	0	0	20	0	4
Point (36.0268960000000007 33.01970000000000027)	0	34.708175	36.853266	10	0	0	0	0	0	0	0	0	3	1	0	0	0	0	0	0	0	0	0	1	0	0	0	0	0	0	0	0	0	0	0	0	0	0	0	0	0	0	2	1	0	0	1	0	1	0	0	0	0	0	0	0	0	0	0	0	0	0	0	0	0	1	0	0	0	0	0	5	0	0	0	0	0	0	4	0	0
Point (36.73955399999999827 35.64118500000000012)	0	35.26216	36.560068	58	0	0	0	0	0	0	0	0	2	0	9	0	12	0	6	0	4	5	0	0	1	0	0	0	0	2	1	0	0	1	0	0	2	0	2	4	0	2	1	0	0	1	1	0	1	0	0	0	0	0	0	0	0	0	0	0	1	0	0	0	1	4	0	6	0	0	0	37	0	0	0	0	0	0	5	0	0
Point (36.71072199999999697 34.73534599999999983)	0	36.110698	36.694651	90	0	0	0	0	0	0	0	0	1	1	0	0	0	9	0	1	0	12	1	0	1	0	0	1	0	2	0	4	4	1	0	0	0	0	2	7	3	4	1	1	0	3	0	0	0	0	0	6	0	4	1	0	0	0	3	6	10	0	1	0	3	22	0	0	0	0	0	61	0	0	0	0	0	0	3	0	1
Point (36.56420200000000165 35.61481400000000264)	0	35.635674	36.709685	46	0	0	0	0	0	0	0	0	2	0	0	0	1	0	0	1	0	0	1	2	6	1	1	0	0	4	0	0	0	0	3	1	0	0	0	1	0	0	7	0	6	0	0	2	1	2	0	0	1	1	0	0	0	1	0	1	0	0	0	0	6	14	0	0	0	0	0	23	0	0	0	0	2	0	1	0	0
Point (36.63415400000000233 35.63616300000000336)	0	34.721811	36.711132	37	0	0	0	0	0	0	0	0	1	4	5	3	3	1	0	0	3	0	6	0	1	0	0	1	1	0	0	0	0	1	0	1	0	1	1	1	3	0	0	0	0	0	0	0	0	0	0	0	0	0	0	0	0	0	0	0	0	0	0	0	1	9	0	0	0	0	0	20	0	0	0	0	3	0	2	0	1
Point (36.60969300000000004 35.81475100000000111)	0	34.72464	36.712613	8	0	0	0	0	0	0	0	0	1	0	0	0	2	0	2	0	0	0	0	0	1	0	0	0	0	0	0	0	0	0	0	0	0	0	0	0	0	1	0	0	0	0	0	0	0	0	0	0	0	1	0	0	0	0	0	0	0	0	0	0	0	0	0	0	0	0	0	6	0	0	0	0	0	0	2	0	0
Point (39.01342400000000055 35.95688799999999929)	0	33.757243	36.389158	245	0	0	0	0	0	0	0	0	17	2	5	1	0	1	0	3	2	13	4	6	6	4	3	2	4	2	7	4	3	4	43	2	6	7	8	4	13	28	0	15	5	3	2	2	1	4	0	1	3	2	0	2	0	0	0	0	1	0	0	0	6	93	0	0	0	3	0	112	0	0	0	0	13	0	15	0	2
Point (36.48412199999999928 35.65910900000000083)	0	35.87069	36.717839	45	0	0	0	0	0	0	0	0	1	0	0	0	0	0	0	0	3	3	5	0	2	2	4	7	3	0	0	0	2	1	1	0	1	4	0	0	1	1	1	0	0	0	0	0	0	0	0	0	0	0	2	0	0	0	0	0	1	0	0	0	4	14	0	1	0	1	0	19	0	0	0	0	1	0	5	0	0
Point (36.64761500000000183 35.44235100000000216)	0	34.742172	36.680726	2	0	0	0	0	0	0	0	0	0	1	0	0	0	0	0	0	0	0	0	0	0	0	0	1	0	0	0	0	0	0	0	0	0	0	0	0	0	0	0	0	0	0	0	0	0	0	0	0	0	0	0	0	0	0	0	0	0	0	0	0	0	0	0	0	0	0	0	0	0	0	0	0	0	0	2	0	0
Point (36.42756700000000336 32.54598099999999761)	0	34.886776	38.871932	140	0	0	0	0	0	0	0	0	0	1	0	2	0	0	0	0	0	1	0	2	0	0	2	1	0	1	1	0	33	3	2	22	3	5	1	0	0	0	4	3	0	7	0	1	5	1	3	3	9	4	9	1	0	0	3	0	7	0	0	0	54	11	0	0	0	0	0	67	0	0	0	0	0	0	7	0	1
Point (36.78238400000000041 35.61823299999999648)	0	34.726835	36.773207	1	0	0	0	0	0	0	0	0	0	1	0	0	0	0	0	0	0	0	0	0	0	0	0	0	0	0	0	0	0	0	0	0	0	0	0	0	0	0	0	0	0	0	0	0	0	0	0	0	0	0	0	0	0	0	0	0	0	0	0	0	0	0	0	0	0	0	0	0	0	0	0	0	0	0	1	0	0
Point (40.54467199999999849 34.96587399999999946)	0	32.7169 	35.940596	18	0	0	0	0	0	0	0	0	0	1	0	0	0	0	1	0	0	0	1	5	0	0	0	1	0	0	0	0	0	0	0	1	0	0	2	0	0	0	1	0	0	0	1	1	0	0	0	0	3	0	0	0	0	0	0	0	0	0	0	0	0	4	0	0	0	0	0	12	0	0	0	0	0	0	1	0	0
Point (36.73147900000000021 34.71738200000000063)	0	36.290915	37.081747	383	0	0	0	0	0	0	0	0	0	0	1	3	1	18	0	8	10	16	3	17	4	6	3	2	28	6	4	3	2	7	0	2	2	3	17	30	15	22	24	4	9	3	1	11	5	6	3	15	13	0	5	9	4	4	0	4	8	13	0	9	51	130	0	0	2	0	0	164	0	20	0	0	5	0	6	0	2
Point (40.74617400000000345 36.50549699999999831)	0	34.755788	36.711802	5	0	0	0	0	0	0	0	0	0	0	4	0	1	0	0	0	0	0	0	0	0	0	0	0	0	0	0	0	0	0	0	0	0	0	0	0	0	0	0	0	0	0	0	0	0	0	0	0	0	0	0	0	0	0	0	0	0	0	0	0	0	0	0	0	0	0	0	4	0	0	0	0	0	0	0	0	0
Point (36.37091900000000066 33.54046499999999753)	0	34.60672	37.086654	9	0	0	0	0	0	0	0	0	0	0	1	0	0	0	0	0	0	2	0	0	1	0	1	0	0	0	0	0	0	0	0	0	1	0	0	0	0	0	0	0	0	0	0	0	1	0	0	0	0	0	0	0	0	0	0	0	2	0	0	0	0	0	0	0	0	0	0	8	0	0	0	0	0	0	1	0	0
Point (36.06179399999999902 32.99167599999999823)	0	35.668523	36.728482	96	0	0	0	0	0	0	0	0	0	0	1	1	5	0	0	2	6	3	0	14	3	2	2	1	10	20	0	0	1	3	0	2	1	0	0	2	0	2	1	0	1	1	0	2	1	0	0	0	1	1	0	0	0	0	0	0	0	0	6	1	9	57	0	1	0	0	0	29	0	0	0	0	0	0	0	0	0
Point (36.18359900000000096 32.55169899999999927)	0	34.286723	37.067642	63	0	0	0	0	0	0	0	0	0	0	1	0	0	0	0	0	0	0	0	0	0	2	0	1	0	0	2	2	0	0	0	4	2	2	1	5	6	1	6	1	0	0	0	1	16	0	0	0	0	0	0	0	0	0	0	0	9	1	0	0	7	5	0	0	0	0	0	19	0	0	0	0	0	0	32	0	0
Point (35.9688990000000004 32.83440099999999973)	0	34.730854	36.70746	39	0	0	0	0	0	0	0	0	0	0	2	4	4	1	2	1	1	0	1	0	0	0	0	0	0	2	1	0	13	2	0	0	1	3	0	0	0	1	0	0	0	0	0	0	0	0	0	0	0	0	0	0	0	0	0	0	0	0	0	0	0	22	0	0	0	0	0	10	0	0	0	0	5	0	1	0	1
Point (35.70109800000000178 32.9369000000000014)	0	34.812306	37.305597	8	0	0	0	0	0	0	0	0	0	0	0	3	0	0	0	0	0	0	0	0	0	0	0	0	0	0	0	0	0	0	0	0	0	3	0	0	2	0	0	0	0	0	0	0	0	0	0	0	0	0	0	0	0	0	0	0	0	0	0	0	0	3	0	0	0	0	0	5	0	0	0	0	0	0	0	0	0
Point (36.72154400000000152 34.71862500000000296)	0	33.742898	36.597462	68	0	0	0	0	0	0	0	0	0	0	0	1	0	0	5	0	1	12	3	6	0	5	0	9	4	2	0	0	1	11	3	0	0	0	0	0	0	0	2	1	0	0	1	0	0	0	0	0	1	0	0	0	0	0	0	0	0	0	0	0	1	9	0	0	0	0	0	31	0	0	0	0	2	0	20	0	0
Point (36.70683900000000222 34.80393699999999768)	0	36.135657	36.831121	404	0	0	0	0	0	0	0	0	0	0	0	21	12	8	21	14	6	14	12	14	5	1	4	2	0	2	11	0	10	6	3	3	3	5	34	21	7	45	21	5	13	3	1	0	3	1	5	2	2	3	1	8	1	1	1	11	3	21	6	8	66	120	0	0	0	0	0	186	1	0	0	4	6	3	9	0	5
Point (36.69653900000000135 34.82380899999999713)	0	34.737493	36.730755	34	0	0	0	0	0	0	0	0	0	0	0	32	0	0	0	0	0	0	0	0	0	0	0	0	1	0	0	0	1	0	0	0	0	0	0	0	0	0	0	0	0	0	0	0	0	0	0	0	0	0	0	0	0	0	0	0	0	0	0	0	0	1	0	0	0	0	0	32	0	0	0	0	1	0	0	0	0
Point (36.09615300000000104 33.69292399999999787)	0	36.892939	38.357534	386	0	0	0	0	0	0	0	0	0	0	0	3	0	0	0	0	0	0	0	0	2	0	0	0	0	0	0	2	0	1	0	0	12	0	0	1	0	0	1	0	1	0	7	2	10	23	2	0	1	3	0	309	0	0	0	0	1	0	5	0	21	15	4	0	0	0	0	285	0	0	0	1	1	0	2	0	0
Point (36.18329599999999857 33.31669899999999984)	0	36.530536	37.952771	551	0	0	0	0	0	0	0	0	0	0	0	1	0	0	0	0	1	20	18	11	23	2	29	4	4	8	4	10	10	5	3	13	7	7	46	10	5	11	3	7	6	33	2	7	9	9	1	17	3	32	20	6	33	1	7	20	2	47	29	5	132	146	0	0	0	0	0	193	0	1	0	1	5	1	6	0	0
Point (36.26182099999999764 34.67204100000000011)	0	34.694256	36.704764	2	0	0	0	0	0	0	0	0	0	0	0	2	0	0	0	0	0	0	0	0	0	0	0	0	0	0	0	0	0	0	0	0	0	0	0	0	0	0	0	0	0	0	0	0	0	0	0	0	0	0	0	0	0	0	0	0	0	0	0	0	0	0	0	0	0	0	0	2	0	0	0	0	0	0	0	0	0
Point (36.80238200000000148 35.86735199999999679)	0	33.049999	36.066699	14	0	0	0	0	0	0	0	0	0	0	0	1	0	0	0	0	0	0	0	0	0	0	0	0	0	0	0	2	0	0	0	0	0	1	2	0	0	0	0	0	0	0	0	1	0	0	0	1	0	0	1	0	0	1	0	1	0	0	2	1	2	6	0	0	0	0	0	5	0	0	0	0	1	0	0	0	0
Point (36.72882599999999798 34.02648599999999846)	0	35.012283	37.052221	32	0	0	0	0	0	0	0	0	0	0	0	1	0	0	0	0	0	0	0	0	0	0	19	0	0	1	0	0	0	0	0	0	0	0	2	0	0	0	1	0	0	7	0	0	1	0	0	0	0	0	0	0	0	0	0	0	0	0	0	0	0	19	0	0	0	0	0	8	0	0	0	0	0	0	3	0	0
Point (40.16578700000000168 35.34985600000000261)	0	34.635432	35.975994	5	0	0	0	0	0	0	0	0	0	0	0	3	0	0	0	0	0	0	0	0	0	0	0	0	0	0	1	0	0	0	0	0	0	0	1	0	0	0	0	0	0	0	0	0	0	0	0	0	0	0	0	0	0	0	0	0	0	0	0	0	0	0	0	0	0	0	0	5	0	0	0	0	0	0	0	0	0
Point (36.86599700000000013 36.52508799999999667)	0	34.637939	36.676641	182	0	0	0	0	0	0	0	0	0	0	0	64	1	0	0	1	4	8	1	4	0	1	3	1	45	28	11	1	1	0	0	1	1	0	4	1	1	0	0	0	0	0	0	0	0	0	0	0	0	0	0	0	0	0	0	0	0	0	0	0	2	15	0	38	0	0	0	123	0	0	0	0	2	0	1	0	1
Point (37.51811000000000007 36.37527099999999791)	0	34.718043	36.741672	25	0	0	0	0	0	0	0	0	0	0	0	1	18	1	0	0	0	0	1	0	1	0	0	0	1	0	0	0	0	0	1	0	0	0	0	0	0	0	0	1	0	0	0	0	0	0	0	0	0	0	0	0	0	0	0	0	0	0	0	0	0	2	0	0	0	0	0	21	0	0	0	0	0	0	1	0	0
Point (36.67646899999999732 35.64871800000000235)	0	34.72411	36.725568	33	0	0	0	0	0	0	0	0	0	0	0	0	1	0	0	0	0	0	0	0	0	0	0	0	0	1	2	2	0	1	1	2	3	5	2	3	2	1	2	0	1	1	1	0	0	0	1	0	0	0	0	0	0	0	0	0	0	1	0	0	1	9	0	0	0	0	0	14	0	0	0	1	0	0	4	4	0
Point (35.92467800000000011 35.36294600000000088)	0	34.249838	37.057171	298	0	0	0	0	0	0	0	0	0	0	0	0	8	0	0	0	2	5	1	0	1	2	2	1	1	8	2	2	2	4	5	18	62	16	6	7	2	7	7	11	1	6	0	2	22	1	1	1	2	6	1	4	8	0	0	0	56	3	1	1	58	39	0	1	0	3	0	133	0	0	0	1	1	0	59	0	0
Point (36.3870330000000024 33.52880300000000346)	0	32.711099	36.025599	5	0	0	0	0	0	0	0	0	0	0	0	0	1	0	0	0	1	0	1	2	0	0	0	0	0	0	0	0	0	0	0	0	0	0	0	0	0	0	0	0	0	0	0	0	0	0	0	0	0	0	0	0	0	0	0	0	0	0	0	0	0	2	0	0	0	0	0	2	0	0	0	0	0	0	1	0	0
Point (36.6895150000000001 33.64363500000000329)	0	32.933301	36.2503	18	0	0	0	0	0	0	0	0	0	0	0	0	5	0	0	0	0	1	0	2	0	0	0	0	0	0	0	0	0	1	0	0	0	1	0	0	0	0	0	1	0	0	0	1	0	0	1	0	2	1	0	0	0	0	0	0	1	0	1	0	1	2	0	0	0	1	0	10	0	0	0	0	0	0	4	0	0
Point (36.04236800000000329 32.89031700000000313)	0	33.622196	36.258731	2	0	0	0	0	0	0	0	0	0	0	0	0	1	0	0	0	0	0	0	0	0	0	0	0	0	0	0	0	0	0	0	0	0	0	1	0	0	0	0	0	0	0	0	0	0	0	0	0	0	0	0	0	0	0	0	0	0	0	0	0	0	0	0	0	0	0	0	1	0	0	0	0	0	0	0	0	0
Point (36.15693799999999669 32.82880600000000015)	0	34.714377	36.72395	5	0	0	0	0	0	0	0	0	0	0	0	0	5	0	0	0	0	0	0	0	0	0	0	0	0	0	0	0	0	0	0	0	0	0	0	0	0	0	0	0	0	0	0	0	0	0	0	0	0	0	0	0	0	0	0	0	0	0	0	0	0	0	0	0	0	0	0	5	0	0	0	0	0	0	0	0	0
Point (36.34714400000000012 33.51413399999999854)	0	34.727876	36.714656	2	0	0	0	0	0	0	0	0	0	0	0	0	1	0	0	0	0	0	0	0	0	0	0	0	0	0	0	0	0	1	0	0	0	0	0	0	0	0	0	0	0	0	0	0	0	0	0	0	0	0	0	0	0	0	0	0	0	0	0	0	0	0	0	0	0	0	0	1	0	0	0	0	1	0	0	0	0
Point (36.2392329999999987 33.46280900000000003)	0	37.075313	40.65196	6	0	0	0	0	0	0	0	0	0	0	0	0	1	0	0	1	0	0	0	0	0	1	0	0	0	0	1	0	0	0	0	1	0	1	0	0	0	0	0	0	0	0	0	0	0	0	0	0	0	0	0	0	0	0	0	0	0	0	0	0	0	0	0	0	0	0	0	4	0	0	0	0	0	0	1	1	0
Point (36.36568299999999709 33.55823999999999785)	0	36.091419	36.714735	42	0	0	0	0	0	0	0	0	0	0	0	0	0	8	1	0	1	3	1	0	0	0	3	0	0	2	0	1	0	0	2	0	2	0	2	0	0	0	0	0	5	1	0	0	0	0	0	0	0	0	0	0	0	0	0	0	1	1	8	0	7	7	0	0	0	0	0	25	0	0	0	0	1	0	2	0	0
Point (36.71961600000000203 34.7456019999999981)	0	34.699354	36.680732	15	0	0	0	0	0	0	0	0	0	0	0	0	0	1	2	5	4	0	1	0	0	0	0	0	0	0	0	0	0	0	0	0	1	0	0	0	1	0	0	0	0	0	0	0	0	0	0	0	0	0	0	0	0	0	0	0	0	0	0	0	0	1	0	0	0	0	0	12	0	0	0	0	0	0	1	0	1
Point (36.52394799999999719 34.87684800000000251)	0	34.720023	36.707704	7	0	0	0	0	0	0	0	0	0	0	0	0	0	1	0	0	0	0	0	0	0	0	0	0	0	0	0	0	0	0	0	1	1	0	0	0	0	0	0	0	0	0	0	0	0	0	0	0	0	0	0	0	0	0	0	0	0	0	4	0	0	0	0	0	0	0	0	7	0	0	0	0	0	0	0	0	0
Point (36.57755600000000129 34.51249800000000079)	0	36.844873	40.07889	149	0	0	0	0	0	0	0	0	0	0	0	0	0	0	2	1	0	0	1	0	46	20	30	4	5	0	3	0	10	10	5	0	0	0	0	1	1	0	0	0	1	0	0	0	0	0	0	0	1	0	5	0	3	0	0	0	0	0	0	0	30	14	0	0	0	0	0	83	0	0	0	0	13	0	4	0	3
Point (36.75541900000000339 35.13886200000000315)	0	34.74632	36.707597	2	0	0	0	0	0	0	0	0	0	0	0	0	0	0	2	0	0	0	0	0	0	0	0	0	0	0	0	0	0	0	0	0	0	0	0	0	0	0	0	0	0	0	0	0	0	0	0	0	0	0	0	0	0	0	0	0	0	0	0	0	0	0	0	2	0	0	0	0	0	0	0	0	0	0	0	0	0
Point (36.72385100000000335 34.72212600000000293)	0	34.736014	36.722885	20	0	0	0	0	0	0	0	0	0	0	0	0	0	0	1	1	5	0	0	0	2	0	0	1	4	1	0	0	0	1	0	0	1	0	0	0	0	0	0	1	1	1	0	0	0	0	0	0	0	0	0	0	0	0	0	0	0	0	0	0	0	2	0	0	0	0	0	11	0	0	0	0	4	0	3	0	0
Point (36.73064800000000218 34.72747900000000243)	0	33.429794	36.223369	24	0	0	0	0	0	0	0	0	0	0	0	0	0	0	1	0	2	1	0	0	6	6	0	1	0	1	0	0	0	1	2	0	0	1	0	0	0	0	0	0	0	0	0	0	0	0	0	1	0	0	0	0	0	0	0	0	0	0	0	1	1	4	0	0	0	0	0	14	0	0	0	0	1	0	4	0	0
Point (36.73172999999999888 34.92619299999999782)	0	34.725131	36.716944	4	0	0	0	0	0	0	0	0	0	0	0	0	0	0	0	3	1	0	0	0	0	0	0	0	0	0	0	0	0	0	0	0	0	0	0	0	0	0	0	0	0	0	0	0	0	0	0	0	0	0	0	0	0	0	0	0	0	0	0	0	0	3	0	0	0	0	0	1	0	0	0	0	0	0	0	0	0
Point (36.32008600000000342 35.81725600000000043)	0	32.794923	36.356134	75	0	0	0	0	0	0	0	0	0	0	0	0	0	0	0	2	0	4	2	0	0	13	7	0	0	1	0	3	0	0	2	0	6	0	4	4	1	2	1	1	0	0	0	0	0	2	0	3	4	2	0	5	0	0	1	1	1	1	0	2	3	27	1	0	0	0	0	35	0	0	0	0	0	0	7	0	1
Point (36.71647999999999712 34.72207800000000333)	0	32.999999	36.266696	2	0	0	0	0	0	0	0	0	0	0	0	0	0	0	0	1	0	0	0	0	0	0	0	0	0	0	0	0	0	0	0	0	0	0	0	0	0	0	0	0	0	0	0	0	0	0	0	0	0	0	0	0	0	0	0	1	0	0	0	0	0	0	0	0	0	0	0	2	0	0	0	0	0	0	0	0	0
Point (36.56487500000000068 32.7107560000000035)	0	34.604954	36.720929	13	0	0	0	0	0	0	0	0	0	0	0	0	0	0	0	2	1	0	1	0	0	0	0	0	3	3	3	0	0	0	0	0	0	0	0	0	0	0	0	0	0	0	0	0	0	0	0	0	0	0	0	0	0	0	0	0	0	0	0	0	1	3	0	1	0	0	0	5	0	0	0	0	0	0	3	0	0
Point (36.63333300000000037 35.93333299999999753)	0	32.8083 	35.893097	36	0	0	0	0	0	0	0	0	0	0	0	0	0	0	0	1	1	1	17	0	0	0	0	0	2	0	1	1	2	1	2	0	0	1	0	0	0	1	2	0	1	0	0	0	0	1	0	0	0	0	0	0	0	0	0	0	0	1	0	0	1	17	0	0	0	0	0	15	0	0	0	0	1	0	2	0	0
Point (37.15015400000000056 36.21325499999999664)	0	32.772199	35.879696	62	0	0	0	0	0	0	0	0	0	0	0	0	0	0	0	2	6	0	3	0	0	0	1	4	13	2	2	1	0	1	1	0	0	2	1	2	2	6	0	1	0	0	0	0	1	0	0	2	0	0	0	4	0	0	1	0	3	0	0	1	0	16	0	0	0	0	0	32	0	0	0	1	2	0	8	0	3
Point (36.18893599999999822 33.54196699999999964)	0	34.648461	36.627016	1	0	0	0	0	0	0	0	0	0	0	0	0	0	0	0	0	1	0	0	0	0	0	0	0	0	0	0	0	0	0	0	0	0	0	0	0	0	0	0	0	0	0	0	0	0	0	0	0	0	0	0	0	0	0	0	0	0	0	0	0	0	0	0	0	0	0	0	1	0	0	0	0	0	0	0	0	0
Point (36.29842800000000125 33.51449199999999706)	0	34.783919	36.231422	1	0	0	0	0	0	0	0	0	0	0	0	0	0	0	0	0	1	0	0	0	0	0	0	0	0	0	0	0	0	0	0	0	0	0	0	0	0	0	0	0	0	0	0	0	0	0	0	0	0	0	0	0	0	0	0	0	0	0	0	0	0	0	0	0	0	0	0	0	0	0	0	0	0	0	1	0	0
Point (35.94261600000000101 35.18110399999999771)	0	32.733301	35.983296	43	0	0	0	0	0	0	0	0	0	0	0	0	0	0	0	0	22	0	0	1	0	0	0	0	0	0	0	0	1	0	0	0	0	0	0	3	0	1	1	0	1	0	0	5	2	0	0	0	0	1	0	0	0	0	0	5	0	0	0	0	0	15	0	0	0	0	0	26	0	0	0	0	0	0	2	0	0
Point (35.88716999999999757 34.89353400000000249)	0	34.665758	36.735005	6	0	0	0	0	0	0	0	0	0	0	0	0	0	0	0	0	0	1	0	0	0	0	0	0	1	3	1	0	0	0	0	0	0	0	0	0	0	0	0	0	0	0	0	0	0	0	0	0	0	0	0	0	0	0	0	0	0	0	0	0	1	0	0	1	0	0	0	4	0	0	0	0	0	0	0	0	0
Point (36.13021499999999975 32.7533730000000034)	0	32.8333 	36.033298	51	0	0	0	0	0	0	0	0	0	0	0	0	0	0	0	0	0	5	0	0	0	0	0	0	0	0	0	0	0	2	24	1	0	1	0	0	1	5	1	0	4	0	1	2	0	1	0	1	0	0	0	0	0	0	0	2	0	0	0	0	4	17	0	0	0	0	0	27	0	0	0	0	0	0	3	0	0
Point (36.24192000000000036 32.85263199999999983)	0	32.547392	36.594715	5	0	0	0	0	0	0	0	0	0	0	0	0	0	0	0	0	0	0	1	0	0	2	0	0	0	0	0	1	0	0	0	0	0	0	0	0	0	0	0	0	0	0	0	0	0	0	0	0	0	0	0	0	0	0	1	0	0	0	0	0	0	0	0	0	0	0	0	3	0	0	0	0	0	0	2	0	0
Point (36.6873250000000013 34.70930800000000005)	0	33.423275	36.147909	64	0	0	0	0	0	0	0	0	0	0	0	0	0	0	0	0	0	0	1	0	1	0	6	2	9	4	5	2	0	6	0	0	0	6	10	0	1	0	2	0	0	1	0	2	1	1	1	0	3	0	0	0	0	0	0	0	0	0	0	0	0	7	0	0	0	0	0	36	0	0	0	0	3	0	18	0	0
Point (36.49335599999999857 34.89617400000000202)	0	34.457031	36.88777	2	0	0	0	0	0	0	0	0	0	0	0	0	0	0	0	0	0	0	0	1	0	0	0	0	0	0	0	0	0	0	0	0	1	0	0	0	0	0	0	0	0	0	0	0	0	0	0	0	0	0	0	0	0	0	0	0	0	0	0	0	0	0	0	0	0	0	0	2	0	0	0	0	0	0	0	0	0
Point (36.37175599999999775 33.51062799999999697)	0	33.083299	36.049998	8	0	0	0	0	0	0	0	0	0	0	0	0	0	0	0	0	0	0	0	0	2	0	0	0	2	0	0	0	0	0	1	0	0	0	0	0	0	0	0	0	0	0	0	1	0	0	1	0	0	0	0	0	0	0	0	0	0	1	0	0	0	3	0	0	0	0	0	5	0	0	0	0	0	0	0	0	0
Point (36.38867900000000333 33.51105700000000098)	0	35.064709	36.694479	1	0	0	0	0	0	0	0	0	0	0	0	0	0	0	0	0	0	0	0	0	0	1	0	0	0	0	0	0	0	0	0	0	0	0	0	0	0	0	0	0	0	0	0	0	0	0	0	0	0	0	0	0	0	0	0	0	0	0	0	0	0	0	0	0	0	0	0	1	0	0	0	0	0	0	0	0	0
Point (36.40241100000000074 33.57322400000000329)	0	32.666699	36.1139	7	0	0	0	0	0	0	0	0	0	0	0	0	0	0	0	0	0	0	0	0	0	0	7	0	0	0	0	0	0	0	0	0	0	0	0	0	0	0	0	0	0	0	0	0	0	0	0	0	0	0	0	0	0	0	0	0	0	0	0	0	0	0	0	0	0	0	0	0	0	0	0	0	0	0	7	0	0
Point (36.3101429999999965 33.60018000000000171)	0	34.730539	36.521373	6	0	0	0	0	0	0	0	0	0	0	0	0	0	0	0	0	0	0	0	0	0	0	0	6	0	0	0	0	0	0	0	0	0	0	0	0	0	0	0	0	0	0	0	0	0	0	0	0	0	0	0	0	0	0	0	0	0	0	0	0	0	0	0	0	0	0	0	0	0	0	0	0	0	0	6	0	0
Point (36.19374299999999778 33.46681900000000098)	0	33.567002	36.319399	1	0	0	0	0	0	0	0	0	0	0	0	0	0	0	0	0	0	0	0	0	0	0	0	0	1	0	0	0	0	0	0	0	0	0	0	0	0	0	0	0	0	0	0	0	0	0	0	0	0	0	0	0	0	0	0	0	0	0	0	0	0	0	0	0	0	0	0	1	0	0	0	0	0	0	0	0	0
Point (36.24637100000000345 33.36329500000000081)	0	33.083299	35.649996	1	0	0	0	0	0	0	0	0	0	0	0	0	0	0	0	0	0	0	0	0	0	0	0	0	1	0	0	0	0	0	0	0	0	0	0	0	0	0	0	0	0	0	0	0	0	0	0	0	0	0	0	0	0	0	0	0	0	0	0	0	0	0	0	0	0	0	0	1	0	0	0	0	0	0	0	0	0
Point (36.72968199999999683 34.75092200000000275)	0	33.017992	36.130542	3	0	0	0	0	0	0	0	0	0	0	0	0	0	0	0	0	0	0	0	0	0	0	0	0	0	3	0	0	0	0	0	0	0	0	0	0	0	0	0	0	0	0	0	0	0	0	0	0	0	0	0	0	0	0	0	0	0	0	0	0	0	0	0	0	0	0	0	2	0	0	0	0	0	0	1	0	0
Point (36.73069999999999879 34.843395000000001)		0	36.382043	36.991596	5	0	0	0	0	0	0	0	0	0	0	0	0	0	0	0	0	0	0	0	0	0	0	0	0	0	0	0	1	0	0	0	0	0	0	0	0	0	0	0	0	0	0	0	0	0	0	4	0	0	0	0	0	0	0	0	0	0	0	0	0	0	0	0	0	0	0	0	5	0	0	0	0	0	0	0	0	0
Point (36.33329700000000173 32.61670000000000158)	0	32.7667 	35.816699	3	0	0	0	0	0	0	0	0	0	0	0	0	0	0	0	0	0	0	0	0	0	0	0	0	0	0	0	1	1	0	0	0	0	0	0	1	0	0	0	0	0	0	0	0	0	0	0	0	0	0	0	0	0	0	0	0	0	0	0	0	0	1	0	0	0	0	0	2	0	0	0	0	0	0	0	0	0
Point (36.09762700000000279 33.72655300000000267)	0	34.08963	36.763487	2	0	0	0	0	0	0	0	0	0	0	0	0	0	0	0	0	0	0	0	0	0	0	0	0	0	0	0	0	2	0	0	0	0	0	0	0	0	0	0	0	0	0	0	0	0	0	0	0	0	0	0	0	0	0	0	0	0	0	0	0	0	0	0	0	0	0	0	0	0	0	0	0	0	0	2	0	0
Point (36.18439699999999704 33.07258999999999816)	0	35.855666	38.54805	1	0	0	0	0	0	0	0	0	0	0	0	0	0	0	0	0	0	0	0	0	0	0	0	0	0	0	0	0	0	1	0	0	0	0	0	0	0	0	0	0	0	0	0	0	0	0	0	0	0	0	0	0	0	0	0	0	0	0	0	0	0	1	0	0	0	0	0	0	0	0	0	0	0	0	0	0	0
Point (36.72277400000000114 34.72863399999999956)	0	34.774966	36.782656	2	0	0	0	0	0	0	0	0	0	0	0	0	0	0	0	0	0	0	0	0	0	0	0	0	0	0	0	0	0	0	0	1	0	0	0	0	0	0	0	0	0	0	0	0	0	0	0	0	0	0	0	0	1	0	0	0	0	0	0	0	1	0	0	0	0	0	0	0	0	0	0	0	0	0	1	0	0
Point (35.79119699999999682 35.52649799999999658)	0	34.317069	36.922932	1	0	0	0	0	0	0	0	0	0	0	0	0	0	0	0	0	0	0	0	0	0	0	0	0	0	0	0	0	0	0	0	1	0	0	0	0	0	0	0	0	0	0	0	0	0	0	0	0	0	0	0	0	0	0	0	0	0	0	0	0	0	0	0	0	0	0	0	1	0	0	0	0	0	0	0	0	0
Point (36.07003699999999924 32.7355400000000003)	0	32.804201	35.848099	2	0	0	0	0	0	0	0	0	0	0	0	0	0	0	0	0	0	0	0	0	0	0	0	0	0	0	0	0	0	0	0	0	0	1	0	0	0	0	0	1	0	0	0	0	0	0	0	0	0	0	0	0	0	0	0	0	0	0	0	0	0	1	0	0	0	0	0	1	0	0	0	0	0	0	0	0	0
Point (36.20419700000000063 32.73330099999999732)	0	34.654109	36.854124	3	0	0	0	0	0	0	0	0	0	0	0	0	0	0	0	0	0	0	0	0	0	0	0	0	0	0	0	0	0	0	0	0	0	0	3	0	0	0	0	0	0	0	0	0	0	0	0	0	0	0	0	0	0	0	0	0	0	0	0	0	0	3	0	0	0	0	0	0	0	0	0	0	0	0	0	0	0
Point (36 33.04999899999999968)		0	32.962501	36.256396	1	0	0	0	0	0	0	0	0	0	0	0	0	0	0	0	0	0	0	0	0	0	0	0	0	0	0	0	0	0	0	0	0	0	0	0	1	0	0	0	0	0	0	0	0	0	0	0	0	0	0	0	0	0	0	0	0	0	0	0	0	0	0	0	0	0	0	0	1	0	0	0	0	0	0	0	0	0
Point (36.30781700000000001 32.74927999999999884)	0	34.788801	36.286165	1	0	0	0	0	0	0	0	0	0	0	0	0	0	0	0	0	0	0	0	0	0	0	0	0	0	0	0	0	0	0	0	0	0	0	0	0	0	0	0	0	0	0	0	0	0	1	0	0	0	0	0	0	0	0	0	0	0	0	0	0	0	0	0	0	0	0	0	1	0	0	0	0	0	0	0	0	0
Point (36.10302000000000078 32.62549700000000286)	0	34.259203	36.772413	1	0	0	0	0	0	0	0	0	0	0	0	0	0	0	0	0	0	0	0	0	0	0	0	0	0	0	0	0	0	0	0	0	0	0	0	0	0	0	0	0	0	0	0	0	0	0	1	0	0	0	0	0	0	0	0	0	0	0	0	0	0	0	0	0	0	0	0	0	0	0	0	0	0	0	1	0	0
Point (36.77241300000000024 34.25920299999999941)	0	32.625497	36.10302	7628	56	187	121	9	14	23	24	8	40	41	28	90	117	69	57	237	193	278	183	204	128	205	244	170	230	178	149	185	152	149	151	191	117	168	178	227	126	130	162	80	130	96	75	149	114	102	96	106	219	170	107	219	199	105	77	61	97	77	32	98	678	2027	2	21	7	1	0	3673	4	0	0	13	387	4	610	2	95