{"type":"Topology","objects":{"sctracts":{"type":"GeometryCollection","bbox":[-122.31768199999999,36.8506482495196,-121.581154,37.286055],"geometries":[{"type":"Polygon","properties":{"population":514,"area":429558},"id":60871215002,"arcs":[[0,1,2,3,4]]},{"type":"Polygon","properties":{"population":317,"area":580381},"id":60871222011,"arcs":[[5,6,7,8,9,10,11,12]]},{"type":"Polygon","properties":{"population":245,"area":373366},"id":60871217005,"arcs":[[13,14,15,16,17]]},{"type":"Polygon","properties":{"population":818,"area":468919},"id":60871216003,"arcs":[[18,19,20,21,22,23]]},{"type":"Polygon","properties":{"population":330,"area":454175},"id":60871007001,"arcs":[[24,25,26,27,28]]},{"type":"Polygon","properties":{"population":334,"area":312471},"id":60871011001,"arcs":[[29,30,31,32,33]]},{"type":"Polygon","properties":{"population":233,"area":108634},"id":60871010002,"arcs":[[34,35,36]]},{"type":"Polygon","properties":{"population":545,"area":410485},"id":60871008001,"arcs":[[37,38,39,40,41,42]]},{"type":"Polygon","properties":{"population":462,"area":120624},"id":60871215005,"arcs":[[43,44,-3]]},{"type":"Polygon","properties":{"population":410,"area":338008},"id":60871103002,"arcs":[[45,46,47,48,49,50]]},{"type":"Polygon","properties":{"population":589,"area":312813},"id":60871010007,"arcs":[[51,52,53,54]]},{"type":"Polygon","properties":{"population":310,"area":10229501},"id":60871211001,"arcs":[[55,56,57,58,59,60,61]]},{"type":"Polygon","properties":{"population":745,"area":405606},"id":60871008004,"arcs":[[62,-43,63,64,65,66,-52,67]]},{"type":"Polygon","properties":{"population":309,"area":1862482},"id":60871203023,"arcs":[[68,69]]},{"type":"Polygon","properties":{"population":214,"area":176502},"id":60871009005,"arcs":[[70,-66,71,72,73,74]]},{"type":"Polygon","properties":{"population":669,"area":1298997},"id":60871209004,"arcs":[[75,76,77,78]]},{"type":"Polygon","properties":{"population":375,"area":251987},"id":60871216001,"arcs":[[-44,-2,79,80,-20,81]]},{"type":"Polygon","properties":{"population":300,"area":326541},"id":60871002002,"arcs":[[82,83,84,85,86]]},{"type":"Polygon","properties":{"population":255,"area":223820},"id":60871002007,"arcs":[[87,88,89,90]]},{"type":"Polygon","properties":{"population":286,"area":229176},"id":60871006003,"arcs":[[91,92,93]]},{"type":"Polygon","properties":{"population":821,"area":449221},"id":60871009002,"arcs":[[94,-87,95,96,97,-40]]},{"type":"Polygon","properties":{"population":395,"area":201724},"id":60871011002,"arcs":[[98,99,100,-31,101]]},{"type":"Polygon","properties":{"population":569,"area":459434},"id":60871006001,"arcs":[[-93,102,103,-29,104,105,106]]},{"type":"Polygon","properties":{"population":299,"area":5421062},"id":60871223002,"arcs":[[107,108,109,110]]},{"type":"Polygon","properties":{"population":253,"area":435661},"id":60871106002,"arcs":[[111,112,113,114]]},{"type":"Polygon","properties":{"population":322,"area":443867},"id":60871105023,"arcs":[[115,116,117,118,119]]},{"type":"Polygon","properties":{"population":197,"area":296961},"id":60871009004,"arcs":[[120,121,122,123,124,125,-74]]},{"type":"Polygon","properties":{"population":344,"area":632341},"id":60871104003,"arcs":[[126,-114,127,128,129]]},{"type":"Polygon","properties":{"population":276,"area":1618078},"id":60871107002,"arcs":[[130,131,132,133]]},{"type":"Polygon","properties":{"population":0,"area":932861},"id":60871004002,"arcs":[[134,135,136]]},{"type":"Polygon","properties":{"population":167,"area":389041},"id":60871220012,"arcs":[[137,138,139]]},{"type":"Polygon","properties":{"population":286,"area":303048},"id":60871105014,"arcs":[[140,141,142,143]]},{"type":"Polygon","properties":{"population":560,"area":861324},"id":60871011004,"arcs":[[-101,144,145,146,-32]]},{"type":"Polygon","properties":{"population":332,"area":208401},"id":60871101002,"arcs":[[147,148,149,150,151,152]]},{"type":"Polygon","properties":{"population":381,"area":336206},"id":60871221001,"arcs":[[153,154,-6,155,156,157]]},{"type":"Polygon","properties":{"population":357,"area":478845},"id":60871105013,"arcs":[[158,159,-144,-128,-113]]},{"type":"Polygon","properties":{"population":682,"area":900068},"id":60871003002,"arcs":[[160,161,-103,-92,162,163]]},{"type":"Polygon","properties":{"population":395,"area":299165},"id":60871012002,"arcs":[[164,-34,165,166]]},{"type":"Polygon","properties":{"population":681,"area":515078},"id":60871105022,"arcs":[[167,168,169,170,-116,171,-141,-160]]},{"type":"Polygon","properties":{"population":244,"area":560059},"id":60871220014,"arcs":[[172,-138,173]]},{"type":"Polygon","properties":{"population":274,"area":366089},"id":60871106003,"arcs":[[174,175,-168,176,177]]},{"type":"Polygon","properties":{"population":148,"area":257306},"id":60871218004,"arcs":[[178,179,180,181,182]]},{"type":"Polygon","properties":{"population":484,"area":1054649},"id":60871104001,"arcs":[[183,184,-51,185,186]]},{"type":"Polygon","properties":{"population":817,"area":662260},"id":60871005002,"arcs":[[187,-164,188,189,190]]},{"type":"Polygon","properties":{"population":399,"area":1233352},"id":60871212005,"arcs":[[191,192,193,194]]},{"type":"Polygon","properties":{"population":556,"area":363184},"id":60871002005,"arcs":[[195,-195,196,-91,197]]},{"type":"Polygon","properties":{"population":202,"area":538262},"id":60871217002,"arcs":[[198,199,200,201,-15,202]]},{"type":"Polygon","properties":{"population":195,"area":309049},"id":60871213002,"arcs":[[203]]},{"type":"Polygon","properties":{"population":532,"area":21611019},"id":60871203013,"arcs":[[204,205,206,207,208,209,210,211,212]]},{"type":"Polygon","properties":{"population":610,"area":546369},"id":60871218003,"arcs":[[213,214,-179,215,216,217]]},{"type":"Polygon","properties":{"population":403,"area":1657500},"id":60871102001,"arcs":[[218,219,220,221,222,-117,-171]]},{"type":"Polygon","properties":{"population":546,"area":4537397},"id":60871003001,"arcs":[[223,224,-25,-104,-162,225,-136,226,227]]},{"type":"Polygon","properties":{"population":259,"area":249142},"id":60871214023,"arcs":[[228,229,230,231]]},{"type":"Polygon","properties":{"population":507,"area":12663017},"id":60871220011,"arcs":[[-59,232,233,234,235]]},{"type":"Polygon","properties":{"population":946,"area":2628216},"id":60871222021,"arcs":[[-9,236,237,238,239,240]]},{"type":"Polygon","properties":{"population":267,"area":8677404},"id":60871206003,"arcs":[[241,242,243,244,-207]]},{"type":"Polygon","properties":{"population":783,"area":340120},"id":60871010001,"arcs":[[-36,245,-68,-55,246,247]]},{"type":"Polygon","properties":{"population":476,"area":385070},"id":60871005001,"arcs":[[-163,248,249,-189]]},{"type":"Polygon","properties":{"population":484,"area":13309108},"id":60871205004,"arcs":[[250,251,252,253,254,255]]},{"type":"Polygon","properties":{"population":319,"area":3342512},"id":60871231002,"arcs":[[256,257,258,259,260]]},{"type":"Polygon","properties":{"population":378,"area":11952357},"id":60871212004,"arcs":[[261,-61,262,263,264,265,266]]},{"type":"Polygon","properties":{"population":199,"area":256790},"id":60871217003,"arcs":[[-203,-14,267]]},{"type":"Polygon","properties":{"population":232,"area":1203572},"id":60871004003,"arcs":[[268,-227,-135,269,270,271]]},{"type":"Polygon","properties":{"population":571,"area":405765},"id":60871103004,"arcs":[[272,-151,273,274,275,-49]]},{"type":"Polygon","properties":{"population":451,"area":16070146},"id":60871224003,"arcs":[[276,277,278,-134,279,280,281]]},{"type":"Polygon","properties":{"population":257,"area":6225291},"id":60871212001,"arcs":[[-62,-262,282,283,284,285]]},{"type":"Polygon","properties":{"population":232,"area":9673801},"id":60871224005,"arcs":[[286,287,288,289]]},{"type":"Polygon","properties":{"population":837,"area":8918187},"id":60871211002,"arcs":[[-263,-60,-236,290,291,292,293]]},{"type":"Polygon","properties":{"population":611,"area":937917},"id":60871106001,"arcs":[[-178,294,-115,-127,295,296]]},{"type":"Polygon","properties":{"population":506,"area":18626897},"id":60871202002,"arcs":[[297,298,299,300]]},{"type":"Polygon","properties":{"population":877,"area":16116396},"id":60871204003,"arcs":[[301,302,303,304,305]]},{"type":"Polygon","properties":{"population":497,"area":281536},"id":60871103003,"arcs":[[306,307,-46,-185,308]]},{"type":"Polygon","properties":{"population":332,"area":160844},"id":60871103001,"arcs":[[309,310,-47,-308]]},{"type":"Polygon","properties":{"population":546,"area":295336},"id":60871102002,"arcs":[[311,312,313,-153,314,315]]},{"type":"Polygon","properties":{"population":402,"area":265750},"id":60871002006,"arcs":[[-198,-90,316,-26,-225]]},{"type":"Polygon","properties":{"population":508,"area":1010449},"id":60871203022,"arcs":[[-210,317,318,319,-69,320]]},{"type":"Polygon","properties":{"population":405,"area":1020318},"id":60871107001,"arcs":[[-279,321,322,323,-131]]},{"type":"Polygon","properties":{"population":536,"area":2566633},"id":60871208003,"arcs":[[324,325,-192,-196,-224,326]]},{"type":"Polygon","properties":{"population":376,"area":17360738},"id":60871210002,"arcs":[[327,328,329,330]]},{"type":"Polygon","properties":{"population":380,"area":38351662},"id":60871210003,"arcs":[[-330,331,332,-233,-58,333]]},{"type":"Polygon","properties":{"population":433,"area":2851020},"id":60871225003,"arcs":[[334,335,336]]},{"type":"Polygon","properties":{"population":275,"area":409118},"id":60871215001,"arcs":[[337,338,-4,-45,339,340,341,-125]]},{"type":"Polygon","properties":{"population":310,"area":2886100},"id":60871104002,"arcs":[[-186,-50,-276,342,343]]},{"type":"Polygon","properties":{"population":416,"area":352446},"id":60871101001,"arcs":[[-315,-152,-273,-48,344]]},{"type":"Polygon","properties":{"population":475,"area":5802240},"id":60871225002,"arcs":[[-260,345,346,-337,-220,347,348]]},{"type":"Polygon","properties":{"population":762,"area":384156},"id":60871106004,"arcs":[[-323,349,350,-169,-176,351]]},{"type":"Polygon","properties":{"population":483,"area":512482},"id":60871105021,"arcs":[[-348,-219,-170,-351]]},{"type":"Polygon","properties":{"population":410,"area":374651},"id":60871213003,"arcs":[[352,353]]},{"type":"Polygon","properties":{"population":462,"area":2534929},"id":60871220031,"arcs":[[354,355,356]]},{"type":"Polygon","properties":{"population":701,"area":26644593},"id":60871205003,"arcs":[[357,-256,358,-302,359]]},{"type":"Polygon","properties":{"population":557,"area":18587399},"id":60871210001,"arcs":[[360,-331,-334,-57,361,362]]},{"type":"Polygon","properties":{"population":375,"area":14712176},"id":60871206002,"arcs":[[363,-244,364,365,366,367,368,369,370]]},{"type":"Polygon","properties":{"population":273,"area":4650044},"id":60871206001,"arcs":[[371,-365,-243]]},{"type":"Polygon","properties":{"population":287,"area":2584278},"id":60871001001,"arcs":[[372,-266,373,374,375,-194]]},{"type":"Polygon","properties":{"population":736,"area":16664090},"id":60871207003,"arcs":[[376,377,378,379,380,381,-327,-228,-269,382]]},{"type":"Polygon","properties":{"population":492,"area":1349540},"id":60871212002,"arcs":[[-284,383]]},{"type":"Polygon","properties":{"population":366,"area":1320506},"id":60871204004,"arcs":[[384,-212,385,-304]]},{"type":"Polygon","properties":{"population":882,"area":4379565},"id":60871005003,"arcs":[[-271,386,-191,387,388,389]]},{"type":"Polygon","properties":{"population":841,"area":3534146},"id":60871208002,"arcs":[[390,391,-325,-382,392]]},{"type":"Polygon","properties":{"population":486,"area":1552741},"id":60871221002,"arcs":[[-181,393,394,395,396,397,-158,398]]},{"type":"Polygon","properties":{"population":286,"area":2188018},"id":60871222014,"arcs":[[399,400,401]]},{"type":"Polygon","properties":{"population":388,"area":5335528},"id":60871204002,"arcs":[[-254,402,-205,403]]},{"type":"Polygon","properties":{"population":592,"area":472484},"id":60871218001,"arcs":[[404,-394,-180,-215]]},{"type":"Polygon","properties":{"population":717,"area":7597851},"id":60871203012,"arcs":[[405,406,-378,407,-299]]},{"type":"Polygon","properties":{"population":542,"area":2826278},"id":60871207002,"arcs":[[-377,-300,-408]]},{"type":"Polygon","properties":{"population":748,"area":536150},"id":60871216004,"arcs":[[-340,-82,-19,408]]},{"type":"Polygon","properties":{"population":492,"area":481886},"id":60871222013,"arcs":[[409,-12,410]]},{"type":"Polygon","properties":{"population":530,"area":499289},"id":60871002003,"arcs":[[411,-375,-83,-95,-39]]},{"type":"Polygon","properties":{"population":549,"area":482046},"id":60871007002,"arcs":[[412,-246,-35,413,-27]]},{"type":"Polygon","properties":{"population":229,"area":154320},"id":60871008006,"arcs":[[-41,-98,414,415,416]]},{"type":"Polygon","properties":{"population":210,"area":180537},"id":60871010005,"arcs":[[417,418,419,-106]]},{"type":"Polygon","properties":{"population":263,"area":234204},"id":60871010003,"arcs":[[-28,-414,-37,-248,420,-418,-105]]},{"type":"Polygon","properties":{"population":275,"area":1079199},"id":60871012001,"arcs":[[-388,-190,-250,421,422,423,-165,424]]},{"type":"Polygon","properties":{"population":1046,"area":8881559},"id":60871209001,"arcs":[[425,426,-368,427,-362,-56,-286,428,-391,-77]]},{"type":"MultiPolygon","properties":{"population":463,"area":568924},"id":60871216002,"arcs":[[[429,-183,430,-22,431]],[[-409,-24,432,-341]]]},{"type":"Polygon","properties":{"population":300,"area":26693137},"id":60871223001,"arcs":[[433,-280,-133,434,-296,-130,435,-187,-344,436,-109]]},{"type":"Polygon","properties":{"population":1099,"area":273146708},"id":60871202001,"arcs":[[-360,-306,437,-301,-383,-272,-390,438,439]]},{"type":"Polygon","properties":{"population":733,"area":11819213},"id":60871212003,"arcs":[[-429,-285,-384,-283,-267,-373,-193,-326,-392]]},{"type":"Polygon","properties":{"population":613,"area":3159774},"id":60871220015,"arcs":[[-235,440,441,-174,-140,442,443,-291]]},{"type":"Polygon","properties":{"population":883,"area":1411005},"id":60871104004,"arcs":[[-129,-143,444,445,-309,-184,-436]]},{"type":"Polygon","properties":{"population":571,"area":409037},"id":60871105012,"arcs":[[-120,446,-445,-142,-172]]},{"type":"Polygon","properties":{"population":219,"area":1764937},"id":60871107003,"arcs":[[-324,-352,-175,-297,-435,-132]]},{"type":"Polygon","properties":{"population":461,"area":4354475},"id":60871231001,"arcs":[[447,-261,-349,-350,-322,-278]]},{"type":"Polygon","properties":{"population":624,"area":3429491},"id":60871206004,"arcs":[[-245,-364,448,449,-208]]},{"type":"Polygon","properties":{"population":310,"area":431457},"id":60871220035,"arcs":[[450,-293,451,452,-201,453]]},{"type":"Polygon","properties":{"population":625,"area":482115},"id":60871214021,"arcs":[[-231,454,-199,-268,455,456]]},{"type":"Polygon","properties":{"population":442,"area":1400126},"id":60871222012,"arcs":[[-411,-11,457,458,459,460]]},{"type":"Polygon","properties":{"population":145,"area":2721531},"id":60871004001,"arcs":[[-137,-226,-161,-188,-387,-270]]},{"type":"Polygon","properties":{"population":300,"area":8956570},"id":60871224006,"arcs":[[461,-401,462,463,-282,464,-238,465]]},{"type":"Polygon","properties":{"population":326,"area":756745},"id":60871222015,"arcs":[[466,467,-466,-237,-8,468,469]]},{"type":"Polygon","properties":{"population":310,"area":2671125},"id":60871225001,"arcs":[[470,-288,471,-346,-259]]},{"type":"Polygon","properties":{"population":427,"area":233336},"id":60871216005,"arcs":[[472,-432,-21,-81]]},{"type":"Polygon","properties":{"population":533,"area":449692},"id":60871008003,"arcs":[[-89,473,-38,-63,-413,-317]]},{"type":"Polygon","properties":{"population":583,"area":19568907},"id":60871205002,"arcs":[[474,-363,-428,-367,475]]},{"type":"Polygon","properties":{"population":964,"area":20538892},"id":60871203011,"arcs":[[-305,-386,-211,-321,-70,-320,-406,-298,-438]]},{"type":"Polygon","properties":{"population":548,"area":292247},"id":60871101003,"arcs":[[476,-148,-314]]},{"type":"Polygon","properties":{"population":445,"area":73180021},"id":60871233001,"arcs":[[-287,477,478,-274,-150,479,-335,-347,-472]]},{"type":"Polygon","properties":{"population":830,"area":60351004},"id":60871224001,"arcs":[[-332,-329,480,-478,-290,481,-257,482,483,484]]},{"type":"Polygon","properties":{"population":233,"area":199519},"id":60871222017,"arcs":[[-156,-13,-410,-461,485]]},{"type":"Polygon","properties":{"population":1128,"area":530089},"id":60871010006,"arcs":[[-419,-421,-247,-54,486,-145,-100,487]]},{"type":"Polygon","properties":{"population":578,"area":570711},"id":60871214012,"arcs":[[488,489,-232,-457,490,491,492]]},{"type":"Polygon","properties":{"population":385,"area":2302765},"id":60871207001,"arcs":[[-370,493,494,-380,495]]},{"type":"Polygon","properties":{"population":544,"area":852907},"id":60871222032,"arcs":[[-240,496,-111,497,-459,498]]},{"type":"Polygon","properties":{"population":981,"area":3722800},"id":60871209003,"arcs":[[499,-426,-76]]},{"type":"Polygon","properties":{"population":717,"area":608201},"id":60871214022,"arcs":[[-456,-18,500,-1,501]]},{"type":"Polygon","properties":{"population":680,"area":559419},"id":60871215003,"arcs":[[502,503,-5,-339,504]]},{"type":"Polygon","properties":{"population":313,"area":219906},"id":60871011003,"arcs":[[505,-102,-30,-424]]},{"type":"Polygon","properties":{"population":629,"area":3024917},"id":60871222016,"arcs":[[506,507,-402,-462,-468]]},{"type":"Polygon","properties":{"population":317,"area":14612952},"id":60871220013,"arcs":[[-234,508,-357,509,-441]]},{"type":"Polygon","properties":{"population":228,"area":569313},"id":60871203021,"arcs":[[-209,-450,510,-318]]},{"type":"Polygon","properties":{"population":266,"area":196980},"id":60871009003,"arcs":[[-97,511,-121,-73,512,-415]]},{"type":"Polygon","properties":{"population":1040,"area":706743},"id":60871217001,"arcs":[[-453,513,-217,514,-202]]},{"type":"Polygon","properties":{"population":365,"area":421101},"id":60871220034,"arcs":[[-292,-444,515,-218,-514,-452]]},{"type":"Polygon","properties":{"population":360,"area":6310675},"id":60871224002,"arcs":[[516,-483,-448,-277,-464,517]]},{"type":"Polygon","properties":{"population":433,"area":712378},"id":60871001002,"arcs":[[-265,518,519,520,-84,-374]]},{"type":"Polygon","properties":{"population":459,"area":782791},"id":60871220032,"arcs":[[-356,521,-469,-7,-155,522,-397,523]]},{"type":"Polygon","properties":{"population":360,"area":614036},"id":60871214011,"arcs":[[-520,524,525,-229,-490,526]]},{"type":"Polygon","properties":{"population":903,"area":2676000},"id":60871213001,"arcs":[[-264,-294,-451,527,-354,528,-525,-519],[-204]]},{"type":"Polygon","properties":{"population":484,"area":7422611},"id":60871220022,"arcs":[[-507,-467,529]]},{"type":"Polygon","properties":{"population":827,"area":44311754},"id":60871220021,"arcs":[[-509,-333,-485,530,-518,-463,-400,-508,-530,-470,-522,-355]]},{"type":"Polygon","properties":{"population":834,"area":584652},"id":60871218002,"arcs":[[531,-395,-405,-214]]},{"type":"Polygon","properties":{"population":273,"area":366758},"id":60871214033,"arcs":[[532,-493,533,534,-123]]},{"type":"Polygon","properties":{"population":324,"area":3015002},"id":60871206005,"arcs":[[-449,-371,-496,-379,-407,-319,-511]]},{"type":"Polygon","properties":{"population":863,"area":9732051},"id":60871223003,"arcs":[[-239,-465,-281,-434,-108,-497]]},{"type":"Polygon","properties":{"population":832,"area":650077},"id":60871105011,"arcs":[[-119,535,536,-310,-307,-446,-447]]},{"type":"Polygon","properties":{"population":332,"area":831703},"id":60871225004,"arcs":[[-289,-471,-258,-482]]},{"type":"Polygon","properties":{"population":415,"area":10872345},"id":60871209002,"arcs":[[-427,-500,-79,-494,-369]]},{"type":"Polygon","properties":{"population":259,"area":282176},"id":60871002004,"arcs":[[-197,-376,-412,-474,-88]]},{"type":"Polygon","properties":{"population":381,"area":169945},"id":60871008002,"arcs":[[537,-416,-513,-72,-65]]},{"type":"Polygon","properties":{"population":309,"area":43424255},"id":60871205001,"arcs":[[538,-252,539]]},{"type":"Polygon","properties":{"population":612,"area":4054218},"id":60871204001,"arcs":[[-255,-404,-213,-385,-303,-359]]},{"type":"Polygon","properties":{"population":1004,"area":1627265},"id":60871222031,"arcs":[[-241,-499,-458,-10]]},{"type":"Polygon","properties":{"population":428,"area":766366},"id":60871009001,"arcs":[[-96,-86,540,-489,-533,-122,-512]]},{"type":"Polygon","properties":{"population":518,"area":2931118},"id":60871012003,"arcs":[[-389,-425,-167,541,-439]]},{"type":"Polygon","properties":{"population":426,"area":361272},"id":60871006002,"arcs":[[-94,-107,542,-422,-249]]},{"type":"Polygon","properties":{"population":383,"area":300503},"id":60871102004,"arcs":[[-223,543,-312,544,-536,-118]]},{"type":"Polygon","properties":{"population":397,"area":43223363},"id":60871205005,"arcs":[[-539,545,-476,-366,-372,-242,-206,-403,-253]]},{"type":"Polygon","properties":{"population":262,"area":478505},"id":60871002001,"arcs":[[-521,-527,-541,-85]]},{"type":"Polygon","properties":{"population":624,"area":382694},"id":60871221003,"arcs":[[-523,-154,-398]]},{"type":"Polygon","properties":{"population":228,"area":556785},"id":60871213004,"arcs":[[-353,-528,-454,-200,-455,-230,-526,-529]]},{"type":"Polygon","properties":{"population":986,"area":1819448},"id":60871208001,"arcs":[[-78,-393,-381,-495]]},{"type":"Polygon","properties":{"population":364,"area":4720429},"id":60871224004,"arcs":[[-484,-517,-531]]},{"type":"Polygon","properties":{"population":288,"area":256119},"id":60871217006,"arcs":[[-17,546,-473,-80,-501]]},{"type":"Polygon","properties":{"population":188,"area":424090},"id":60871010004,"arcs":[[-487,-53,-67,-71,547,-146]]},{"type":"Polygon","properties":{"population":1241,"area":1600801},"id":60871101004,"arcs":[[-221,-336,-480,-149,-477,548]]},{"type":"Polygon","properties":{"population":698,"area":542468},"id":60871214031,"arcs":[[-534,-492,549,-503,550]]},{"type":"Polygon","properties":{"population":877,"area":509641},"id":60871217004,"arcs":[[-515,-216,-430,-547,-16]]},{"type":"Polygon","properties":{"population":417,"area":320511},"id":60871011005,"arcs":[[-543,-420,-488,-99,-506,-423]]},{"type":"Polygon","properties":{"population":265,"area":317612},"id":60871106005,"arcs":[[-177,-159,-112,-295]]},{"type":"Polygon","properties":{"population":459,"area":297416},"id":60871008005,"arcs":[[-42,-417,-538,-64]]},{"type":"Polygon","properties":{"population":1028,"area":1376128},"id":60871220033,"arcs":[[-443,-139,-173,-442,-510,-524,-396,-532,-516]]},{"type":"Polygon","properties":{"population":549,"area":393640},"id":60871102005,"arcs":[[-549,-313,-544,-222]]},{"type":"Polygon","properties":{"population":382,"area":351776},"id":60871214032,"arcs":[[-491,-502,-504,-550]]},{"type":"Polygon","properties":{"population":316,"area":314336},"id":60871102003,"arcs":[[-545,-316,-345,-311,-537]]},{"type":"Polygon","properties":{"population":423,"area":269357},"id":60871215004,"arcs":[[-551,-505,-338,-124,-535]]}]}},"arcs":[[[4516,2723],[130,-35]],[[4646,2688],[-3,-18],[-5,-28]],[[4638,2642],[-61,18],[-18,-86]],[[4559,2574],[-42,-9],[-42,11]],[[4475,2576],[42,116],[-1,31]],[[5617,2827],[21,19],[4,11]],[[5642,2857],[40,-6],[19,2]],[[5701,2853],[120,10],[34,-8]],[[5855,2855],[-21,-20]],[[5834,2835],[-50,-61],[-9,-5],[-37,-6],[-18,5]],[[5720,2768],[-3,-1]],[[5717,2767],[-18,-15],[-25,-34]],[[5674,2718],[-8,61],[-45,-9],[-4,57]],[[4654,2837],[23,-11],[21,0]],[[4698,2826],[57,0],[34,0]],[[4789,2826],[0,-80]],[[4789,2746],[-14,-1],[-20,1],[-11,0],[-70,0],[-33,-12]],[[4641,2734],[7,82],[6,21]],[[4661,2415],[16,0],[0,175]],[[4677,2590],[35,0]],[[4712,2590],[43,0],[29,1],[5,1]],[[4789,2592],[1,-67]],[[4790,2525],[-36,-48],[-72,-100],[-23,-1]],[[4659,2376],[2,39]],[[3869,2885],[12,14],[-7,101],[7,33],[57,53]],[[3938,3086],[40,-156]],[[3978,2930],[-9,-9],[-42,48],[-15,49],[-11,-150],[-21,-73],[-11,-12]],[[3869,2783],[-37,13]],[[3832,2796],[19,54],[18,35]],[[3731,2427],[69,16]],[[3800,2443],[55,12]],[[3855,2455],[0,-84],[-47,-38]],[[3808,2333],[-57,11],[-7,-12]],[[3744,2332],[-13,95]],[[3899,2782],[47,16]],[[3946,2798],[10,-79],[-41,-8]],[[3915,2711],[-16,71]],[[4056,2846],[40,54],[26,103]],[[4122,3003],[13,0],[31,0]],[[4166,3003],[6,-35],[25,-105]],[[4197,2863],[-62,-8]],[[4135,2855],[-38,-14],[-32,-24]],[[4065,2817],[-9,29]],[[4638,2642],[-5,-12],[-25,-38]],[[4608,2592],[-3,-1],[-46,-17]],[[7569,1371],[43,53]],[[7612,1424],[44,54]],[[7656,1478],[47,-71]],[[7703,1407],[-53,-62],[-20,-1],[23,-35],[-16,-19]],[[7637,1290],[-39,60]],[[7598,1350],[-15,5],[-14,16]],[[4003,2735],[14,-32],[40,-7]],[[4057,2696],[15,-78],[-32,-9],[-35,-25],[-34,-20]],[[3971,2564],[1,18]],[[3972,2582],[-15,37],[35,59],[11,57]],[[4593,5242],[32,51],[4,28]],[[4629,5321],[59,74],[38,2],[46,-53],[17,-71],[56,-47],[11,-41],[-5,-40],[19,-92],[0,-5],[45,-26],[26,27],[7,-26],[38,-16],[12,-38],[7,-29],[41,-32],[57,-165]],[[5103,4743],[0,-25],[29,-30],[22,-101],[-10,-105]],[[5144,4482],[-26,-19],[-25,-104],[-28,-58],[9,-56],[-53,-97]],[[5021,4148],[2,86],[-40,152],[-19,29],[-11,62],[0,93],[-11,43],[-26,35],[-32,60],[-21,22],[-18,-37],[-9,-16],[-19,31]],[[4817,4708],[-16,1],[-62,3],[-12,5],[-31,-5],[-80,-41]],[[4616,4671],[-3,37],[-33,47],[-28,119],[4,33],[-33,-2],[-9,22],[13,51],[9,10],[-3,24],[-12,42],[-2,66],[72,96],[2,26]],[[3999,2822],[35,12],[22,12]],[[4065,2817],[16,-54],[19,9],[15,-63],[20,-26]],[[4135,2683],[13,-29]],[[4148,2654],[-7,-5]],[[4141,2649],[-16,35],[-68,12]],[[4003,2735],[-6,76],[2,11]],[[3096,5400],[10,-35],[30,-48],[35,-33],[13,-57],[-16,-32],[-2,-66],[5,-97]],[[3171,5032],[-19,50],[-27,-2],[-32,18],[-19,29],[-52,13],[-19,18],[-33,9],[-24,23],[-40,79],[20,25],[3,37],[52,46],[80,37],[35,-14]],[[4140,2585],[2,15],[-1,49]],[[4148,2654],[21,13],[37,14]],[[4206,2681],[0,-3]],[[4206,2678],[3,-73],[12,-50]],[[4221,2555],[-81,30]],[[4072,4864],[-2,-11],[-41,-64],[-3,-54],[5,-13],[-28,-50],[-22,-19],[-7,-49],[11,-77],[-4,-57],[11,-25]],[[3992,4445],[-20,-23]],[[3972,4422],[-23,44],[-52,47],[-43,17],[-44,58]],[[3810,4588],[7,78],[32,16],[4,10],[72,60],[11,-17],[9,-5],[26,11],[14,11],[38,62],[49,50]],[[4646,2688],[29,-6],[28,2]],[[4703,2684],[29,-10],[-5,-34],[-15,0],[0,-50]],[[4677,2590],[-60,3],[-9,-1]],[[4220,3002],[33,121],[14,36]],[[4267,3159],[61,-2]],[[4328,3157],[-38,-154]],[[4290,3003],[-42,2]],[[4248,3005],[-28,-3]],[[4095,3085],[-42,-49],[2,-57]],[[4055,2979],[-31,-18]],[[4024,2961],[-29,128]],[[3995,3089],[5,14],[95,-18]],[[3686,2730],[25,39],[34,80]],[[3745,2849],[50,-38],[-67,-113]],[[3728,2698],[-33,20],[-9,12]],[[4166,3003],[54,-1]],[[4248,3005],[26,-182],[-37,-8]],[[4237,2815],[-33,0]],[[4204,2815],[0,13],[-7,35]],[[3805,2521],[13,27],[21,33]],[[3839,2581],[33,-38]],[[3872,2543],[-13,-9],[-4,-79]],[[3800,2443],[-5,45],[10,33]],[[3745,2849],[28,30],[64,10],[22,33]],[[3859,2922],[10,-37]],[[3832,2796],[-26,-65]],[[3806,2731],[-15,-39],[-25,-29]],[[3766,2663],[-38,35]],[[6132,1989],[13,-19],[20,-56],[46,-38],[68,-31],[160,-168],[58,-32],[27,-25],[17,-44],[25,-30]],[[6566,1546],[32,-46],[50,-195],[20,-61],[33,-64],[-164,-102],[-41,-19]],[[6496,1059],[-233,595],[-80,204],[-64,111]],[[6119,1969],[13,20]],[[7237,1734],[27,-7],[18,23],[25,-14]],[[7307,1736],[-60,-175]],[[7247,1561],[-38,10]],[[7209,1571],[-35,38],[28,50],[0,67],[35,8]],[[7426,1761],[42,53]],[[7468,1814],[59,-107]],[[7527,1707],[9,-17]],[[7536,1690],[-46,-46],[-28,-40]],[[7462,1604],[-3,18],[-24,27],[-27,75],[18,37]],[[4206,2678],[45,16],[26,0]],[[4277,2694],[2,4]],[[4279,2698],[10,0]],[[4289,2698],[19,-89],[-3,-54]],[[4305,2555],[0,-31]],[[4305,2524],[-25,9],[-59,22]],[[7158,1586],[51,-15]],[[7247,1561],[81,-23]],[[7328,1538],[-15,-56],[-19,0],[-28,-182]],[[7266,1300],[-27,73],[-34,90],[-47,123]],[[7060,2175],[42,-31]],[[7102,2144],[-14,-97],[-19,-84],[0,-81],[-11,-51],[-36,-74],[-4,-12]],[[7018,1745],[-20,20]],[[6998,1765],[5,13],[-23,102],[-45,54],[-35,202],[-12,22],[75,-7],[75,8],[22,16]],[[3567,3402],[10,-5],[46,0]],[[3623,3397],[9,-8],[0,-16],[16,76],[5,-255],[13,-93],[-7,-17]],[[3659,3084],[-8,-30],[-30,-36],[-45,110],[2,39],[-20,138],[9,97]],[[5059,3357],[55,3],[-26,-210]],[[5088,3150],[-43,-2]],[[5045,3148],[-9,18],[-1,98],[24,93]],[[7362,1751],[-1,-71],[10,-28]],[[7371,1652],[28,-47],[19,-51],[-1,-3],[-23,-31]],[[7394,1520],[-66,18]],[[7328,1538],[-1,55],[35,158]],[[3872,2543],[24,-21],[46,18],[21,-25]],[[3963,2515],[4,-15]],[[3967,2500],[-1,-2],[0,-81],[-22,-109],[-136,25]],[[7738,1592],[81,-72]],[[7819,1520],[9,-10]],[[7828,1510],[-25,-13],[-31,-75]],[[7772,1422],[-23,-15]],[[7749,1407],[23,34],[8,18],[-63,94]],[[7717,1553],[16,20],[5,19]],[[5440,2895],[30,-26],[40,-6],[-4,-14],[102,-5],[29,14]],[[5637,2858],[5,-1]],[[5617,2827],[-15,-16],[-22,-93]],[[5580,2718],[-52,35]],[[5528,2753],[-26,87],[-24,-24],[-35,24],[-3,55]],[[7307,1736],[32,93]],[[7339,1829],[12,-16],[11,-62]],[[3583,2906],[22,-2],[19,3]],[[3624,2907],[81,20],[9,35],[114,2],[33,-18],[-2,-24]],[[3686,2730],[-40,83],[-17,19]],[[3629,2832],[-39,42],[-7,32]],[[3655,2411],[76,16]],[[3744,2332],[-5,-10],[-14,-24],[-49,-18]],[[3676,2280],[-8,3],[-13,128]],[[7339,1829],[32,81],[7,8]],[[7378,1918],[12,19]],[[7390,1937],[74,-115]],[[7464,1822],[4,-8]],[[7426,1761],[-8,13],[-22,-28],[-25,-94]],[[5148,3154],[-19,-5],[-41,1]],[[5059,3357],[27,62],[41,12],[46,54],[6,-69],[-17,-88],[-25,-46],[10,-52],[-8,-42],[9,-34]],[[7223,1892],[56,50],[11,6]],[[7290,1948],[44,10],[44,-40]],[[7339,1829],[-18,28],[-73,-14]],[[7248,1843],[-17,22],[-8,27]],[[4951,2797],[28,-11],[8,78]],[[4987,2864],[129,57],[27,37]],[[5143,2958],[-8,-32]],[[5135,2926],[-1,-1],[-165,-151],[-4,-6]],[[4965,2768],[-14,29]],[[7307,1191],[77,56],[42,48],[15,123],[33,61]],[[7474,1479],[95,-108]],[[7598,1350],[-116,-79],[-59,-75],[-80,-100]],[[7343,1096],[-36,95]],[[3554,2913],[29,-7]],[[3629,2832],[-8,-74],[27,-84],[-9,-37],[-37,2],[22,-19],[-16,-77],[34,-19]],[[3642,2524],[-18,-3],[-23,3]],[[3601,2524],[-1,52],[-19,22],[-2,52],[-35,96],[9,107],[1,60]],[[4014,3196],[20,35],[5,10],[17,58],[-14,50],[-14,30],[-7,37],[2,25],[11,50],[1,18],[-6,77],[-9,43]],[[4020,3629],[15,-39],[29,19],[-1,-23],[-2,-10],[19,-84],[5,-11],[-1,-12],[9,-18],[11,-12],[7,-20],[11,-9],[31,-5],[28,1],[7,-16]],[[4188,3390],[-11,-29],[-23,-52],[0,-75],[-21,-67]],[[4133,3167],[-112,22],[-7,7]],[[3976,3112],[38,84]],[[4133,3167],[-10,-49],[-28,-33]],[[3995,3089],[-19,23]],[[4706,3040],[0,5]],[[4706,3045],[20,-6]],[[4726,3039],[55,-6],[15,-1]],[[4796,3032],[-7,-47],[0,-52],[0,-107]],[[4698,2826],[0,2],[7,54],[1,7],[0,7],[-3,18],[1,13],[1,9],[4,32],[18,66],[-21,6]],[[4627,3538],[3,39],[14,-67],[24,-5],[23,-49],[-20,-66],[-18,13],[-10,-52],[-25,22],[14,95],[-42,10],[37,60]],[[2643,6380],[84,-2],[53,24],[66,72],[43,-3],[33,23],[30,81]],[[2952,6575],[65,29],[28,65],[25,8],[19,54],[34,38],[-6,42],[19,51],[61,78],[-5,46],[14,44],[-3,48],[-12,37],[12,31],[35,0],[31,47],[30,25],[-18,-27],[32,-24],[73,8],[45,50],[-1,-20],[23,-17],[8,-30],[30,27],[-32,-169],[-29,-28],[-18,-42],[2,-33],[35,-105],[74,-71],[27,-34],[24,-45],[-10,-15],[-3,-35],[-26,-55],[-3,-49],[12,-24],[-4,-55],[6,-57],[-68,-58],[1,-22]],[[3479,6288],[-12,-44],[3,-108],[9,-24],[-4,-29],[-36,-20],[-2,-36],[-15,-34],[-15,-63],[-34,-38],[-24,-11],[-2,-41],[-33,-44],[-24,-88],[22,-48],[10,-15],[-48,-105],[-7,-11],[-16,-26],[2,-52]],[[3253,5451],[-26,-87],[-23,-9]],[[3204,5355],[-21,35],[29,-8],[-1,32],[-24,20]],[[3187,5434],[-20,84],[-17,14],[-1,84],[-6,-10]],[[3143,5606],[4,48],[-15,64],[-6,88],[6,29],[-16,52],[-35,38],[-18,40],[-45,27],[-34,64],[-34,-7],[-18,23],[-17,-5],[-1,51],[-8,-4],[-12,15],[-6,3],[-10,-4],[-6,-1],[-3,5],[-1,10],[2,10],[9,18],[7,6],[-6,26],[-14,-2]],[[2866,6200],[-50,-12],[-5,71],[-21,13],[-22,-20],[-43,37],[-13,-25],[-11,54],[-27,18],[-25,-11]],[[2649,6325],[-5,27],[-1,28]],[[4964,3054],[-15,-113],[40,-54]],[[4989,2887],[-2,-23]],[[4951,2797],[-18,29]],[[4933,2826],[-23,53],[-19,92],[-28,67]],[[4863,3038],[11,2],[78,12],[12,2]],[[7464,1822],[65,81],[18,23]],[[7547,1926],[8,-21],[57,6],[69,55],[26,-1],[39,-36],[52,9]],[[7798,1938],[0,-7],[-13,-91],[-18,-94]],[[7767,1746],[-141,48],[7,-39]],[[7633,1755],[-16,-5],[-90,-43]],[[3947,3176],[14,-36],[15,-28]],[[3976,3112],[-38,-26]],[[3624,2907],[-1,35],[44,22],[-31,61],[15,2],[6,27],[2,30]],[[3623,3397],[-3,69]],[[3620,3466],[-19,189],[37,24],[5,-29],[24,-37],[56,-36],[27,-43],[64,-66],[10,-47],[-6,-34],[0,-32],[33,-28],[31,-102],[35,18],[30,-67]],[[4563,3023],[32,-9],[6,75]],[[4601,3089],[64,-27]],[[4665,3062],[-6,-65],[-5,-35],[-90,27]],[[4564,2989],[-1,34]],[[5144,4482],[9,-28],[23,-5],[20,40],[49,28],[38,70],[16,10],[31,50],[15,43],[83,113],[7,25],[48,46],[35,-27],[26,-34],[23,12],[48,-26],[49,-55],[26,-55],[30,31],[63,-42],[35,29],[20,-23],[21,11]],[[5859,4695],[-18,-12],[-39,-6],[-43,-28],[-61,12],[-18,-21],[-25,1],[-48,-35],[-45,-20],[-19,-37],[-2,-57],[-21,-39],[-35,-6],[-44,-8],[-23,-37],[-47,-52],[-33,-99],[-69,-25],[-13,-21],[-1,-32],[27,-68],[13,-52],[-12,-91],[-27,-77],[63,-68]],[[5319,3817],[-30,-41],[-79,-106],[-17,-5],[-14,-23],[-41,-128],[-27,-30],[-51,-36],[-22,-25],[-105,-82],[-14,-30],[-19,9]],[[4900,3320],[11,106],[16,72],[28,78],[-12,60],[5,43],[6,40],[12,82],[-7,25],[11,50],[-1,22],[4,128],[39,43],[9,79]],[[5855,2855],[167,-98],[11,-10]],[[6033,2747],[23,-26],[121,-197]],[[6177,2524],[-22,-89],[-1,-130]],[[6154,2305],[-34,-11],[-34,27]],[[6086,2321],[0,22],[-43,59],[-35,3],[-30,72],[-4,41],[-25,17],[10,34],[-10,40],[-30,17],[-4,40],[-61,101],[-16,16],[-4,52]],[[3479,6288],[14,13],[29,5],[58,55],[13,-57],[57,64],[24,71],[30,-7],[0,67],[23,28],[46,-35],[44,82]],[[3817,6574],[11,-98],[-7,-43],[-60,-21],[-24,-45],[-6,-25],[-27,5],[-36,-12],[-42,-50],[-15,-72],[25,-79],[1,-50],[9,-43],[16,-23],[-1,-44],[-25,-35],[-13,-68],[-17,-40],[0,-60],[-17,-38],[-1,-62],[9,-46],[-5,-108],[0,-38],[15,-47]],[[3607,5432],[5,-15],[-3,-22],[18,-105],[-42,-120],[-21,-34]],[[3564,5136],[-48,86],[-54,57],[-39,111],[-29,7],[-3,-37],[-31,-56],[-36,-8],[-18,41],[7,42],[-9,45],[18,41],[-19,42],[-23,-4],[-7,-55],[-20,3]],[[3946,2798],[16,12],[37,12]],[[3972,2582],[-29,-7],[-3,44],[-25,89]],[[3915,2708],[0,3]],[[3686,2730],[-2,-81],[-43,-65],[17,-51]],[[3658,2533],[-16,-9]],[[2207,8377],[32,0],[-1,15],[-2,146],[8,52]],[[2244,8590],[62,-11],[-18,62],[18,44],[-10,26],[-5,36],[18,52],[60,27],[38,-58],[-17,-26],[-33,12],[-19,-39],[7,-5],[4,-39],[32,-31],[-34,-8],[35,-36],[0,-27],[18,5],[29,-43],[-16,-52],[5,-32],[-32,-39],[-22,-10],[43,-27],[-9,-37],[28,-22],[-5,-28],[51,16],[13,-13],[24,33],[-30,46],[30,-10],[41,-30],[26,14],[-8,-24],[20,-33],[-30,-38],[6,-5]],[[2564,8240],[13,-12],[-11,-96],[40,-51],[55,-38],[16,26],[28,-5],[10,-21],[-20,-17],[-21,-70],[11,-25],[-21,-50],[4,-18],[-18,-61],[-21,-35],[-5,-36],[26,-113],[14,-14],[2,-39],[17,-11],[-4,-39],[15,-15],[8,-88],[-27,-88],[-1,-27],[-25,-47],[-2,-32],[-34,-95],[-21,-26],[61,-13],[34,-22],[-37,-74],[-20,-105]],[[2630,6883],[-13,-15],[-40,-27],[-2,-26],[-37,-61],[-15,-48]],[[2523,6706],[-6,-7],[-32,103],[-32,39],[10,63],[17,13],[22,69],[14,-4],[-1,10],[25,60],[-48,-7],[-7,132]],[[2485,7177],[0,22],[-16,78],[0,46],[-32,55],[-3,71],[-10,43],[-5,62],[-20,37],[-1,64],[-27,103],[-12,25],[-25,86],[4,32],[-21,136],[29,74],[-6,68],[25,45],[-1,32],[-27,27],[-19,45],[14,7],[-16,17],[-20,-8],[4,-22],[-19,-70],[-28,34],[-60,1],[11,53],[3,37]],[[7094,2769],[36,0],[37,11],[74,-12],[168,3],[43,-37],[39,-7]],[[7491,2727],[12,-8],[1,-119]],[[7504,2600],[0,-186]],[[7504,2414],[1,-135]],[[7505,2279],[-30,18],[-10,78],[-30,79],[8,51],[-45,35],[16,-32],[-11,-13],[-37,66],[36,-113],[-73,28],[-17,36],[-3,46],[-18,26],[-72,-96],[-70,80],[-19,33],[-36,168]],[[4349,3841],[30,0],[30,31],[54,102],[11,13],[13,13],[-7,94],[3,63],[11,52],[21,27],[-2,70],[15,73],[0,71],[10,54],[24,65],[29,31],[25,71]],[[4817,4708],[-14,-78],[-21,-4],[7,-25],[5,-9],[-3,-7],[0,-13],[1,-8],[-6,-27],[0,-21],[-2,-5],[1,-94],[0,-33],[-5,-95],[-11,28],[-19,-91],[20,-86],[18,-50],[28,-43],[19,-73],[2,-109],[-6,-76],[-23,-81],[-13,-44],[-61,-86]],[[4734,3578],[-20,22],[7,52],[-4,43],[-45,39],[2,-21],[-27,-13],[-6,-18],[-37,-23],[-12,-39],[-28,-46],[-14,-8],[-32,-72],[-7,-48],[-19,-46],[-9,-78]],[[4483,3322],[-13,0],[-29,43],[-14,64],[-2,38],[-2,4]],[[4423,3471],[-5,27],[2,12],[-2,63],[-53,0],[2,10],[14,34],[12,33],[-38,4],[1,-37],[-11,0],[0,-27],[-58,2]],[[4287,3592],[-1,25],[6,63],[7,28],[20,33],[30,100]],[[4654,2837],[0,30],[15,69],[3,35],[34,69]],[[3321,3504],[166,8],[53,-4],[80,-42]],[[3567,3402],[-23,30],[-31,-7],[-24,9],[-51,-18],[15,-94],[-8,-47],[-26,-9],[-12,-23],[3,-38],[-30,-55],[-6,30],[-5,59]],[[3369,3239],[-7,33],[15,66]],[[3377,3338],[3,68],[-13,47],[-29,12],[-17,39]],[[7703,1407],[21,-30],[25,30]],[[7772,1422],[-6,-32],[-5,-32],[9,-11]],[[7770,1347],[-34,-47],[-44,-46],[-1,-1]],[[7691,1253],[-28,-5],[-26,42]],[[6762,2774],[15,-33],[104,-107],[18,-44],[27,26],[3,50],[28,25],[90,-1]],[[7047,2690],[-18,-61],[23,-28],[4,-37],[-17,-69],[10,-41],[46,-24],[15,-33],[-4,-63],[25,-22],[20,0],[7,-25]],[[7158,2287],[-16,4],[-12,-27],[-70,-89]],[[6998,1765],[-71,65],[-211,108]],[[6716,1938],[-157,80],[-37,30],[-132,147],[-82,112],[-82,135]],[[6226,2442],[-18,41],[45,8],[37,-37],[36,-4],[7,69],[-14,70],[36,22],[31,42],[35,28],[46,5],[46,31],[62,-6],[23,19],[65,7],[23,22],[29,9],[22,-10],[25,16]],[[4349,3841],[10,141],[10,24],[3,65],[-1,36],[-14,82],[0,126],[-15,56],[1,32]],[[4343,4403],[2,40],[54,110],[10,18],[17,23],[6,84],[-8,25],[5,15],[-2,51],[-12,38],[-10,8],[-18,0],[14,47],[-50,12],[-58,-67]],[[4293,4807],[-16,18],[-25,9]],[[4252,4834],[19,54],[98,98],[57,78],[52,92],[3,4],[8,10],[5,6],[11,8],[26,8],[34,16],[28,34]],[[7847,3180],[27,-88],[-7,-58],[-54,-161],[-3,10]],[[7810,2883],[-112,-12],[-58,-56],[-6,-4],[-24,-5]],[[7610,2806],[-83,-10],[-18,3]],[[7509,2799],[-30,14],[3,136],[-20,50],[-116,-20],[-20,83],[7,80],[16,95],[4,69],[0,167],[-9,38],[30,-43],[43,28],[4,16],[21,-4],[10,35],[10,-23],[45,-8],[33,-24],[107,-41],[68,-8],[54,40],[47,-53],[31,24],[20,-91],[40,-99],[-11,-28],[-31,-6],[-18,-46]],[[4900,3320],[-6,-52],[-2,-111]],[[4892,3157],[-23,-11],[-20,2]],[[4849,3148],[-21,5],[-72,-18],[-30,10]],[[4726,3145],[-6,86],[-12,20],[7,76],[-7,36],[19,122],[-3,66],[10,27]],[[7248,1843],[-27,-16],[16,-29],[0,-64]],[[7158,1586],[-21,36],[-68,73]],[[7069,1695],[20,62],[35,71],[12,10],[45,15],[42,39]],[[2501,5235],[27,-31],[-2,-28],[29,-64],[66,-61],[15,-44],[12,-40],[-7,-55],[23,-55],[-2,-26],[-37,-48],[18,-23]],[[2643,4760],[18,-41],[48,-42],[38,-24],[-3,-80],[12,-32],[41,-47],[28,-18],[19,-44],[21,-27],[-1,-65],[-12,-25],[25,-14],[12,-33],[6,-82],[16,-46]],[[2911,4140],[28,-28],[21,-50]],[[2960,4062],[-15,-32],[-62,-14],[-1,-23],[0,-29],[-9,-13],[0,-9],[8,-10],[7,-30],[-2,-9],[-25,-12],[-12,-13],[-23,-31],[-66,-1],[11,-39],[-29,-42],[-81,-51],[-13,-26],[-25,45],[8,24],[-14,31],[-6,52],[-20,9],[-44,73],[-20,57],[-33,33],[0,48],[-31,69],[2,19],[-32,61],[-17,-1],[-29,-41],[-18,13],[-27,76],[-33,27],[-59,-1],[0,79],[19,41],[9,51],[-43,85],[-4,56],[-10,21],[3,60],[39,119],[55,107],[74,59],[-4,61],[-26,55],[-1,25],[23,126],[-2,23],[18,17],[9,39],[16,-45],[31,-20],[24,13],[21,-9]],[[2170,6788],[11,-1],[16,-50],[39,-41],[17,-44],[83,-37],[-21,23]],[[2315,6638],[47,-18],[50,-105],[24,-37],[55,-58],[33,-62]],[[2524,6358],[1,-23],[58,-49],[1,-49],[61,-14],[10,-28],[6,-109],[18,5],[28,-58],[38,-11],[41,6]],[[2786,6028],[9,-24],[-29,-46],[5,-32],[31,-4],[13,46],[67,-24],[20,-67],[1,-87],[-19,-6],[-34,-64],[-27,-14],[-57,19],[-57,-12],[-46,-28],[-34,-38],[-19,14],[-33,-28],[-11,-33],[-31,-34],[-10,16],[-7,76],[10,20],[-14,87],[-47,8],[-48,20],[-21,33]],[[2398,5826],[-44,88],[-28,13],[-19,38],[-36,27],[-48,65],[-73,175],[-2,34],[-45,56],[-22,53],[-33,34],[-35,80],[-29,47],[-24,85],[-64,-11],[-18,31],[-60,8],[-15,29],[-28,9],[18,23],[56,-18],[-15,27],[27,-4],[7,24],[-8,31],[9,30],[22,-7],[10,22],[30,19],[14,-6],[-14,29],[-28,-3],[8,29],[-13,12],[53,-8],[29,-24],[24,-7],[32,22],[48,-13],[16,-27],[37,-33],[33,-17]],[[7491,1493],[61,-12],[12,35],[10,-18]],[[7574,1498],[38,-74]],[[7474,1479],[17,14]],[[7574,1498],[49,46]],[[7623,1544],[33,-66]],[[7632,1664],[19,16],[10,-2]],[[7661,1678],[87,-30]],[[7748,1648],[-10,-56]],[[7717,1553],[-16,-20]],[[7701,1533],[-58,101],[-11,30]],[[4024,2961],[-32,-17],[-14,-14]],[[3187,5434],[-14,-9],[-12,36],[-39,8],[28,-39],[7,-53],[-27,-24],[31,-35],[50,-1],[19,-54],[-49,-55],[-8,-68],[5,-31],[45,-47]],[[3223,5062],[17,-55],[31,-37],[-29,-36],[-6,-58],[14,-81],[-10,-7]],[[3240,4788],[-4,11],[-9,38],[4,118],[-38,35],[-22,42]],[[3096,5400],[4,10],[-11,35],[-45,12],[-18,62],[45,-34],[-2,62],[57,-12],[17,71]],[[7158,2287],[37,-22],[40,-47],[7,-52],[78,-82],[32,-12],[10,-3]],[[7362,2069],[-24,-30],[-10,-25]],[[7328,2014],[-32,29],[-15,14],[-39,32],[-11,-1],[-37,-13],[-16,-30],[-32,-2],[13,59],[-57,42]],[[3849,3700],[24,0],[34,47],[31,62],[11,10]],[[3949,3819],[42,-92],[29,-98]],[[3947,3176],[3,26],[-9,26],[-10,23],[-9,122],[-31,71],[0,2],[-39,107],[-3,147]],[[5032,6364],[69,-32],[106,-70],[29,-30],[27,29],[78,-46],[184,-183],[68,-3],[15,-43],[47,5],[40,-18],[25,-25],[19,3],[1,-27],[35,-5],[4,-31],[20,-3],[-5,-38],[49,-7],[34,66],[200,-128],[131,41],[-20,-108],[85,-4],[26,-17],[56,16],[36,-48],[38,11],[3,-66],[15,-2],[30,-8],[26,-22],[-1,-26],[60,-20],[29,-35],[9,-25],[33,-16],[69,-8],[5,-35],[19,-8],[52,-43],[26,-79],[-11,-52],[65,-68],[27,-103],[20,-32]],[[6905,5021],[-23,-14],[4,-22],[-31,-57],[-38,12],[-19,-17],[-26,33],[-39,10],[-24,-10],[-6,27],[-38,1],[-15,-21],[-32,3],[7,-39],[-69,43]],[[6556,4970],[21,0],[22,45],[24,-6],[-84,65],[-26,51],[-32,22],[-45,71],[-54,33],[-26,50],[-52,51],[-70,40],[-19,23],[-53,39],[-29,53],[-11,-11],[-44,18],[-37,60],[-25,-12],[-35,53],[-16,39],[-43,-17],[-16,16],[-8,52],[-50,-18],[-35,59],[-24,-25],[-33,9],[-33,24],[-9,29],[10,22],[-32,11],[-24,48],[-53,49],[-82,49],[-34,30],[-81,52],[-43,61],[-23,2],[-22,-17],[48,-65],[-36,-3],[-55,-43],[-15,-65],[-14,-18],[-26,2],[-25,-25],[68,-34],[55,12],[26,-15],[33,-63],[17,-1],[-45,-12],[-33,25],[-22,-11],[-17,21],[-46,-44],[-29,-14],[-16,27],[-34,-37],[-17,48],[-39,30],[15,63],[-23,-22],[-24,-68],[-36,-35],[-18,24]],[[5022,5767],[0,67],[36,54],[-14,46],[-18,11],[-14,54],[13,22],[52,10],[40,75],[5,62],[18,49],[-46,-16],[-56,29],[-19,21],[-2,39],[12,16],[3,58]],[[6556,4970],[-40,47],[-53,37],[5,-66],[-11,-7],[14,-57]],[[6471,4924],[-26,30],[-16,46],[-2,-8],[-8,6],[-7,-1],[-5,-6],[-5,-1],[-19,15],[-4,0],[-6,-9],[-21,-16],[1,61],[-35,3],[-11,28],[-39,-16],[-12,43],[-55,86],[-17,-8],[-42,24],[-51,-19],[2,-84],[-30,-15],[1,-35],[-33,-46],[0,-56],[-31,-26],[7,-56],[-3,-20],[-8,6],[10,-24],[-2,-15],[-8,6],[-20,-31],[-18,-2],[-10,19],[-16,-14],[-12,7],[-24,-17],[-10,9],[-12,-17],[-10,18],[-17,6],[-3,-77],[15,-23]],[[5103,4743],[18,162],[-6,32],[24,69],[10,45],[2,59],[-21,74],[-32,28],[-42,57],[-11,27],[-45,41],[-19,40],[-2,68],[-9,37],[29,41],[-12,70],[24,33],[15,98],[-4,43]],[[8013,2422],[89,-128],[7,-51],[39,-47],[-196,-313],[-26,-123],[5,-18],[-9,3]],[[7922,1745],[-16,49],[6,61],[-35,40],[-40,6],[-39,37]],[[7798,1938],[5,63],[12,34],[86,183],[112,204]],[[4305,2555],[31,15],[24,-34],[7,19]],[[4367,2555],[13,37],[16,17],[6,2],[73,-35]],[[4608,2592],[-34,-45],[-48,-19]],[[4526,2528],[-25,-44]],[[4501,2484],[-92,7],[-104,33]],[[7691,1253],[-19,-30],[-24,-22],[-43,-68],[-41,-129],[-49,-66],[-13,-74],[-58,-71],[-43,-32]],[[7401,761],[-22,229],[-36,106]],[[7656,1478],[45,55]],[[7504,2414],[261,-15]],[[7765,2399],[82,-6],[40,70],[74,82],[19,-74],[33,-49]],[[7547,1926],[-27,33],[-31,7],[-5,8],[1,10],[0,4],[-4,6],[-7,5],[-13,7],[-15,6],[-16,20]],[[7430,2032],[13,44],[54,164],[8,39]],[[7362,2069],[28,16],[40,-53]],[[7430,2032],[0,-1],[-5,-15],[-35,-79]],[[7290,1948],[21,21],[17,45]],[[4688,3152],[-76,14],[-37,13]],[[4575,3179],[17,107],[21,-14],[44,3],[26,-26],[11,-37],[-6,-60]],[[5591,3477],[6,-25],[-8,-73],[5,-62],[-11,-27],[-8,-56],[10,-27],[21,-101],[17,-43],[11,-52],[-3,-71],[8,-37]],[[5639,2903],[-28,-16],[-21,20],[-65,114],[-117,98],[-31,26]],[[5377,3145],[6,39],[-3,40],[14,48],[11,11],[54,5],[3,104],[39,13],[19,89],[71,-17]],[[1371,8372],[587,-1],[249,6]],[[2485,7177],[-23,-57],[8,-26],[-31,3],[-24,21],[10,-64],[-25,16],[-17,-12],[-13,30],[-66,-271],[31,-64],[-10,-89],[-10,-26]],[[2170,6788],[9,62],[-27,34],[-24,51],[-13,54],[1,60],[-15,54],[10,101],[-18,32],[5,78],[-24,33],[-20,48],[-33,8],[-50,55],[-2,27],[-24,7],[-33,29],[-31,59],[-18,64],[-41,32],[-66,32],[-35,51],[16,22],[-20,35],[-9,50],[-22,-7],[-12,72],[-46,54],[-25,10],[-32,40],[19,20],[-3,18],[-39,35],[-33,66],[-31,28],[-20,29],[-19,59],[-35,25],[-39,57]],[[4516,6719],[1,0],[12,12],[44,-34],[45,-12],[59,2],[30,-35],[15,-38],[90,-125],[96,-67],[32,-29],[92,-29]],[[4629,5321],[-30,89],[18,69],[-10,91],[43,97],[-20,58]],[[4630,5725],[-13,32],[8,43],[29,43],[-27,47],[-4,30],[13,73],[20,46],[-15,58],[9,48],[-12,31],[3,31],[38,39],[-9,76],[-22,29],[-65,111],[-41,61],[-12,20],[-4,81],[-14,68],[4,27]],[[3517,4795],[35,52],[-18,98],[15,149],[15,42]],[[3607,5432],[42,85],[60,122],[91,231],[-6,167],[-18,106],[3,23],[48,138],[40,61],[45,88],[0,13],[-28,112],[2,36]],[[3886,6614],[5,11],[55,-43],[-15,-43],[54,-20],[89,-77]],[[4074,6442],[2,-53],[-11,-27],[-15,-58],[10,-43],[-17,-106],[3,-49],[-15,-28],[5,-55],[-5,-70],[-12,-51],[1,-4],[1,-9],[1,-6],[-1,-8],[-1,-13],[37,-11],[76,-38],[60,0],[36,-19],[33,6],[11,67],[48,24],[8,45],[-4,34],[29,56],[3,11],[-20,115],[3,23],[32,-133],[9,-21],[-19,-30],[10,-34],[23,2],[7,-17],[19,2],[-10,-61],[11,-39],[29,-22],[-18,-12],[4,-42],[-16,-29],[5,-21],[-47,4],[-53,-37],[-5,-12],[-34,-13]],[[4287,5660],[-6,-8],[-34,-65]],[[4247,5587],[-26,-36],[-50,-21],[-35,38],[-6,-31],[-34,-5],[-34,41],[11,21],[-18,44],[-25,-17],[2,-36],[-37,43],[-36,-6],[-18,12],[-19,-13],[-11,32],[-15,-4],[-32,-30],[-24,-119],[-12,-35],[-30,-69],[-39,-18],[-28,-50],[-7,-147],[-37,-120],[14,-62],[-6,-71],[24,-82],[-27,-123]],[[3692,4723],[-45,-4],[-24,-22],[-43,-9],[-46,20],[-43,2]],[[3491,4710],[-3,0],[2,11],[27,74]],[[3817,6574],[59,-31],[-6,45],[16,26]],[[4188,3390],[50,3],[35,57],[11,38],[7,42],[-4,62]],[[4423,3471],[-2,4],[-2,-28],[14,-73],[1,-18],[10,-10],[15,-73],[11,-21],[-67,5],[-55,-10],[-74,3],[7,-67],[-14,-24]],[[4267,3159],[-103,6]],[[4164,3165],[-31,2]],[[2960,4062],[23,18],[22,-5],[117,32],[32,43],[27,-28],[16,32],[15,-4],[46,17],[52,-13],[19,-38],[15,-7],[-35,-54],[22,-2],[0,14],[28,32],[16,54],[23,-2],[5,16],[24,-10],[32,17],[-38,97],[-27,39],[-19,9],[-35,39],[-13,33],[-5,51]],[[3322,4442],[-6,27],[2,180]],[[3318,4649],[18,-14],[19,-10],[30,-17],[47,-53],[7,-21]],[[3439,4534],[32,-56],[40,25],[32,-10],[60,-67],[18,-15],[45,-15]],[[3666,4396],[23,-14],[50,-108]],[[3739,4274],[16,-104],[11,-44],[42,-162],[39,-198],[2,-13],[0,-53]],[[3321,3504],[-11,55],[-15,31],[-11,68],[10,54],[-12,62],[-19,34],[-97,111],[-57,49],[-84,64],[-50,1],[-15,29]],[[4343,4403],[-13,46],[1,36],[-2,47],[11,50],[6,24],[-5,17],[-7,58],[14,28],[-11,29],[-32,-64],[-6,-29],[-17,32],[-25,-16],[-35,46],[43,69],[28,31]],[[2524,6358],[5,-13],[70,-47],[20,10],[30,17]],[[2866,6200],[-1,-27],[-66,-28],[-40,-32],[-1,-33],[28,-52]],[[3369,3239],[8,-263],[66,-7],[-2,28],[44,7],[14,-19],[19,-33],[36,-39]],[[3601,2524],[-132,17]],[[3469,2541],[-45,6],[-106,13],[-146,1]],[[3172,2561],[-4,12],[26,46],[11,64],[45,62],[51,98],[17,55],[16,75],[-1,97],[28,44],[1,122],[-6,48],[21,54]],[[3972,4422],[54,-175]],[[4026,4247],[-10,-19],[-7,-33],[-12,-98],[-44,-82],[-3,-90],[-12,-72],[11,-34]],[[3739,4274],[2,6],[6,21],[5,11],[24,-47],[74,52],[-3,43],[44,-29],[46,67],[35,24]],[[5143,2958],[13,48],[6,11]],[[5162,3017],[59,11],[16,22],[7,6]],[[5244,3056],[117,-27]],[[5361,3029],[56,-16],[27,-17]],[[5444,2996],[-4,-101]],[[5528,2753],[-132,87],[-71,47],[-38,25],[-25,16],[-43,-1],[-11,0],[-73,-1]],[[6138,3341],[5,20],[51,70],[16,80],[16,44],[29,32],[46,4],[-22,-56],[-26,-135],[9,-62],[23,-50],[46,30],[30,7],[67,-40],[33,-34],[34,-63],[13,-38]],[[6508,3150],[-60,-5],[-99,-30],[-114,7],[-22,-5]],[[6213,3117],[14,112],[34,48],[-41,5],[-28,-34],[-18,52],[-32,35],[-4,6]],[[2630,6883],[30,17],[53,-7],[11,12],[26,-11],[12,21],[25,12],[33,-23],[56,12],[24,20],[-6,-40],[3,-79],[23,-69],[15,-99],[17,-74]],[[2643,6380],[-7,38],[-58,143],[-51,104],[-4,41]],[[4989,2887],[29,66],[56,65],[87,5],[21,29],[-20,-35]],[[2643,4760],[36,0],[44,23],[41,2],[15,17],[1,35],[28,-27],[28,-11],[21,-42],[47,13],[33,-23],[29,8],[22,24],[20,-7],[52,-51],[43,-84],[59,-31],[14,2],[37,28],[28,67],[-1,85]],[[3240,4788],[8,-12],[28,-24],[40,-93],[2,-10]],[[3322,4442],[-32,-4],[-9,-28],[-57,-48],[-26,-34],[-20,-76],[-53,-13],[-36,0],[-18,-17],[-37,27],[-22,-10],[-3,-33],[-20,-5],[-9,23],[-46,54],[16,-73],[-26,-9],[-13,-56]],[[4661,2415],[-23,-23],[-68,99],[-44,37]],[[5657,2700],[17,18]],[[5717,2767],[5,-19],[120,-202],[-34,-3],[17,-43],[-31,42],[-36,36],[11,25],[-16,23],[-13,-17],[-33,30],[8,27],[-16,10],[-12,-27],[-33,32],[3,19]],[[4122,3003],[42,162]],[[3978,2930],[23,-94],[-2,-14]],[[3899,2782],[-30,1]],[[4204,2815],[-1,-56]],[[4203,2759],[-26,12]],[[4177,2771],[-40,65],[-2,19]],[[3806,2731],[34,-15]],[[3840,2716],[-8,-128]],[[3832,2588],[-66,75]],[[3915,2708],[9,-42],[-24,43],[-60,7]],[[3658,2533],[60,37]],[[3718,2570],[2,-28]],[[3720,2542],[11,-115]],[[3655,2411],[-162,-27],[-22,4],[1,106],[-3,47]],[[3992,4445],[68,63],[29,42],[39,86],[48,148],[32,55],[26,32],[8,52],[-4,30],[4,81],[18,91],[-5,78],[10,12],[-14,67],[-39,60],[20,15],[5,59]],[[4237,5416],[19,29],[-18,26],[9,116]],[[4287,5660],[23,0],[29,20],[33,-28],[74,16],[8,12],[16,98],[24,18],[18,-13],[55,-16],[63,-42]],[[4252,4834],[-58,-181],[-48,-113],[-25,-57],[-8,-21],[-45,-167],[-8,-14],[-34,-34]],[[4789,2698],[91,14],[43,47],[17,45],[11,-7]],[[4965,2768],[-55,-76],[-120,-167]],[[4789,2592],[0,100],[0,6]],[[4659,2376],[-19,-1],[-109,107],[-30,2]],[[6566,1546],[-3,10],[124,-22],[57,-19],[42,29],[49,-35],[32,54],[-3,116],[-30,50],[6,50],[-28,-35],[-52,55],[-37,19],[3,65],[-22,26],[12,29]],[[7018,1745],[14,-14],[37,-36]],[[7266,1300],[5,-14],[21,-55],[15,-40]],[[7401,761],[-49,-11],[-46,7],[-31,33],[-18,14],[-5,4],[-8,2],[-12,-4],[-16,-12],[-12,-6],[-8,-11],[-3,-8],[-28,-54],[-45,-41],[-15,-26],[-16,-61],[-25,-58],[-23,-38],[-49,-62],[-12,-43],[9,-43],[28,-98],[4,-57],[-4,-30],[-12,-23],[-85,-88],[-34,-46],[-1,-1],[-233,659],[-156,400]],[[2398,5826],[2,-14],[-20,-54],[-18,-45],[12,-20],[15,28],[33,-10],[17,-190],[-22,-4],[38,-63],[19,-92],[27,-127]],[[3172,2561],[35,-37],[-17,-61],[70,-62],[-3,-48],[-6,-11]],[[3251,2342],[-2,3],[-107,-8],[-268,81],[-193,154],[-37,79],[-51,-40],[-115,79],[-18,72],[-56,93],[-176,42],[-21,93],[-105,166],[-84,17],[-10,50],[-86,101],[-101,70],[-12,30],[-15,38],[-4,12],[-14,35],[-20,21],[-54,58],[-54,58],[-6,6],[-9,10],[-69,51],[-50,37],[-59,140],[-80,42],[-4,62],[0,4],[-96,21],[-68,297],[-210,339],[-108,140],[-112,301],[-201,381],[-131,289],[-110,128],[6,11],[43,131],[-304,782],[-70,797],[-10,108],[395,-5],[268,72],[286,0],[69,4],[2,64],[-3,276],[3,66],[0,170],[227,5],[80,-6],[44,3]],[[5319,3817],[71,-34],[-13,-18],[-27,-23],[-29,-59],[-12,-65],[3,-37],[-19,-64],[0,-33],[-17,-25],[19,-19],[5,-33],[-30,30],[-24,-16],[-10,-79],[-46,-50],[5,-61],[-11,-52]],[[5184,3179],[-36,-25]],[[5045,3148],[-69,-12]],[[4976,3136],[-49,37],[-35,-16]],[[7394,1520],[73,-22]],[[7467,1498],[24,-5]],[[7462,1604],[0,-10],[14,-39],[-9,-57]],[[7047,2690],[10,2],[18,78],[19,-1]],[[3517,4795],[-1,16],[31,42],[-19,82],[-31,-35],[-55,25],[-41,0],[-2,-19],[-37,40],[-11,72],[-20,53],[-26,38],[-5,-20],[-67,80],[-11,-9]],[[3222,5160],[1,52],[36,45],[-9,67],[-46,31]],[[4726,3145],[0,0]],[[4849,3148],[1,-81],[4,-28],[0,-3]],[[4854,3036],[-58,-4]],[[4726,3039],[1,8],[-1,98]],[[4665,3062],[41,-17]],[[4654,2837],[-19,22],[-92,15]],[[4543,2874],[21,115]],[[5720,2768],[62,-113],[40,-57],[21,-14],[13,-54],[83,-142],[41,-65]],[[5980,2323],[56,-93],[73,-155],[-2,-83]],[[6107,1992],[-167,293],[-197,269],[-140,142]],[[5603,2696],[54,4]],[[6057,2788],[35,105],[26,33],[36,80],[18,61],[41,50]],[[6508,3150],[24,-2]],[[6532,3148],[54,-47],[47,-81],[38,-110],[30,-54],[61,-82]],[[6226,2442],[-49,82]],[[6033,2747],[14,19],[10,22]],[[5682,2941],[15,15],[82,-2]],[[5779,2954],[-6,-21],[23,-11],[34,34],[30,-19],[-14,-33],[27,-15],[33,-41],[25,-3],[25,25],[27,-1],[37,-32],[-23,-55],[18,-10],[42,16]],[[5701,2853],[-4,10],[-30,35]],[[5667,2898],[12,35],[3,8]],[[7504,2600],[130,1],[-1,200],[-11,-2],[-12,7]],[[7810,2883],[-14,-83],[-78,-131],[39,-87],[26,-26],[-22,-51],[-6,-41],[10,-65]],[[4703,2684],[53,9],[23,4],[10,1]],[[4055,2979],[9,6],[58,18]],[[4126,7168],[30,-17],[8,-25],[26,-27],[32,-12],[12,-22],[17,8],[29,-9],[15,-21],[17,-65],[29,-44],[50,-61],[35,-106],[8,-24],[26,-11],[27,24],[29,-37]],[[4074,6442],[-21,51],[-28,31],[1,21],[-34,36],[13,5],[-5,79],[12,3],[16,112],[28,49],[37,26],[16,72],[12,33],[23,5],[-39,66],[19,38],[0,31],[-23,40],[36,-17],[-29,30],[-10,24],[28,-9]],[[7748,1648],[73,-19],[-1,-25],[68,-47],[-69,-37]],[[7847,3180],[13,20]],[[7860,3200],[32,-14],[55,6],[25,27],[171,109],[11,-34],[33,-22],[50,-1],[7,-17],[-13,-40],[21,0],[59,-29],[3,-71],[76,0],[59,-25],[1,-55],[-19,-32],[6,-37],[-20,-46],[-10,-64],[4,-54],[65,-101],[76,-29],[15,11],[40,-9],[74,19],[47,-58],[29,2],[5,-25],[32,-16],[51,16],[19,-14],[11,-71],[15,-34],[-20,-92],[14,-38],[0,-38],[23,-2],[44,-28],[44,12],[15,-11],[4,-66],[20,-2],[-8,-43],[-17,-23],[14,-69],[57,-103],[42,-113],[64,-3],[-17,95],[36,35],[11,-5],[24,32],[71,5],[19,29],[59,-17],[28,-30],[-10,37],[239,-322],[228,2],[3,-159],[122,0],[-4,-436],[1,-25],[-62,41],[-40,7],[-80,-4],[-37,-14],[-133,-23],[-114,127],[-55,90],[-22,-7],[-67,64],[-43,7],[-50,-116],[-67,-191],[-64,-85],[-16,-15],[-22,6],[-6,51],[8,34],[-7,96],[-8,16],[-23,-10],[-24,-50],[-22,11],[-22,33],[-6,38],[21,98],[-1,27],[-22,60],[-19,24],[-36,22],[-45,8],[-80,-43],[-46,-72],[-39,-22],[-41,-63],[-57,-50],[-77,105],[-114,49],[-38,37],[-22,-12],[-44,-67],[-43,31],[-18,38],[80,58],[33,70],[0,41],[-20,26],[-37,-35],[-56,-69],[-43,4],[-34,-104],[-18,-35],[-22,-9],[-42,39],[-45,57],[-51,30],[-19,-9],[-19,-59],[-104,-66],[-65,3],[-44,16],[-17,-1]],[[7828,1510],[77,19],[27,25],[4,9],[10,31],[6,12],[-13,99],[-17,40]],[[6905,5021],[42,-23],[22,7],[38,-25],[10,-34],[68,-57],[31,18],[46,-16],[27,-31],[30,-8],[53,-82],[6,-31],[45,-22],[30,-27],[5,-37],[37,-15],[40,16],[42,-1],[50,-34],[-1,-24],[-20,-32],[13,-18],[43,-22],[42,47],[36,-28],[13,-56],[84,-189],[19,-69],[28,-25],[26,-79],[44,-70],[154,-102],[28,-47],[-35,5],[-5,-23],[-29,10],[5,43],[-78,-158],[114,-126],[17,51],[53,-72],[53,-32],[-148,-222],[18,-24],[-20,-75],[-21,-20],[-39,2],[-9,-40],[-52,-24]],[[7509,2799],[-5,-7],[-2,-33],[-11,-32]],[[7094,2769],[-28,66],[-24,96],[-23,44],[-17,115],[14,83]],[[7016,3173],[2,20],[39,187],[-41,-15],[-2,55],[-33,46],[-16,137],[-34,50],[-5,-22],[-30,-21],[-42,64],[-16,72],[-24,54],[-30,-13],[-38,8],[-17,21]],[[6729,3816],[52,-8],[-36,21],[-8,29],[-30,46],[-35,16],[-16,24],[8,22],[-22,56],[2,40],[-24,54],[-11,51],[9,36],[-114,76],[-37,34],[-34,60],[6,24],[-12,47],[18,8],[17,48],[7,69],[37,29],[28,71],[-11,47],[-12,9],[-10,51],[-18,2],[5,34],[-17,112]],[[5603,2696],[-20,21],[-3,1]],[[3971,2564],[-8,-49]],[[3839,2581],[-7,7]],[[4362,3006],[10,29]],[[4372,3035],[13,11],[17,13],[5,-52],[78,2],[64,16],[14,-2]],[[4543,2874],[-62,32]],[[4481,2906],[-57,48]],[[4424,2954],[-5,2],[-36,9],[-17,30],[-4,11]],[[3692,4723],[24,5],[15,-6],[59,-79],[16,-47],[4,-8]],[[3810,4588],[-6,-4],[-11,-12],[-5,-55],[-64,-27],[-15,68],[-18,21],[-40,-46],[5,-37],[5,-20],[11,-21],[-6,-59]],[[3439,4534],[2,35],[50,141]],[[6154,2305],[11,-156],[-29,-39],[-15,-53],[11,-68]],[[6119,1969],[-1,3],[-11,20]],[[5980,2323],[43,20],[63,-22]],[[4072,4864],[4,59],[19,59],[0,53],[-8,17],[33,134],[23,48],[15,57],[19,15],[4,62],[24,12],[-6,43],[27,8],[11,-15]],[[4641,2734],[7,-20],[-2,-26]],[[4516,2723],[27,151]],[[4359,2724],[22,8],[68,-1]],[[4449,2731],[39,-1],[28,-7]],[[4367,2555],[-18,16],[10,153]],[[3720,2542],[19,-14],[66,-7]],[[5779,2954],[18,19],[69,34],[22,18],[27,4],[36,21],[24,-4],[51,79],[22,41],[27,0],[40,49],[-5,44],[7,65],[-21,21]],[[6096,3345],[0,38],[13,-33],[29,-9]],[[5859,4695],[39,-5],[-2,-29],[19,-4],[-5,-41],[-21,-8],[8,-42],[-34,-21],[-20,36],[-22,-77],[5,-62],[-18,2],[-32,40],[-7,-41],[-41,-45],[12,-56],[-21,-43],[-9,-53],[47,6],[14,13],[-13,-69],[-37,-33],[31,-32],[-90,-65],[-12,-40],[12,-4],[-38,-73],[-11,-58],[-16,-93],[-3,-180],[-12,-35],[24,-71],[-15,-35]],[[5377,3145],[-90,39],[-14,16],[-5,6],[-11,6],[-73,-33]],[[3222,5160],[1,-98]],[[4237,2815],[-1,-43],[23,-3],[3,-62],[15,-13]],[[4206,2681],[-3,78]],[[4854,3036],[9,2]],[[4933,2826],[-144,0]],[[4976,3136],[-12,-82]],[[6812,3300],[10,-23],[41,-20],[29,-81],[40,-7],[65,10],[19,-6]],[[6532,3148],[53,-14],[11,54],[53,23],[13,-17],[95,48],[55,58]],[[4483,3322],[0,-6],[-3,-2],[-3,3],[-5,0],[3,-10],[1,-3],[17,-64],[-27,-79],[-6,-18]],[[4460,3143],[-4,1]],[[4456,3144],[-63,11],[-65,2]],[[5639,2903],[28,-5]],[[5637,2858],[-44,12],[-149,126]],[[5361,3029],[2,105],[14,11]],[[4460,3143],[24,-6],[15,-5]],[[4499,3132],[102,-43]],[[4372,3035],[11,15],[15,12],[21,13],[3,6],[5,9],[24,30],[5,24]],[[4726,3145],[-9,3],[-29,4]],[[4575,3179],[-62,-28],[-14,-19]],[[5682,2941],[-24,65],[42,93],[1,36],[45,52],[-2,28],[29,30],[-37,14],[-14,25],[-6,44],[-32,59],[4,30],[-27,71],[-7,51],[-21,10],[1,30],[32,29],[28,55],[-49,12],[21,122],[10,15],[21,-20],[-19,-40],[7,-21],[-17,-47],[58,40],[2,96],[21,30],[30,6],[16,-73],[32,-31],[5,-63],[36,-36],[16,-87],[-5,-109],[11,42],[8,-31],[21,28],[28,2],[1,-17],[26,17],[21,-35],[44,-10],[3,-21],[39,-42],[15,-45]],[[6729,3816],[-34,15],[-20,24],[-27,5],[-51,65],[-8,25],[-66,42],[-12,51],[-17,19],[0,29],[-16,-37],[-1,33],[-48,7],[1,-41],[14,-13],[-4,-31],[19,-19],[-19,-16],[-1,-30],[24,-28],[38,20],[32,-38],[-19,-21],[17,-43],[22,16],[13,-25],[-2,-41],[15,-40],[30,15],[24,-35],[33,1],[36,-27],[13,-25],[35,-8],[2,-25],[21,-25],[-4,-35],[41,-48],[-41,-77],[37,-54],[6,-101]],[[4964,3054],[60,7],[88,-1],[114,-1],[12,-2],[6,-1]],[[4279,2698],[21,32],[20,65],[22,32],[9,31],[6,6],[1,4],[2,10],[2,5],[7,39],[-7,84]],[[4424,2954],[-81,-237]],[[4343,2717],[-44,-17],[-10,-2]],[[7536,1690],[10,-19],[35,-51]],[[7581,1620],[42,-76]],[[4135,2683],[28,68],[14,20]],[[3958,7261],[-49,-17],[-47,32],[-42,-3],[-70,21],[-18,-21],[-24,60],[-31,3],[-29,48],[-17,77],[-19,44],[-13,-23],[-37,-18],[-3,-40],[-26,-8],[-16,-12],[-44,66],[-3,36],[6,16],[32,-42],[11,-46],[-4,63],[-29,58],[18,80],[-1,13],[-33,4],[-20,-16],[-29,-3],[-20,-33],[-11,63],[-31,-36],[-6,39],[11,15],[39,-1],[-43,50],[18,23],[8,66],[-11,15],[-60,-13],[-20,-15],[-7,26],[-44,-9],[18,-39],[-6,-72],[-19,55],[-37,63],[-9,-37],[-43,61],[-18,-26],[-31,38],[-18,-10],[-18,39],[-68,20],[-47,5],[53,50],[9,63],[-18,48],[0,34],[-46,69],[-15,24],[-26,-6],[-55,49],[-63,18],[-4,-7],[-25,4],[5,13],[-25,17],[-38,-26],[-110,-4],[-26,-26]],[[2244,8590],[10,73],[3,49],[-10,224],[-6,98],[5,965],[9,-16],[6,-42],[32,-53],[-8,-86],[-16,-29],[33,-23],[28,-68],[26,-47],[45,-23],[32,-39],[40,-48],[16,-58],[76,-81],[65,8],[31,-26],[21,-37],[50,-104],[47,-66],[35,-93],[66,-110],[16,-109],[2,-39],[67,-28],[80,-88],[10,-87],[39,-50],[74,-18],[51,20],[22,-6],[32,-66],[47,-30],[19,-38],[23,-13],[28,-60],[7,-42],[21,-42],[14,-5],[29,4],[36,53],[45,0],[23,-4],[15,-71],[87,-103],[47,-102],[45,-122],[76,-72],[60,-47],[-16,-37],[6,-34],[-15,-18],[9,-88],[35,-65],[6,-58],[33,-19],[-15,-46],[25,-6],[1,-28],[-27,-41],[28,-41],[-7,-51]],[[4290,3003],[54,10],[28,22]],[[3676,2280],[-40,-15],[-225,-23],[-33,12],[-69,24],[-34,12],[-24,52]],[[3766,2663],[-48,-93]],[[7633,1755],[6,-35],[24,-27],[-2,-15]],[[7632,1664],[-51,-44]],[[3958,7261],[46,-15],[18,14],[58,-38],[16,12],[26,-51],[4,-15]],[[4789,2746],[0,-48]],[[4140,2585],[-144,-24],[-29,-61]],[[7748,1648],[19,98]],[[4481,2906],[-32,-175]],[[4359,2724],[-16,-7]]],"transform":{"scale":[0.00007366016601660093,0.00004354502955099474],"translate":[-122.31768199999999,36.8506482495196]}}